url,status_code,error,source_files
http://172.22.18.103/rza_adventures/php/home.php,,<urlopen error timed out>,"C:\Users\meggletona\UTC Sheffield\Computing Staff - General\Archives\Archive June 2026\Teaching Resources\T-Levels\2025 - 2026 Year 2 (Production, Design and Development)\OSC - Past Papers\OSC2024\digital-production-design-development-distinction-summer-2024.pdf"
http://9to5google.files.wordpress.com/2013/03/happy-5th-birthday-youtube-501ecffedf.jpg,404,HTTP Error 404: Not Found,C:\Users\meggletona\UTC Sheffield\Computing Staff - General\Archives\Archive June 2026\Teaching Resources\Camb Tech Level 3\Unit 1\2023\Week14 - Redfields and Emergent Technology.pptx
http://accessh.org/wp-content/uploads/2015/10/Estonian-eGovernance-Case-Study.compressed.pdf,404,HTTP Error 404: Not Found,"C:\Users\meggletona\UTC Sheffield\Computing Staff - General\Archives\Archive June 2026\Teaching Resources\ALevel Computing\Comp1\Unit 9 Legal-moral-ethical-and-cultural-issues\Unit 9 Legal and cultural issues\T2 Ethical, moral and cultural issues\Unit 9 Worksheet 2 Answers.docx"
http://assets.inhabitat.com/wp-content/blogs.dir/1/files/2014/08/Turbo-roo1-537x432.jpg,,<urlopen error [Errno 11001] getaddrinfo failed>,C:\Users\meggletona\UTC Sheffield\Computing Staff - General\Archives\Archive June 2026\Teaching Resources\Y9 IT\2024 - 2025\Data and Excel skills (Prefect)\Week 1 - 3D printing in industry.pptx
http://bit.ly/ESAonFlickr&#xA;&#xA;We,400,HTTP Error 400: Bad Request,C:\Users\meggletona\UTC Sheffield\Computing Staff - General\Archives\Archive June 2026\Teaching Resources\Y9 IT\2024 - 2025\Astro Pi Challenge\AstroPi Challenge 2024-25.pptx
http://blackboardmktg.com/wp-content/uploads/2011/11/blackboard-backgrounds-wallpapers.jpeg,,<urlopen error [Errno 11001] getaddrinfo failed>,C:\Users\meggletona\UTC Sheffield\Computing Staff - General\Archives\Archive June 2026\Teaching Resources\ALevel Computing\Comp2\Year12\WK01_02 - A Level Comp 2 Problem solving and programming.pptx|C:\Users\meggletona\UTC Sheffield\Computing Staff - General\Archives\Archive June 2026\Teaching Resources\ALevel Computing\Comp2\Year12\WK02 - Sequence and Selection.pptx|C:\Users\meggletona\UTC Sheffield\Computing Staff - General\Archives\Archive June 2026\Teaching Resources\ALevel Computing\Comp2\Year12\WK03 - Sequence and Iteration.pptx|C:\Users\meggletona\UTC Sheffield\Computing Staff - General\Archives\Archive June 2026\Teaching Resources\ALevel Computing\Comp2\Year12\WK05 - Arrays and Functions TictacToe.pptx|C:\Users\meggletona\UTC Sheffield\Computing Staff - General\Archives\Archive June 2026\Teaching Resources\Y9 Computer Science\2024-2025\BBC BASIC\Getting started with BBC Basic\L3 - User input and calculations in BBC Basic (Mr Parr's file style).pptx|C:\Users\meggletona\UTC Sheffield\Computing Staff - General\Archives\Archive June 2026\Teaching Resources\Y9 Computer Science\2024-2025\BBC BASIC\Text-based adventure game\L2 - Iteration and game sounds.pptx
http://blog.digistor.com/pros-and-cons-of-data-storage-devices/,409,HTTP Error 409: Conflict,"C:\Users\meggletona\UTC Sheffield\Computing Staff - General\Archives\Archive June 2026\Teaching Resources\Camb Tech Level 3\Unit 7\WVR\Admin (Course Handbook, etc)\Delivery Guide - Data analysis and design.pdf"
http://content.digital.nhs.uk/ncmp,,<urlopen error [Errno 11001] getaddrinfo failed>,C:\Users\meggletona\UTC Sheffield\Computing Staff - General\Archives\Archive June 2026\Teaching Resources\CyberEPQ\Using Research.pptx
http://content.wortech.ac.uk/cyberepq/topic09/session02/story_html5.html,,<urlopen error [Errno 11001] getaddrinfo failed>,C:\Users\meggletona\UTC Sheffield\Computing Staff - General\Archives\Archive June 2026\Teaching Resources\CyberEPQ\CyberEPQ - W23 -  Essay Writing.pptx|C:\Users\meggletona\UTC Sheffield\Computing Staff - General\Archives\Archive June 2026\Teaching Resources\CyberEPQ\CyberEPQ - W25 -  Essay Writing .pptx
http://content.wortech.ac.uk/cyberepq/topic09/session03/story_html5.html,,<urlopen error [Errno 11001] getaddrinfo failed>,C:\Users\meggletona\UTC Sheffield\Computing Staff - General\Archives\Archive June 2026\Teaching Resources\CyberEPQ\CyberEPQ - W23 -  Essay Writing.pptx|C:\Users\meggletona\UTC Sheffield\Computing Staff - General\Archives\Archive June 2026\Teaching Resources\CyberEPQ\CyberEPQ - W25 -  Essay Writing .pptx
http://content.wortech.ac.uk/cyberepq/week03/session02/story_html5.html,,<urlopen error [Errno 11001] getaddrinfo failed>,C:\Users\meggletona\UTC Sheffield\Computing Staff - General\Archives\Archive June 2026\Teaching Resources\CyberEPQ\CyberEPQ - W11 -  Research & Planning.pptx|C:\Users\meggletona\UTC Sheffield\Computing Staff - General\Archives\Archive June 2026\Teaching Resources\CyberEPQ\CyberEPQ - W12 -  Research & Planning.pptx|C:\Users\meggletona\UTC Sheffield\Computing Staff - General\Archives\Archive June 2026\Teaching Resources\CyberEPQ\CyberEPQ - W21 - Mid Project Reviews.pptx|C:\Users\meggletona\UTC Sheffield\Computing Staff - General\Archives\Archive June 2026\Teaching Resources\CyberEPQ\CyberEPQ - W27 - Final Tweaks.pptx
http://cool-timer.en.uptodown.com,404,HTTP Error 404: Not Found,"C:\Users\meggletona\UTC Sheffield\Computing Staff - General\Archives\Archive June 2026\Teaching Resources\AAQ Application Development\F160 Fundamentals of application development\Topic area 2 - Software development models\The Tower Game\The Tower Game - Manual.pdf|C:\Users\meggletona\UTC Sheffield\Computing Staff - General\Archives\Archive June 2026\Teaching Resources\T-Levels\2025 - 2026 Year 1 (Software Development)\ESP\HCH - Task 1 (planning)\The Tower Game\The Tower Game - Manual.pdf|C:\Users\meggletona\UTC Sheffield\Computing Staff - General\Archives\Archive June 2026\Teaching Resources\T-Levels\Content bank\2024 - 2025 lessons and content (Production, Design and Development)\Unit 5 - Business context\5.1 The business environment\5.1.4 The Tower Game\The Tower Game - Manual.pdf"
http://cool-timer.en.uptodown.com/,404,HTTP Error 404: Not Found,"C:\Users\meggletona\UTC Sheffield\Computing Staff - General\Archives\Archive June 2026\Teaching Resources\AAQ Application Development\F160 Fundamentals of application development\Topic area 2 - Software development models\The Tower Game\The Tower Game - Presentation.pptx|C:\Users\meggletona\UTC Sheffield\Computing Staff - General\Archives\Archive June 2026\Teaching Resources\T-Levels\2025 - 2026 Year 1 (Software Development)\ESP\HCH - Task 1 (planning)\The Tower Game\The Tower Game - Presentation.pptx|C:\Users\meggletona\UTC Sheffield\Computing Staff - General\Archives\Archive June 2026\Teaching Resources\T-Levels\Content bank\2024 - 2025 lessons and content (Production, Design and Development)\Unit 5 - Business context\5.1 The business environment\5.1.4 The Tower Game\The Tower Game - Presentation.pptx"
http://customooxmlschemas.google.com/,,<urlopen error [Errno 11001] getaddrinfo failed>,C:\Users\meggletona\UTC Sheffield\Computing Staff - General\Archives\Archive June 2026\Teaching Resources\Y9 Computer Science\2024-2025\Python\Half term 1\L1 - An introduction to python.pptx|C:\Users\meggletona\UTC Sheffield\Computing Staff - General\Archives\Archive June 2026\Teaching Resources\Y9 Computer Science\2024-2025\Python\Half term 1\L2 - Python cheat sheet and variables.pptx
http://customschemas.google.com/relationships/presentationmetadata,,<urlopen error [Errno 11001] getaddrinfo failed>,C:\Users\meggletona\UTC Sheffield\Computing Staff - General\Archives\Archive June 2026\Teaching Resources\Y9 Computer Science\2024-2025\Python\Half term 1\L1 - An introduction to python.pptx|C:\Users\meggletona\UTC Sheffield\Computing Staff - General\Archives\Archive June 2026\Teaching Resources\Y9 Computer Science\2024-2025\Python\Half term 1\L2 - Python cheat sheet and variables.pptx
http://download.gameblog.fr/images/blogs/15324/41558.jpg,,<urlopen error [Errno 11001] getaddrinfo failed>,C:\Users\meggletona\UTC Sheffield\Computing Staff - General\Archives\Archive June 2026\Teaching Resources\Camb Tech Level 3\Unit 1\2023\Week07 - Protocols.pptx
http://drive.google.com/file/d/16REkyfkdxZNBgpSFlDktpeLzbzUJoFnU/view,401,HTTP Error 401: Unauthorized,C:\Users\meggletona\UTC Sheffield\Computing Staff - General\Archives\Archive June 2026\Teaching Resources\Y9 IT\2024 - 2025\Astro Pi Challenge\AstroPi Challenge 2024-25.pptx
http://eujournal.org/index.php/esj/article/viewFile/2939/2768,403,HTTP Error 403: Forbidden,"C:\Users\meggletona\UTC Sheffield\Computing Staff - General\Archives\Archive June 2026\Teaching Resources\ALevel Computing\Comp1\Unit 9 Legal-moral-ethical-and-cultural-issues\Unit 9 Legal and cultural issues\T2 Ethical, moral and cultural issues\Unit 9 Worksheet 2 Answers.docx"
http://fernfortuniversity.com/term-papers/swot/nyse/6900-tesco-plc.php,404,HTTP Error 404: Not Found,"C:\Users\meggletona\UTC Sheffield\Computing Staff - General\Archives\Archive June 2026\Teaching Resources\T-Levels\Content bank\2024 - 2025 lessons and content (Production, Design and Development)\Resources\data-intro-powerpoint.pptx"
http://fiberbit.com.tw/application-layer-in-osi-networking-model/,500,HTTP Error 500: Internal Server Error,"C:\Users\meggletona\UTC Sheffield\Computing Staff - General\Archives\Archive June 2026\Teaching Resources\T-Levels\Content bank\2024 - 2025 lessons and content (Production, Design and Development)\Resources\digital-environments-intro-powerpoint (1).pptx"
http://gamedevelopment.tutsplus,,<urlopen error [Errno 11001] getaddrinfo failed>,C:\Users\meggletona\UTC Sheffield\Computing Staff - General\Archives\Archive June 2026\Teaching Resources\Camb Tech Level 3\Unit 15 - Games Design and Prototyping\Sample Tasks from OCR.pdf
http://headofred.files.wordpress.com/2012/05/computer_connection_11_15_08_pc_pro_me.jpg,410,HTTP Error 410: Gone,C:\Users\meggletona\UTC Sheffield\Computing Staff - General\Archives\Archive June 2026\Teaching Resources\Camb Tech Level 3\Unit 1\2023\Week07 - Protocols.pptx
http://localhost/phpmyadmin/,,<urlopen error [WinError 10061] No connection could be made because the target machine actively refused it>,"C:\Users\meggletona\UTC Sheffield\Computing Staff - General\Archives\Archive June 2026\Teaching Resources\T-Levels\2025 - 2026 Year 2 (Production, Design and Development)\OSC - Past Papers\Leeds UTC example\McAllister Tom - LL-000018216 (Distinction)\Task 2\SUBMIT THIS WORK\Task2_Internet_Log_LL-000018216_McAllister_T.pdf|C:\Users\meggletona\UTC Sheffield\Computing Staff - General\Archives\Archive June 2026\Teaching Resources\T-Levels\2025 - 2026 Year 2 (Production, Design and Development)\OSC - Past Papers\Leeds UTC example\McAllister Tom - LL-000018216 (Distinction)\Task 2\Task2_Internet_Log_LL-000018216_McAllister_T.docx"
http://maps.googleapis.com/maps/,404,HTTP Error 404: Not Found,C:\Users\meggletona\UTC Sheffield\Computing Staff - General\Archives\Archive June 2026\Teaching Resources\ALevel Computing\Comp1\Unit 5 Networks and web technologies\Topic 7 Client-server and peer-to-peer\Networks T7 Client and Server Processing.pptx
http://news.sky.com/story/1412124/revealed-the-top-25-most-common-passwords,403,HTTP Error 403: Forbidden,C:\Users\meggletona\UTC Sheffield\Computing Staff - General\Archives\Archive June 2026\Teaching Resources\ALevel Computing\Comp1\Unit 10 Computational Thinking - MEG\Computational thinking Teaching Guide.docx|C:\Users\meggletona\UTC Sheffield\Computing Staff - General\Archives\Archive June 2026\Teaching Resources\ALevel Computing\Comp1\Unit 10 Computational Thinking\Computational thinking Teaching Guide.docx
http://novabackup.novastor.com/blog/seven-consequences-of-data-loss,,<urlopen error [SSL: CERTIFICATE_VERIFY_FAILED] certificate verify failed: certificate has expired (_ssl.c:1032)>,C:\Users\meggletona\UTC Sheffield\Computing Staff - General\Archives\Archive June 2026\Teaching Resources\ALevel Computing\Comp1\Unit 2 Systems software\Systems software T3 Nature of applications\Systems Software Worksheet 3 Answers.docx
http://online.ben.edu/blog/business/data-,404,HTTP Error 404: Not Found,"C:\Users\meggletona\UTC Sheffield\Computing Staff - General\Archives\Archive June 2026\Teaching Resources\Camb Tech Level 3\Unit 7\WVR\Admin (Course Handbook, etc)\Delivery Guide - Data analysis and design.pdf"
http://pathfinder.ara.com/industry-insights/perimeter-,409,HTTP Error 409: Conflict,"C:\Users\meggletona\UTC Sheffield\Computing Staff - General\Archives\Archive June 2026\Teaching Resources\T-Levels\Content bank\2024 - 2025 lessons and content (Production, Design and Development)\Resources\security-topic-lesson-plans.pdf"
http://pingmag.jp/images/article/storyboard05.jpg,404,HTTP Error 404: Not Found,C:\Users\meggletona\UTC Sheffield\Computing Staff - General\Archives\Archive June 2026\Teaching Resources\NCFE\Unit 1\LO1\7 - Creative Processes.pptx
http://practicalcryptography.com/ciphers/caesar-,404,HTTP Error 404: NOT FOUND,"C:\Users\meggletona\UTC Sheffield\Computing Staff - General\Archives\Archive June 2026\Teaching Resources\T-Levels\Content bank\2024 - 2025 lessons and content (Production, Design and Development)\Resources\problem-solving-topic-lesson-plans.pdf"
http://prtaylor.lmc.gatech.edu/reading/l1/files/2014/09/post-it-note.jpg,,<urlopen error [Errno 11001] getaddrinfo failed>,C:\Users\meggletona\UTC Sheffield\Computing Staff - General\Archives\Archive June 2026\Teaching Resources\CyberEPQ\Learning Aim C JPE.pptx
http://socialnetworking.procon.org/view.answers.php?questionID=001614,403,HTTP Error 403: Forbidden,"C:\Users\meggletona\UTC Sheffield\Computing Staff - General\Archives\Archive June 2026\Teaching Resources\ALevel Computing\Comp1\Unit 9 Legal-moral-ethical-and-cultural-issues\Unit 9 Legal and cultural issues\T2 Ethical, moral and cultural issues\Unit 9 Worksheet 2 Answers.docx"
http://socialnetworking.procon.org/view.source.php?sourceID=009454,403,HTTP Error 403: Forbidden,"C:\Users\meggletona\UTC Sheffield\Computing Staff - General\Archives\Archive June 2026\Teaching Resources\ALevel Computing\Comp1\Unit 9 Legal-moral-ethical-and-cultural-issues\Unit 9 Legal and cultural issues\T2 Ethical, moral and cultural issues\Unit 9 Worksheet 2 Answers.docx"
http://stakeholders.ofcom.org.uk/binaries/research/media-literacy/adults-literacy-2016/2016-Adults-media-use-and-attitudes.pdf,,<urlopen error [Errno 11001] getaddrinfo failed>,"C:\Users\meggletona\UTC Sheffield\Computing Staff - General\Archives\Archive June 2026\Teaching Resources\ALevel Computing\Comp1\Unit 9 Legal-moral-ethical-and-cultural-issues\Unit 9 Legal and cultural issues\T2 Ethical, moral and cultural issues\Unit 9 Worksheet 2 Answers.docx"
http://stakeholders.ofcom.org.uk/consultations/net-neutrality/statement/,,<urlopen error [Errno 11001] getaddrinfo failed>,C:\Users\meggletona\UTC Sheffield\Computing Staff - General\Archives\Archive June 2026\Teaching Resources\ALevel Computing\Comp1\Unit 9 Legal-moral-ethical-and-cultural-issues\Unit 9 Legal and cultural issues\T3 Privacy and censorship\Unit 9 Worksheet 3 Answers.docx
http://t1.gstatic.com/images?q=tbn:ANd9GcS_QTfIPm-hMD27obl6Sn6k9-NV2-05GMQKKfiqyuDI20u8elwN,404,HTTP Error 404: Not Found,C:\Users\meggletona\UTC Sheffield\Computing Staff - General\Archives\Archive June 2026\Teaching Resources\Camb Tech Level 3\Unit 1\2023\Week14 - Methods of Change Over.pptx
http://techblog.netflix.com/2016/02/recommending-for-world.html,403,HTTP Error 403: Forbidden,C:\Users\meggletona\UTC Sheffield\Computing Staff - General\Archives\Archive June 2026\Teaching Resources\ALevel Computing\Comp1\Unit 9 Legal-moral-ethical-and-cultural-issues\Unit 9 Legal and cultural issues\T3 Privacy and censorship\Unit 9 Worksheet 3 Answers.docx
http://the-cc.io/py-battle-1,404,HTTP Error 404: Not Found,C:\Users\meggletona\UTC Sheffield\Computing Staff - General\Archives\Archive June 2026\Teaching Resources\Y9 Computer Science\2024-2025\Python\Half term 3\Lists\A3 Worksheet - Dice battle.docx
http://theartmad.com/wp-content/uploads/2015/09/Clipart-Computer-1.png,,timed out,C:\Users\meggletona\UTC Sheffield\Computing Staff - General\Archives\Archive June 2026\Teaching Resources\CyberEPQ\Primary Research Methods.pptx|C:\Users\meggletona\UTC Sheffield\Computing Staff - General\Archives\Archive June 2026\Teaching Resources\CyberEPQ\Research Methods.pptx
http://theteacher.info/index.php/f453-advanced-theory/3-3-9-databases/notes/382-,,<urlopen error [Errno 11002] getaddrinfo failed>,"C:\Users\meggletona\UTC Sheffield\Computing Staff - General\Archives\Archive June 2026\Teaching Resources\Camb Tech Level 3\Unit 7\WVR\Admin (Course Handbook, etc)\Delivery Guide - Data analysis and design.pdf"
http://www,,<urlopen error [Errno 11001] getaddrinfo failed>,C:\Users\meggletona\UTC Sheffield\Computing Staff - General\Archives\Archive June 2026\Teaching Resources\ALevel Computing\Comp1\Unit 5 Networks and web technologies\Topic 4 HTML and CSS\HTML and CSS Quick reference guide.docx
http://www.actionfraud.police.uk/fraud-az-phishing,403,HTTP Error 403: Forbidden,C:\Users\meggletona\UTC Sheffield\Computing Staff - General\Archives\Archive June 2026\Teaching Resources\Camb Tech Level 3\Unit 3\OCR-cybersecurity delivery guide.pdf
http://www.adetiq.co.uk/the-importance-of-data-validation,404,HTTP Error 404: Not Found,C:\Users\meggletona\UTC Sheffield\Computing Staff - General\Archives\Archive June 2026\Teaching Resources\Camb Nat Level 2\2024 - 2025\R060\SOW-data-manipulation-using-spreadsheets.docx
http://www.alton-towers.com/,403,HTTP Error 403: Forbidden,C:\Users\meggletona\UTC Sheffield\Computing Staff - General\Archives\Archive June 2026\Teaching Resources\Y9 IT\Archive\Part 1 - HTML\Y9 Introduction to HTML.pptx
http://www.artec3d.com/case_studies/Identifying+footprints%3A+Forensics+of+21st+century_3363,404,HTTP Error 404: Not Found,C:\Users\meggletona\UTC Sheffield\Computing Staff - General\Archives\Archive June 2026\Teaching Resources\ALevel Computing\Comp1\Unit 10 Computational Thinking - MEG\Topic 1 Thinking abstractly\Computational thinking Homework 1 Answers.docx|C:\Users\meggletona\UTC Sheffield\Computing Staff - General\Archives\Archive June 2026\Teaching Resources\ALevel Computing\Comp1\Unit 10 Computational Thinking\Topic 1 Thinking abstractly\Computational thinking Homework 1 Answers.docx
http://www.atticlightstudios.com/images/betamax.gif,404,HTTP Error 404: Not Found,C:\Users\meggletona\UTC Sheffield\Computing Staff - General\Archives\Archive June 2026\Teaching Resources\Camb Tech Level 3\Unit 1\2023\Week07 - Protocols.pptx
http://www.bbc.co.uk/schools/gcsebitesize/dida/using_ict/presenting_informationrev4.shtml,404,HTTP Error 404: Not Found,C:\Users\meggletona\UTC Sheffield\Computing Staff - General\Archives\Archive June 2026\Teaching Resources\NCFE\Unit 4\Other Sample.pdf
http://www.bullying.co.uk/,521,HTTP Error 521: <none>,C:\Users\meggletona\UTC Sheffield\Computing Staff - General\Archives\Archive June 2026\Teaching Resources\Personal Development\Y9\6 - Cyber Bullying.pptx
http://www.cems.uwe.ac.uk/~tdrewry/images/dfdcont2.gif,500,HTTP Error 500: Internal Server Error,"C:\Users\meggletona\UTC Sheffield\Computing Staff - General\Archives\Archive June 2026\Teaching Resources\ALevel Computing\Project\A Level  CS IT Design - DFDs.pptx|C:\Users\meggletona\UTC Sheffield\Computing Staff - General\Archives\Archive June 2026\Teaching Resources\T-Levels\2025 - 2026 Year 2 (Production, Design and Development)\DPA\Part 4 OSC Practice\T2_WK08_DFDs.pptx"
http://www.cems.uwe.ac.uk/~tdrewry/images/dfdcred1.gif,500,HTTP Error 500: Internal Server Error,"C:\Users\meggletona\UTC Sheffield\Computing Staff - General\Archives\Archive June 2026\Teaching Resources\ALevel Computing\Project\A Level  CS IT Design - DFDs.pptx|C:\Users\meggletona\UTC Sheffield\Computing Staff - General\Archives\Archive June 2026\Teaching Resources\T-Levels\2025 - 2026 Year 2 (Production, Design and Development)\DPA\Part 4 OSC Practice\T2_WK08_DFDs.pptx"
http://www.cems.uwe.ac.uk/~tdrewry/images/dfdcred2.gif,500,HTTP Error 500: Internal Server Error,"C:\Users\meggletona\UTC Sheffield\Computing Staff - General\Archives\Archive June 2026\Teaching Resources\ALevel Computing\Project\A Level  CS IT Design - DFDs.pptx|C:\Users\meggletona\UTC Sheffield\Computing Staff - General\Archives\Archive June 2026\Teaching Resources\T-Levels\2025 - 2026 Year 2 (Production, Design and Development)\DPA\Part 4 OSC Practice\T2_WK08_DFDs.pptx"
http://www.cems.uwe.ac.uk/~tdrewry/images/dfdcred3.gif,500,HTTP Error 500: Internal Server Error,"C:\Users\meggletona\UTC Sheffield\Computing Staff - General\Archives\Archive June 2026\Teaching Resources\ALevel Computing\Project\A Level  CS IT Design - DFDs.pptx|C:\Users\meggletona\UTC Sheffield\Computing Staff - General\Archives\Archive June 2026\Teaching Resources\T-Levels\2025 - 2026 Year 2 (Production, Design and Development)\DPA\Part 4 OSC Practice\T2_WK08_DFDs.pptx"
http://www.cems.uwe.ac.uk/~tdrewry/images/dfdcred4.gif,500,HTTP Error 500: Internal Server Error,"C:\Users\meggletona\UTC Sheffield\Computing Staff - General\Archives\Archive June 2026\Teaching Resources\ALevel Computing\Project\A Level  CS IT Design - DFDs.pptx|C:\Users\meggletona\UTC Sheffield\Computing Staff - General\Archives\Archive June 2026\Teaching Resources\T-Levels\2025 - 2026 Year 2 (Production, Design and Development)\DPA\Part 4 OSC Practice\T2_WK08_DFDs.pptx"
http://www.cisco.com/web/about/ciscoitatwork/security/csirt_network-based_intrusion_prevention_,403,HTTP Error 403: Forbidden,C:\Users\meggletona\UTC Sheffield\Computing Staff - General\Archives\Archive June 2026\Teaching Resources\Camb Tech Level 3\Unit 3\OCR-cybersecurity delivery guide.pdf
http://www.cisco.com/web/about/security/,403,HTTP Error 403: Forbidden,C:\Users\meggletona\UTC Sheffield\Computing Staff - General\Archives\Archive June 2026\Teaching Resources\Camb Tech Level 3\Unit 3\OCR-cybersecurity delivery guide.pdf
http://www.clarke-inst.com/cm/data/clarke/images/upload_images/Type_480_Turnstile__Gate.jpeg,404,HTTP Error 404: Not Found,C:\Users\meggletona\UTC Sheffield\Computing Staff - General\Archives\Archive June 2026\Teaching Resources\Camb Tech Level 3\Unit 1\2023\Week14 - Redfields and Emergent Technology.pptx
http://www.cliparthut.com/clip-arts/1501/-clipart-illustration-of-two-black-silhouetted-male-heads-face-to-1501903.jpg,,Remote end closed connection without response,C:\Users\meggletona\UTC Sheffield\Computing Staff - General\Archives\Archive June 2026\Teaching Resources\CyberEPQ\Primary Research Methods.pptx|C:\Users\meggletona\UTC Sheffield\Computing Staff - General\Archives\Archive June 2026\Teaching Resources\CyberEPQ\Research Methods.pptx
http://www.coindesk.com/information/what-is-bitcoin/,403,HTTP Error 403: Forbidden,C:\Users\meggletona\UTC Sheffield\Computing Staff - General\Archives\Archive June 2026\Teaching Resources\ALevel Computing\Comp1\Unit 9 Legal-moral-ethical-and-cultural-issues\Unit 9 Legal and cultural issues\T1 Computing related legislation\Unit 9 Worksheet 1 Answers.docx|C:\Users\meggletona\UTC Sheffield\Computing Staff - General\Archives\Archive June 2026\Teaching Resources\ALevel Computing\Comp1\Unit 9 Legal-moral-ethical-and-cultural-issues\Unit 9 Legal and cultural issues\T1 Computing related legislation\Unit 9 Worksheet 1.docx
http://www.coindesk.com/information/who-is-satoshi-nakamoto/,403,HTTP Error 403: Forbidden,C:\Users\meggletona\UTC Sheffield\Computing Staff - General\Archives\Archive June 2026\Teaching Resources\ALevel Computing\Comp1\Unit 9 Legal-moral-ethical-and-cultural-issues\Unit 9 Legal and cultural issues\T1 Computing related legislation\Unit 9 Worksheet 1 Answers.docx
http://www.computerclipart.com/computer_clipart_images/postman_delivering_a_letter_0521-1008-0622-0653_SMU.jpg,503,HTTP Error 503: Service Temporarily Unavailable,C:\Users\meggletona\UTC Sheffield\Computing Staff - General\Archives\Archive June 2026\Teaching Resources\CyberEPQ\Primary Research Methods.pptx|C:\Users\meggletona\UTC Sheffield\Computing Staff - General\Archives\Archive June 2026\Teaching Resources\CyberEPQ\Research Methods.pptx
http://www.computerhistory.org/atchm/wp-content/uploads/2012/08/x665.86p-03-032.jpg,404,HTTP Error 404: Not Found,C:\Users\meggletona\UTC Sheffield\Computing Staff - General\Archives\Archive June 2026\Teaching Resources\Y9 Computer Science\2024-2025\BBC BASIC\Getting started with BBC Basic\L1 - HelloWorld and Shapes in BBC Basic.pptx
http://www.computermuseum.li/Testpage/Commodore64-Frontview.jpg,,<urlopen error timed out>,C:\Users\meggletona\UTC Sheffield\Computing Staff - General\Archives\Archive June 2026\Teaching Resources\Y9 Computer Science\2024-2025\BBC BASIC\Getting started with BBC Basic\L1 - HelloWorld and Shapes in BBC Basic.pptx|C:\Users\meggletona\UTC Sheffield\Computing Staff - General\Archives\Archive June 2026\Teaching Resources\Y9 Computer Science\2025-2026\BBC Basic & Coding\BBC Basic Skills\1 & 2) Shapes and Maths.pptx
http://www.computerweekly,,<urlopen error [Errno 11001] getaddrinfo failed>,C:\Users\meggletona\UTC Sheffield\Computing Staff - General\Archives\Archive June 2026\Teaching Resources\Camb Tech Level 3\Unit 3\OCR-cybersecurity delivery guide.pdf
http://www.computerweekly.com/news/4500245366/Ryanair-remains-tight-lipped-over-33m-hacker-,404,HTTP Error 404: Not Found,C:\Users\meggletona\UTC Sheffield\Computing Staff - General\Archives\Archive June 2026\Teaching Resources\Camb Tech Level 3\Unit 3\OCR-cybersecurity delivery guide.pdf
http://www.cpcmania.com/My-Games/covers/big/Gauntlet%20II.jpg,,<urlopen error [SSL: CERTIFICATE_VERIFY_FAILED] certificate verify failed: unable to get local issuer certificate (_ssl.c:1032)>,C:\Users\meggletona\UTC Sheffield\Computing Staff - General\Archives\Archive June 2026\Teaching Resources\Camb Tech Level 3\Unit 1\2023\Week07 - Protocols.pptx
http://www.cpni.gov.uk/advice/cyber/Patching/,403,HTTP Error 403: Forbidden,C:\Users\meggletona\UTC Sheffield\Computing Staff - General\Archives\Archive June 2026\Teaching Resources\Camb Tech Level 3\Unit 3\OCR-cybersecurity delivery guide.pdf
http://www.cpni.gov.uk/documents/publications/2013/2013053-spear-phishing-understanding-the-,403,HTTP Error 403: Forbidden,C:\Users\meggletona\UTC Sheffield\Computing Staff - General\Archives\Archive June 2026\Teaching Resources\Camb Tech Level 3\Unit 3\OCR-cybersecurity delivery guide.pdf
http://www.cps.gov.uk/legal/a_to_c/computer_misuse_act_1990/,404,HTTP Error 404: Not Found,C:\Users\meggletona\UTC Sheffield\Computing Staff - General\Archives\Archive June 2026\Teaching Resources\ALevel Computing\Comp1\Unit 9 Legal-moral-ethical-and-cultural-issues\Unit 9 Legal and cultural issues\Unit assessment\Unit 9 Assessment Answers.docx
http://www.cps.gov.uk/legal/a_to_c/computer_misuse_act_1990/#an06,404,HTTP Error 404: Not Found,C:\Users\meggletona\UTC Sheffield\Computing Staff - General\Archives\Archive June 2026\Teaching Resources\ALevel Computing\Comp1\Unit 9 Legal-moral-ethical-and-cultural-issues\Unit 9 Legal and cultural issues\Unit assessment\Unit 9 Assessment Answers.docx
http://www.cps.gov.uk/legal/h_to_k/intellectual_property_crime/,404,HTTP Error 404: Not Found,C:\Users\meggletona\UTC Sheffield\Computing Staff - General\Archives\Archive June 2026\Teaching Resources\ALevel Computing\Comp1\Unit 9 Legal-moral-ethical-and-cultural-issues\Unit 9 Legal and cultural issues\Unit assessment\Unit 9 Assessment Answers.docx
http://www.dailyclipart.net/wp-content/uploads/medium/clipart0135.jpg,,<urlopen error [WinError 10061] No connection could be made because the target machine actively refused it>,C:\Users\meggletona\UTC Sheffield\Computing Staff - General\Archives\Archive June 2026\Teaching Resources\CyberEPQ\Primary Research Methods.pptx|C:\Users\meggletona\UTC Sheffield\Computing Staff - General\Archives\Archive June 2026\Teaching Resources\CyberEPQ\Research Methods.pptx
http://www.ebuyer.com,,timed out,C:\Users\meggletona\UTC Sheffield\Computing Staff - General\Archives\Archive June 2026\Teaching Resources\AAQ Application Development\Application development - Docs and specs\F161 mandatory unit - Developing application software\Scheme of work Developing application software (F161).docx
http://www.ecouterre.com/wp-content/uploads/2010/05/iron-man-2-movie-1.jpg,403,HTTP Error 403: Forbidden,C:\Users\meggletona\UTC Sheffield\Computing Staff - General\Archives\Archive June 2026\Teaching Resources\Y9 IT\2024 - 2025\Data and Excel skills (Prefect)\Week 1 - 3D printing in industry.pptx
http://www.eetasoft.ee/casestud.htm,404,HTTP Error 404: Not Found,"C:\Users\meggletona\UTC Sheffield\Computing Staff - General\Archives\Archive June 2026\Teaching Resources\ALevel Computing\Project\A Level  CS IT Design - Normalisation.pptx|C:\Users\meggletona\UTC Sheffield\Computing Staff - General\Archives\Archive June 2026\Teaching Resources\T-Levels\2025 - 2026 Year 2 (Production, Design and Development)\DPA\Part 3 - ToDoList Web Project\T2_WK07_DATA_ER_and_Normalisation.pptx|C:\Users\meggletona\UTC Sheffield\Computing Staff - General\Archives\Archive June 2026\Teaching Resources\T-Levels\2025 - 2026 Year 2 (Production, Design and Development)\DPA\Part 4 OSC Practice\OSC_Data.pptx"
http://www.ejeg.com/search/index.html?name=keywords&amp;value=e-voting,404,HTTP Error 404: Not Found,"C:\Users\meggletona\UTC Sheffield\Computing Staff - General\Archives\Archive June 2026\Teaching Resources\ALevel Computing\Comp1\Unit 9 Legal-moral-ethical-and-cultural-issues\Unit 9 Legal and cultural issues\T2 Ethical, moral and cultural issues\Unit 9 Worksheet 2 Answers.docx"
http://www.facebook.com/u/sebasvandenbrink&#xA;▶,404,HTTP Error 404: Not Found,C:\Users\meggletona\UTC Sheffield\Computing Staff - General\Archives\Archive June 2026\Teaching Resources\Y10 GCSE Computer Science\Paper 1\1.2 - Storage and Data Rep - to update\3) 1.2.2 - Secondary Storage\1.2.2 - Secondary Storage.pptx|C:\Users\meggletona\UTC Sheffield\Computing Staff - General\Archives\Archive June 2026\Teaching Resources\Y11 GCSE Computer Science\Paper 1\1.2 - Storage and Data Rep\3) 1.2.2 - Secondary Storage\1.2.2 - Secondary Storage.pptx
http://www.forensicmag.com/articles/2009/12/primer-3d-scanning-forensics-part-1,404,HTTP Error 404: Not Found,C:\Users\meggletona\UTC Sheffield\Computing Staff - General\Archives\Archive June 2026\Teaching Resources\ALevel Computing\Comp1\Unit 10 Computational Thinking - MEG\Topic 1 Thinking abstractly\Computational thinking Homework 1 Answers.docx|C:\Users\meggletona\UTC Sheffield\Computing Staff - General\Archives\Archive June 2026\Teaching Resources\ALevel Computing\Comp1\Unit 10 Computational Thinking\Topic 1 Thinking abstractly\Computational thinking Homework 1 Answers.docx
http://www.freedom.charity,,<urlopen error [Errno 11001] getaddrinfo failed>,C:\Users\meggletona\UTC Sheffield\Computing Staff - General\Archives\Archive June 2026\Teaching Resources\Camb Tech Level 3\Unit 13 - Social Media and Digital Marketing\Unit 13 LO3 Assignment Brief - 2021.docx
http://www.huffingtonpost.co.uk/david-emm/security-risks-facing-financial-,404,HTTP Error 404: Not Found,C:\Users\meggletona\UTC Sheffield\Computing Staff - General\Archives\Archive June 2026\Teaching Resources\Camb Tech Level 3\Unit 3\OCR-cybersecurity delivery guide.pdf
http://www.ibtimes.co.uk/samsung-smart-tvs-pose-major-security-risk-government-healthcare-,404,HTTP Error 404: Not Found,C:\Users\meggletona\UTC Sheffield\Computing Staff - General\Archives\Archive June 2026\Teaching Resources\Camb Tech Level 3\Unit 3\OCR-cybersecurity delivery guide.pdf
http://www.ict4u.net/databases/database-images/cardindex.jpg,,<urlopen error [Errno 11001] getaddrinfo failed>,"C:\Users\meggletona\UTC Sheffield\Computing Staff - General\Archives\Archive June 2026\Teaching Resources\T-Levels\2025 - 2026 Year 1 (Software Development)\DPA - units 1 and 2\Half Term 1\W01a_Programming_Sequence_Datatypes.pptx|C:\Users\meggletona\UTC Sheffield\Computing Staff - General\Archives\Archive June 2026\Teaching Resources\T-Levels\Content bank\2024 - 2025 lessons and content (Production, Design and Development)\Unit 1, 2 Problem Solving and Programming\2024\W01a_Programming_Sequence_Datatypes.pptx|C:\Users\meggletona\UTC Sheffield\Computing Staff - General\Archives\Archive June 2026\Teaching Resources\T-Levels\Content bank\2024 - 2025 lessons and content (Production, Design and Development)\Unit 1, 2 Problem Solving and Programming\W01a_Programming_Sequence_Datatypes.pptx"
http://www.imdb.com&quot;&gt;imdb.com&lt;a&gt;&lt;/p&gt,,<urlopen error [Errno 11001] getaddrinfo failed>,C:\Users\meggletona\UTC Sheffield\Computing Staff - General\Archives\Archive June 2026\Teaching Resources\Y9 Computer Science\2024-2025\Web development\Potential resources\L7 - Final project\L7 - Final project\L7 Slides – Final project – KS4.pptx
http://www.infogineering.net/data-information-knowledge.htm,404,HTTP Error 404: Not Found,"C:\Users\meggletona\UTC Sheffield\Computing Staff - General\Archives\Archive June 2026\Teaching Resources\T-Levels\Content bank\2024 - 2025 lessons and content (Production, Design and Development)\Resources\data-ind-resource-links.pdf"
http://www.instagram.com/sebvandenbrink&#xA;&#xA;Sources:&#xA;https://en.wikipedia.org/wiki/Optical_disc&#xA;http://electronics.howstuffworks.com/blu-ray1.htm&#xA;http://www.explainthatstuff.com/cdplayers.html,404,HTTP Error 404: Not Found,C:\Users\meggletona\UTC Sheffield\Computing Staff - General\Archives\Archive June 2026\Teaching Resources\Y10 GCSE Computer Science\Paper 1\1.2 - Storage and Data Rep - to update\3) 1.2.2 - Secondary Storage\1.2.2 - Secondary Storage.pptx|C:\Users\meggletona\UTC Sheffield\Computing Staff - General\Archives\Archive June 2026\Teaching Resources\Y11 GCSE Computer Science\Paper 1\1.2 - Storage and Data Rep\3) 1.2.2 - Secondary Storage\1.2.2 - Secondary Storage.pptx
http://www.interpol.int/Crime-areas/Cybercrime/Advice/Heartbleed-bug,,The read operation timed out,C:\Users\meggletona\UTC Sheffield\Computing Staff - General\Archives\Archive June 2026\Teaching Resources\Camb Tech Level 3\Unit 3\OCR-cybersecurity delivery guide.pdf
http://www.jneb.org/article/S1499-4046(11)00648-8/abstract,403,HTTP Error 403: Forbidden,C:\Users\meggletona\UTC Sheffield\Computing Staff - General\Archives\Archive June 2026\Teaching Resources\CyberEPQ\Learning Aim C JPE.pptx
http://www.keil.com/support/man/docs/is51/is51_opcodes.htm,,<urlopen error [SSL: CERTIFICATE_VERIFY_FAILED] certificate verify failed: unable to get local issuer certificate (_ssl.c:1032)>,C:\Users\meggletona\UTC Sheffield\Computing Staff - General\Archives\Archive June 2026\Teaching Resources\ALevel Computing\Comp2\2024\WK07 - Fundamentals of Programming 07 Language Generations.pptx|C:\Users\meggletona\UTC Sheffield\Computing Staff - General\Archives\Archive June 2026\Teaching Resources\ALevel Computing\Comp2\Year12\WK10 - Fundamentals of Programming 07 Language Generations.pptx
http://www.knowcomputing.com/output-devices/,404,HTTP Error 404: Not Found,"C:\Users\meggletona\UTC Sheffield\Computing Staff - General\Archives\Archive June 2026\Teaching Resources\T-Levels\Content bank\2024 - 2025 lessons and content (Production, Design and Development)\Resources\digital-environments-intro-powerpoint (1).pptx"
http://www.legislation.gov.uk/ukpga/2010/15/content,404,HTTP Error 404: Not Found,"C:\Users\meggletona\UTC Sheffield\Computing Staff - General\Archives\Archive June 2026\Teaching Resources\T-Levels\Content bank\2024 - 2025 lessons and content (Production, Design and Development)\Resources\leg-and-reg-requirements-topic-lesson-plans.pdf"
http://www.lorinwiener.com/images/pythagorean_theorem.jpg,404,HTTP Error 404: Not Found,C:\Users\meggletona\UTC Sheffield\Computing Staff - General\Archives\Archive June 2026\Teaching Resources\ALevel Computing\Comp2\Year12\WK01_02 - A Level Comp 2 Problem solving and programming.pptx
http://www.losandes.com.ar/fotografias/fotosnoticias/2011/9/2/int-408355.jpg,404,HTTP Error 404: Not Found,"C:\Users\meggletona\UTC Sheffield\Computing Staff - General\Archives\Archive June 2026\Teaching Resources\AAQ Application Development\F160 Fundamentals of application development\Topic area 2 - Software development models\The Tower Game\The Tower Game - Presentation.pptx|C:\Users\meggletona\UTC Sheffield\Computing Staff - General\Archives\Archive June 2026\Teaching Resources\T-Levels\2025 - 2026 Year 1 (Software Development)\ESP\HCH - Task 1 (planning)\The Tower Game\The Tower Game - Presentation.pptx|C:\Users\meggletona\UTC Sheffield\Computing Staff - General\Archives\Archive June 2026\Teaching Resources\T-Levels\Content bank\2024 - 2025 lessons and content (Production, Design and Development)\Unit 5 - Business context\5.1 The business environment\5.1.4 The Tower Game\The Tower Game - Presentation.pptx"
http://www.marcoullis.com/KNOWLEDGE/SYSTEMS/images/marcoullisp_systems_dfd_context.gif,,<urlopen error [Errno 11001] getaddrinfo failed>,C:\Users\meggletona\UTC Sheffield\Computing Staff - General\Archives\Archive June 2026\Teaching Resources\Camb Tech Level 3\Unit 7\TES\7.2---Be-able-to-Investigate-Client-Requirements-for-Data-Analysis.pptx|C:\Users\meggletona\UTC Sheffield\Computing Staff - General\Archives\Archive June 2026\Teaching Resources\Camb Tech Level 3\Unit 7\WVR\Resources (by Learning Outcome)\LO2\7.2---Be-able-to-Investigate-Client-Requirements-for-Data-Analysis.pptx
http://www.mcafee.com/us/resources/reports/rp-economic-impact-cybercrime2.pdf,403,HTTP Error 403: Forbidden,C:\Users\meggletona\UTC Sheffield\Computing Staff - General\Archives\Archive June 2026\Teaching Resources\Camb Tech Level 3\Unit 3\OCR-cybersecurity delivery guide.pdf
http://www.measurement-testing.com/images/Fig-1-9d-e.jpg,,<urlopen error [Errno 11001] getaddrinfo failed>,C:\Users\meggletona\UTC Sheffield\Computing Staff - General\Archives\Archive June 2026\Teaching Resources\ALevel Computing\Comp1\Unit 6 Data types\Unit 6 Data types\T2 ASCII and Unicode\Data types Homework 2 Answers.docx|C:\Users\meggletona\UTC Sheffield\Computing Staff - General\Archives\Archive June 2026\Teaching Resources\ALevel Computing\Comp1\Unit 6 Data types\Unit 6 Data types\T2 ASCII and Unicode\Data types Homework 2.docx
http://www.microchip.com/_images/ics/medium-PIC12F629-PDIP-8.png,403,HTTP Error 403: Forbidden,C:\Users\meggletona\UTC Sheffield\Computing Staff - General\Archives\Archive June 2026\Teaching Resources\ALevel Computing\Comp2\2024\WK04 - Language Characteristics.pptx|C:\Users\meggletona\UTC Sheffield\Computing Staff - General\Archives\Archive June 2026\Teaching Resources\ALevel Computing\Comp2\2024\WK07 - Fundamentals of Programming 07 Language Generations.pptx|C:\Users\meggletona\UTC Sheffield\Computing Staff - General\Archives\Archive June 2026\Teaching Resources\ALevel Computing\Comp2\2024\WK11 - Language Characteristics.pptx|C:\Users\meggletona\UTC Sheffield\Computing Staff - General\Archives\Archive June 2026\Teaching Resources\ALevel Computing\Comp2\Year12\WK10 - Fundamentals of Programming 07 Language Generations.pptx|C:\Users\meggletona\UTC Sheffield\Computing Staff - General\Archives\Archive June 2026\Teaching Resources\ALevel Computing\Comp2\Year12\WK11 - Language Characteristics.pptx
http://www.microsoft.com/security/portal/threat/threats.aspx,403,HTTP Error 403: Forbidden,C:\Users\meggletona\UTC Sheffield\Computing Staff - General\Archives\Archive June 2026\Teaching Resources\Camb Tech Level 3\Unit 3\OCR-cybersecurity delivery guide.pdf
http://www.mrao.cam.ac.uk/~steve/astrophysics/webpages/barometer_story.htm,404,HTTP Error 404: Not Found,C:\Users\meggletona\UTC Sheffield\Computing Staff - General\Archives\Archive June 2026\Teaching Resources\ALevel Computing\Comp1\Unit 10 Computational Thinking - MEG\Computational thinking Teaching Guide.docx|C:\Users\meggletona\UTC Sheffield\Computing Staff - General\Archives\Archive June 2026\Teaching Resources\ALevel Computing\Comp1\Unit 10 Computational Thinking - MEG\Topic 6 Problem solving\Computational thinking Worksheet 6 Answers.docx|C:\Users\meggletona\UTC Sheffield\Computing Staff - General\Archives\Archive June 2026\Teaching Resources\ALevel Computing\Comp1\Unit 10 Computational Thinking - MEG\Topic 6 Problem solving\Computational thinking Worksheet 6 Problem solving.docx|C:\Users\meggletona\UTC Sheffield\Computing Staff - General\Archives\Archive June 2026\Teaching Resources\ALevel Computing\Comp1\Unit 10 Computational Thinking\Computational thinking Teaching Guide.docx|C:\Users\meggletona\UTC Sheffield\Computing Staff - General\Archives\Archive June 2026\Teaching Resources\ALevel Computing\Comp1\Unit 10 Computational Thinking\Topic 6 Problem solving\Computational thinking Worksheet 6 Answers.docx|C:\Users\meggletona\UTC Sheffield\Computing Staff - General\Archives\Archive June 2026\Teaching Resources\ALevel Computing\Comp1\Unit 10 Computational Thinking\Topic 6 Problem solving\Computational thinking Worksheet 6 Problem solving.docx
http://www.nfer.ac.uk/schools/developing-young-researchers/how-to-present-your-,404,HTTP Error 404: Not Found,"C:\Users\meggletona\UTC Sheffield\Computing Staff - General\Archives\Archive June 2026\Teaching Resources\Camb Tech Level 3\Unit 7\WVR\Admin (Course Handbook, etc)\Delivery Guide - Data analysis and design.pdf"
http://www.nhs.uk/news/2007/September/Pages/HPVinfection.aspx,410,HTTP Error 410: Gone,C:\Users\meggletona\UTC Sheffield\Computing Staff - General\Archives\Archive June 2026\Teaching Resources\CyberEPQ\Learning Aim C JPE.pptx
http://www.nytimes.com/2016/08/19/business/media/gawkercom-to-shut-down-next-week.html,403,HTTP Error 403: Forbidden,C:\Users\meggletona\UTC Sheffield\Computing Staff - General\Archives\Archive June 2026\Teaching Resources\ALevel Computing\Comp1\Unit 9 Legal-moral-ethical-and-cultural-issues\Unit 9 Legal and cultural issues\T3 Privacy and censorship\Unit 9 Worksheet 3 Answers.docx
http://www.ocr.org.uk/Images/253711-computational-methods-topic-exploration-pack-teacher-pack.pdf,404,HTTP Error 404: Not Found,"C:\Users\meggletona\UTC Sheffield\Computing Staff - General\Archives\Archive June 2026\Teaching Resources\T-Levels\Content bank\2024 - 2025 lessons and content (Production, Design and Development)\Resources\t-level-digital-core-sow.docx"
http://www.odeon.co.uk/films/black_panther/17642/,302,"HTTP Error 302: The HTTP server returned a redirect error that would lead to an infinite loop.
The last 30x error message was:
Found",C:\Users\meggletona\UTC Sheffield\Computing Staff - General\Archives\Archive June 2026\Teaching Resources\NCFE\Unit 4\Other Sample.pdf
http://www.open.edu/openlearn/science-maths-technology/computing-and-ict/computing/the-jewels-heuro,403,HTTP Error 403: Forbidden,C:\Users\meggletona\UTC Sheffield\Computing Staff - General\Archives\Archive June 2026\Teaching Resources\ALevel Computing\Comp1\Unit 10 Computational Thinking - MEG\Computational thinking Teaching Guide.docx|C:\Users\meggletona\UTC Sheffield\Computing Staff - General\Archives\Archive June 2026\Teaching Resources\ALevel Computing\Comp1\Unit 10 Computational Thinking - MEG\Topic 6 Problem solving\Computational thinking Worksheet 6 Answers.docx|C:\Users\meggletona\UTC Sheffield\Computing Staff - General\Archives\Archive June 2026\Teaching Resources\ALevel Computing\Comp1\Unit 10 Computational Thinking - MEG\Topic 6 Problem solving\Computational thinking Worksheet 6 Problem solving.docx|C:\Users\meggletona\UTC Sheffield\Computing Staff - General\Archives\Archive June 2026\Teaching Resources\ALevel Computing\Comp1\Unit 10 Computational Thinking\Computational thinking Teaching Guide.docx|C:\Users\meggletona\UTC Sheffield\Computing Staff - General\Archives\Archive June 2026\Teaching Resources\ALevel Computing\Comp1\Unit 10 Computational Thinking\Topic 6 Problem solving\Computational thinking Worksheet 6 Answers.docx|C:\Users\meggletona\UTC Sheffield\Computing Staff - General\Archives\Archive June 2026\Teaching Resources\ALevel Computing\Comp1\Unit 10 Computational Thinking\Topic 6 Problem solving\Computational thinking Worksheet 6 Problem solving.docx
http://www.optimisedit.com/wp-content/uploads/harddisk.jpg,404,HTTP Error 404: Not Found,"C:\Users\meggletona\UTC Sheffield\Computing Staff - General\Archives\Archive June 2026\Teaching Resources\T-Levels\Content bank\2024 - 2025 lessons and content (Production, Design and Development)\Unit 7  - Digital Environments\Section 1- Physical components\7.1.2 Hardware in computer systems_L3.pptx|C:\Users\meggletona\UTC Sheffield\Computing Staff - General\Archives\Archive June 2026\Teaching Resources\Y10 GCSE Computer Science\Paper 1\1.2 - Storage and Data Rep - to update\STO\1.2.1 - Primary Storage.pptx|C:\Users\meggletona\UTC Sheffield\Computing Staff - General\Archives\Archive June 2026\Teaching Resources\Y11 GCSE Computer Science\Content bank\STO\Paper 1\1.2 - Memory and Storage\1.2.1 - Primary Storage.pptx"
http://www.pcjs.org/http:/www.pcjs.org/,404,HTTP Error 404: Not Found,C:\Users\meggletona\UTC Sheffield\Computing Staff - General\Archives\Archive June 2026\Teaching Resources\AAQ Application Development\Application development - Docs and specs\F160 mandatory unit - Fundamentals of applications development\Scheme of work Fundamentals of application development (F160).docx|C:\Users\meggletona\UTC Sheffield\Computing Staff - General\Archives\Archive June 2026\Teaching Resources\AAQ Application Development\F160 Fundamentals of application development\Scheme of work Fundamentals of application development (F160).docx
http://www.popsci.com/sites/popsci.com/files/styles/large_1x_/public/new-google-logo.jpg?itok=ZdIobGek,404,HTTP Error 404: Not Found,C:\Users\meggletona\UTC Sheffield\Computing Staff - General\Archives\Archive June 2026\Teaching Resources\ALevel Computing\Comp1\Unit 5 Networks and web technologies\Topic 6 Search engine indexing\Networks T6 Search Engine Indexing.pptx
http://www.rm.com/support/ca,404,HTTP Error 404: ,C:\Users\meggletona\UTC Sheffield\Computing Staff - General\Archives\Archive June 2026\Teaching Resources\Camb Nat Level 2\STO Resources\Past Papers\Mark scheme January 2024 (R05001).pdf|C:\Users\meggletona\UTC Sheffield\Computing Staff - General\Archives\Archive June 2026\Teaching Resources\Y11 GCSE Computer Science\Content bank\STO\Assessment Materials\Past Papers\2022\J277-01_MS_Jun22.pdf|C:\Users\meggletona\UTC Sheffield\Computing Staff - General\Archives\Archive June 2026\Teaching Resources\Y11 GCSE Computer Science\Content bank\STO\Assessment Materials\Past Papers\2022\J277-02_MS_Jun22.pdf|C:\Users\meggletona\UTC Sheffield\Computing Staff - General\Archives\Archive June 2026\Teaching Resources\Y11 GCSE Computer Science\Content bank\STO\Assessment Materials\Past Papers\2022\Mark Scheme May 2022 (J27701).pdf|C:\Users\meggletona\UTC Sheffield\Computing Staff - General\Archives\Archive June 2026\Teaching Resources\Y11 GCSE Computer Science\Content bank\STO\Assessment Materials\Past Papers\2022\Mark Scheme May 2022 (J27702).pdf|C:\Users\meggletona\UTC Sheffield\Computing Staff - General\Archives\Archive June 2026\Teaching Resources\Y11 GCSE Computer Science\Content bank\STO\Assessment Materials\Past Papers\2023\Mark scheme June 2023 (J27701).pdf|C:\Users\meggletona\UTC Sheffield\Computing Staff - General\Archives\Archive June 2026\Teaching Resources\Y11 GCSE Computer Science\Content bank\STO\Assessment Materials\Past Papers\2023\Mark scheme June 2023 (J27702).pdf|C:\Users\meggletona\UTC Sheffield\Computing Staff - General\Archives\Archive June 2026\Teaching Resources\Y11 GCSE Computer Science\Content bank\STO\Assessment Materials\Past Papers\2024\Mark scheme June 2024 (J27701).pdf|C:\Users\meggletona\UTC Sheffield\Computing Staff - General\Archives\Archive June 2026\Teaching Resources\Y11 GCSE Computer Science\Content bank\STO\Assessment Materials\Past Papers\2024\Mark scheme June 2024 (J27702).pdf|C:\Users\meggletona\UTC Sheffield\Computing Staff - General\Archives\Archive June 2026\Teaching Resources\Y11 GCSE Computer Science\Content bank\STO\Assessment Materials\Past Papers\December 2017\J276-01-mark-scheme-Dec-17.pdf|C:\Users\meggletona\UTC Sheffield\Computing Staff - General\Archives\Archive June 2026\Teaching Resources\Y11 GCSE Computer Science\Content bank\STO\Assessment Materials\Past Papers\December 2017\J276-02-mark-scheme-Dec-17.pdf|C:\Users\meggletona\UTC Sheffield\Computing Staff - General\Archives\Archive June 2026\Teaching Resources\Y11 GCSE Computer Science\Content bank\STO\Assessment Materials\Past Papers\Sample Paper 2 and MS.pdf
http://www.sans.org/critical-security-controls/control/16,404,HTTP Error 404: Not Found,C:\Users\meggletona\UTC Sheffield\Computing Staff - General\Archives\Archive June 2026\Teaching Resources\Camb Tech Level 3\Unit 3\OCR-cybersecurity delivery guide.pdf
http://www.sans.org/critical-security-controls/control/18,404,HTTP Error 404: Not Found,C:\Users\meggletona\UTC Sheffield\Computing Staff - General\Archives\Archive June 2026\Teaching Resources\Camb Tech Level 3\Unit 3\OCR-cybersecurity delivery guide.pdf
http://www.sans.org/critical-security-controls/control/5,404,HTTP Error 404: Not Found,C:\Users\meggletona\UTC Sheffield\Computing Staff - General\Archives\Archive June 2026\Teaching Resources\Camb Tech Level 3\Unit 3\OCR-cybersecurity delivery guide.pdf
http://www.sans.org/critical-security-controls/control/6,404,HTTP Error 404: Not Found,C:\Users\meggletona\UTC Sheffield\Computing Staff - General\Archives\Archive June 2026\Teaching Resources\Camb Tech Level 3\Unit 3\OCR-cybersecurity delivery guide.pdf
http://www.science.smith.edu/dftwiki/index.php/Color_Charts_for_TKinter,,<urlopen error [SSL: CERTIFICATE_VERIFY_FAILED] certificate verify failed: unable to get local issuer certificate (_ssl.c:1032)>,C:\Users\meggletona\UTC Sheffield\Computing Staff - General\Archives\Archive June 2026\Teaching Resources\ALevel Computing\Comp2\2024\WK11 - A Level Comp 2 Thinking Ahead.pptx|C:\Users\meggletona\UTC Sheffield\Computing Staff - General\Archives\Archive June 2026\Teaching Resources\T-Levels\2025 - 2026 Year 1 (Software Development)\DPA - units 1 and 2\Half Term 1\W01b_Tkinter_EC.pptx
http://www.sciencemuseum.org.uk/broughttolife/techniques/~/link.aspx?_id=3424430C0FD548AC9675D8F1FF5A0F97&amp;_z=z,405,HTTP Error 405: Method Not Allowed,C:\Users\meggletona\UTC Sheffield\Computing Staff - General\Archives\Archive June 2026\Teaching Resources\CyberEPQ\Using Research.pptx
http://www.sciencemuseum.org.uk/broughttolife/techniques/~/link.aspx?_id=4F9F60EC74834A9C8848076CBB0F51AD&amp;_z=z,405,HTTP Error 405: Method Not Allowed,C:\Users\meggletona\UTC Sheffield\Computing Staff - General\Archives\Archive June 2026\Teaching Resources\CyberEPQ\Using Research.pptx
http://www.sciencemuseum.org.uk/broughttolife/techniques/~/link.aspx?_id=B23B277840904899BDEC0C2D3A60C10C&amp;_z=z,405,HTTP Error 405: Method Not Allowed,C:\Users\meggletona\UTC Sheffield\Computing Staff - General\Archives\Archive June 2026\Teaching Resources\CyberEPQ\Using Research.pptx
http://www.sdmathcircle.org/uploads/images/schedule_clipart%20450x300.jpg,404,HTTP Error 404: Not Found,"C:\Users\meggletona\UTC Sheffield\Computing Staff - General\Archives\Archive June 2026\Teaching Resources\AAQ Application Development\F160 Fundamentals of application development\Topic area 2 - Software development models\The Tower Game\The Tower Game - Presentation.pptx|C:\Users\meggletona\UTC Sheffield\Computing Staff - General\Archives\Archive June 2026\Teaching Resources\T-Levels\2025 - 2026 Year 1 (Software Development)\ESP\HCH - Task 1 (planning)\The Tower Game\The Tower Game - Presentation.pptx|C:\Users\meggletona\UTC Sheffield\Computing Staff - General\Archives\Archive June 2026\Teaching Resources\T-Levels\Content bank\2024 - 2025 lessons and content (Production, Design and Development)\Unit 5 - Business context\5.1 The business environment\5.1.4 The Tower Game\The Tower Game - Presentation.pptx"
http://www.shutterstock.com/pic-206178829/stock-photo-studio-shot-of-attractive-african-woman-with-afro-taking-a-picture-of-herself-with-her-camera-phone.html?src=t2egrgZ--Qi7YFE_xH9Vyw-1-58,403,HTTP Error 403: HTTP Forbidden,C:\Users\meggletona\UTC Sheffield\Computing Staff - General\Archives\Archive June 2026\Teaching Resources\ALevel Computing\Comp1\Unit 10 Computational Thinking - MEG\Topic 5 Problem recognition\Computational thinking T5 Problem recognition.pptx|C:\Users\meggletona\UTC Sheffield\Computing Staff - General\Archives\Archive June 2026\Teaching Resources\ALevel Computing\Comp1\Unit 10 Computational Thinking\Topic 5 Problem recognition\Computational thinking T5 Problem recognition.pptx
http://www.shutterstock.com/pic-341147381/stock-photo-chess.html?src=t4d8Rt7W8gMBuDbCy0NlRg-7-14,403,HTTP Error 403: HTTP Forbidden,C:\Users\meggletona\UTC Sheffield\Computing Staff - General\Archives\Archive June 2026\Teaching Resources\ALevel Computing\Comp1\Unit 10 Computational Thinking - MEG\Topic 6 Problem solving\Computational thinking T6 Problem solving.pptx|C:\Users\meggletona\UTC Sheffield\Computing Staff - General\Archives\Archive June 2026\Teaching Resources\ALevel Computing\Comp1\Unit 10 Computational Thinking\Topic 6 Problem solving\Computational thinking T6 Problem solving.pptx
http://www.solent.nhs.uk/_store/documents/step_3_1_ii_appraising_qualitative_research.pdf,404,HTTP Error 404: Not Found,C:\Users\meggletona\UTC Sheffield\Computing Staff - General\Archives\Archive June 2026\Teaching Resources\CyberEPQ\Using Research.pptx
http://www.steakgroup.com/blog/wp-content/uploads/tv.jpg,,<urlopen error timed out>,C:\Users\meggletona\UTC Sheffield\Computing Staff - General\Archives\Archive June 2026\Teaching Resources\Camb Tech Level 3\Unit 1\2023\Week07 - Protocols.pptx
http://www.teach-ict.com/as_a2_ict_new/ocr/AS_G061/312_software_hardware/,403,HTTP Error 403: Forbidden,"C:\Users\meggletona\UTC Sheffield\Computing Staff - General\Archives\Archive June 2026\Teaching Resources\Camb Tech Level 3\Unit 7\WVR\Admin (Course Handbook, etc)\Delivery Guide - Data analysis and design.pdf"
http://www.teach-ict.com/as_a2_ict_new/ocr/AS_G061/315_database_concepts/,403,HTTP Error 403: Forbidden,"C:\Users\meggletona\UTC Sheffield\Computing Staff - General\Archives\Archive June 2026\Teaching Resources\Camb Tech Level 3\Unit 7\WVR\Admin (Course Handbook, etc)\Delivery Guide - Data analysis and design.pdf"
http://www.telegraph.co.uk/technology/internet-security/,403,HTTP Error 403: Forbidden,C:\Users\meggletona\UTC Sheffield\Computing Staff - General\Archives\Archive June 2026\Teaching Resources\Camb Tech Level 3\Unit 3\OCR-cybersecurity delivery guide.pdf
http://www.theguardian.com/media-network/2015/jun/01/internet-of-things-businesses-data-,404,HTTP Error 404: Not Found,C:\Users\meggletona\UTC Sheffield\Computing Staff - General\Archives\Archive June 2026\Teaching Resources\Camb Tech Level 3\Unit 3\OCR-cybersecurity delivery guide.pdf
http://www.timeleft.info,,"<urlopen error [SSL: CERTIFICATE_VERIFY_FAILED] certificate verify failed: Hostname mismatch, certificate is not valid for 'www.timeleft.info'. (_ssl.c:1032)>","C:\Users\meggletona\UTC Sheffield\Computing Staff - General\Archives\Archive June 2026\Teaching Resources\AAQ Application Development\F160 Fundamentals of application development\Topic area 2 - Software development models\The Tower Game\The Tower Game - Manual.pdf|C:\Users\meggletona\UTC Sheffield\Computing Staff - General\Archives\Archive June 2026\Teaching Resources\T-Levels\2025 - 2026 Year 1 (Software Development)\ESP\HCH - Task 1 (planning)\The Tower Game\The Tower Game - Manual.pdf|C:\Users\meggletona\UTC Sheffield\Computing Staff - General\Archives\Archive June 2026\Teaching Resources\T-Levels\Content bank\2024 - 2025 lessons and content (Production, Design and Development)\Unit 5 - Business context\5.1 The business environment\5.1.4 The Tower Game\The Tower Game - Manual.pdf"
http://www.timeleft.info/,,"<urlopen error [SSL: CERTIFICATE_VERIFY_FAILED] certificate verify failed: Hostname mismatch, certificate is not valid for 'www.timeleft.info'. (_ssl.c:1032)>","C:\Users\meggletona\UTC Sheffield\Computing Staff - General\Archives\Archive June 2026\Teaching Resources\AAQ Application Development\F160 Fundamentals of application development\Topic area 2 - Software development models\The Tower Game\The Tower Game - Presentation.pptx|C:\Users\meggletona\UTC Sheffield\Computing Staff - General\Archives\Archive June 2026\Teaching Resources\T-Levels\2025 - 2026 Year 1 (Software Development)\ESP\HCH - Task 1 (planning)\The Tower Game\The Tower Game - Presentation.pptx|C:\Users\meggletona\UTC Sheffield\Computing Staff - General\Archives\Archive June 2026\Teaching Resources\T-Levels\Content bank\2024 - 2025 lessons and content (Production, Design and Development)\Unit 5 - Business context\5.1 The business environment\5.1.4 The Tower Game\The Tower Game - Presentation.pptx"
http://www.twitter.com/sebvandenbrink&#xA;▶,520,HTTP Error 520: <none>,C:\Users\meggletona\UTC Sheffield\Computing Staff - General\Archives\Archive June 2026\Teaching Resources\Y10 GCSE Computer Science\Paper 1\1.2 - Storage and Data Rep - to update\3) 1.2.2 - Secondary Storage\1.2.2 - Secondary Storage.pptx|C:\Users\meggletona\UTC Sheffield\Computing Staff - General\Archives\Archive June 2026\Teaching Resources\Y11 GCSE Computer Science\Paper 1\1.2 - Storage and Data Rep\3) 1.2.2 - Secondary Storage\1.2.2 - Secondary Storage.pptx
http://www.uk.indeed.com/,,<urlopen error [Errno 11001] getaddrinfo failed>,C:\Users\meggletona\UTC Sheffield\Computing Staff - General\Archives\Archive June 2026\Teaching Resources\NCFE\Unit 4\LO1\1 - Types of Job.pptx
http://www.wearerecurve.com/wp-content/uploads/2014/08/likert-scale.jpg?ed55ca,404,HTTP Error 404: Not Found,C:\Users\meggletona\UTC Sheffield\Computing Staff - General\Archives\Archive June 2026\Teaching Resources\CyberEPQ\Primary Research Methods.pptx|C:\Users\meggletona\UTC Sheffield\Computing Staff - General\Archives\Archive June 2026\Teaching Resources\CyberEPQ\Research Methods.pptx
http://www.webdesigndev.com/25-clear-and-beautiful-comparison-tables/,,<urlopen error [SSL: CERTIFICATE_VERIFY_FAILED] certificate verify failed: certificate has expired (_ssl.c:1032)>,"C:\Users\meggletona\UTC Sheffield\Computing Staff - General\Archives\Archive June 2026\Teaching Resources\Camb Tech Level 3\Unit 7\WVR\Admin (Course Handbook, etc)\Delivery Guide - Data analysis and design.pdf"
http://www.wpclipart.com/page_frames/full_page_signs/business_signs/business_closed_sign_page.png,,timed out,C:\Users\meggletona\UTC Sheffield\Computing Staff - General\Archives\Archive June 2026\Teaching Resources\CyberEPQ\Primary Research Methods.pptx|C:\Users\meggletona\UTC Sheffield\Computing Staff - General\Archives\Archive June 2026\Teaching Resources\CyberEPQ\Research Methods.pptx
http://www2.le.ac.uk/offices/ld/resources/numerical-data/numerical-data,404,HTTP Error 404: Not Found,"C:\Users\meggletona\UTC Sheffield\Computing Staff - General\Archives\Archive June 2026\Teaching Resources\Camb Tech Level 3\Unit 7\WVR\Admin (Course Handbook, etc)\Delivery Guide - Data analysis and design.pdf"
http://www2.le.ac.uk/services/research-data/organise-data,404,HTTP Error 404: Not Found,"C:\Users\meggletona\UTC Sheffield\Computing Staff - General\Archives\Archive June 2026\Teaching Resources\Camb Tech Level 3\Unit 7\WVR\Admin (Course Handbook, etc)\Delivery Guide - Data analysis and design.pdf"
https://4tifier.com/project-initiation-phase-is-it-important/,500,HTTP Error 500: Internal Server Error,C:\Users\meggletona\UTC Sheffield\Computing Staff - General\Archives\Archive June 2026\Teaching Resources\Camb Tech Level 3\Unit 8 and 9\Sample Work\Unit 8 LO1.docx
https://abstracta.us/blog/software-testing/best-demo-websites-for-practicing-different-types-of-software-tests/,404,HTTP Error 404: Not Found,"C:\Users\meggletona\UTC Sheffield\Computing Staff - General\Archives\Archive June 2026\Teaching Resources\T-Levels\Content bank\2024 - 2025 lessons and content (Production, Design and Development)\Resources\testing-intro-powerpoint.pptx"
https://app.logo.co,,<urlopen error [Errno 11001] getaddrinfo failed>,"C:\Users\meggletona\UTC Sheffield\Computing Staff - General\Archives\Archive June 2026\Teaching Resources\T-Levels\2025 - 2026 Year 2 (Production, Design and Development)\OSC - Past Papers\OSC2023\t-level-digital-distinction_2023.pdf"
https://apps2.mdp.ac.id/perpustakaan/ebook/Karya%20Umum/Dsa.pdf,403,HTTP Error 403: Forbidden,C:\Users\meggletona\UTC Sheffield\Computing Staff - General\Archives\Archive June 2026\Teaching Resources\ALevel Computing\Comp2\2024\WK21 - A Level Comp 2 Sorting and Searching.pptx
https://archive.acas.org.uk/index.aspx?articleid=1438,,"<urlopen error [SSL: CERTIFICATE_VERIFY_FAILED] certificate verify failed: Hostname mismatch, certificate is not valid for 'archive.acas.org.uk'. (_ssl.c:1032)>","C:\Users\meggletona\UTC Sheffield\Computing Staff - General\Archives\Archive June 2026\Teaching Resources\T-Levels\2025 - 2026 Year 2 (Production, Design and Development)\OSC - Past Papers\OSC\digital-production-design-and-development-project-delivery-guide-new-blue-1.pdf"
https://articles.xebia.com/role-of-big-data-in-insurance,404,HTTP Error 404: Not Found,C:\Users\meggletona\UTC Sheffield\Computing Staff - General\Archives\Archive June 2026\Teaching Resources\AAQ Data Analytics\F201 mandatory unit - Big data and machine learning\Scheme of work Big data and machine learning (F201).docx
https://asq.org/quality-resources/continuous-improvement,403,HTTP Error 403: Forbidden,"C:\Users\meggletona\UTC Sheffield\Computing Staff - General\Archives\Archive June 2026\Teaching Resources\T-Levels\Content bank\2024 - 2025 lessons and content (Production, Design and Development)\Resources\testing-intro-powerpoint.pptx"
https://asq.org/quality-resources/problem-solving,403,HTTP Error 403: Forbidden,"C:\Users\meggletona\UTC Sheffield\Computing Staff - General\Archives\Archive June 2026\Teaching Resources\T-Levels\Content bank\2024 - 2025 lessons and content (Production, Design and Development)\Resources\testing-intro-powerpoint.pptx"
https://asq.org/quality-resources/root-cause-analysis,403,HTTP Error 403: Forbidden,"C:\Users\meggletona\UTC Sheffield\Computing Staff - General\Archives\Archive June 2026\Teaching Resources\T-Levels\Content bank\2024 - 2025 lessons and content (Production, Design and Development)\Resources\testing-intro-powerpoint.pptx"
https://asq.org/quality-resources/total-quality-management,403,HTTP Error 403: Forbidden,"C:\Users\meggletona\UTC Sheffield\Computing Staff - General\Archives\Archive June 2026\Teaching Resources\T-Levels\Content bank\2024 - 2025 lessons and content (Production, Design and Development)\Resources\testing-intro-powerpoint.pptx"
https://asq.org/quality-resources/tree-diagram,403,HTTP Error 403: Forbidden,"C:\Users\meggletona\UTC Sheffield\Computing Staff - General\Archives\Archive June 2026\Teaching Resources\T-Levels\Content bank\2024 - 2025 lessons and content (Production, Design and Development)\Resources\testing-intro-powerpoint.pptx"
https://azure.microsoft.com/en-gb/case-studies/,,The read operation timed out,"C:\Users\meggletona\UTC Sheffield\Computing Staff - General\Archives\Archive June 2026\Teaching Resources\T-Levels\Content bank\2024 - 2025 lessons and content (Production, Design and Development)\Resources\data-intro-powerpoint.pptx"
https://azure.microsoft.com/en-us/resources/cloud-computing-,,The read operation timed out,"C:\Users\meggletona\UTC Sheffield\Computing Staff - General\Archives\Archive June 2026\Teaching Resources\T-Levels\Content bank\2024 - 2025 lessons and content (Production, Design and Development)\Resources\t-level-digital-core-sow.docx"
https://barclayslifeskills.com/i-want-an-insight-into-,404,HTTP Error 404: Not Found,"C:\Users\meggletona\UTC Sheffield\Computing Staff - General\Archives\Archive June 2026\Teaching Resources\T-Levels\Content bank\2024 - 2025 lessons and content (Production, Design and Development)\Resources\data-topic-lesson-plans.pdf"
https://bit.ly/ESAonLinkedIn&#xA;On,,<urlopen error [SSL: CERTIFICATE_VERIFY_FAILED] certificate verify failed: unable to get local issuer certificate (_ssl.c:1032)>,C:\Users\meggletona\UTC Sheffield\Computing Staff - General\Archives\Archive June 2026\Teaching Resources\Y9 IT\2024 - 2025\Astro Pi Challenge\AstroPi Challenge 2024-25.pptx
https://bit.ly/ESAonPinterest&#xA;On,,<urlopen error [SSL: CERTIFICATE_VERIFY_FAILED] certificate verify failed: unable to get local issuer certificate (_ssl.c:1032)>,C:\Users\meggletona\UTC Sheffield\Computing Staff - General\Archives\Archive June 2026\Teaching Resources\Y9 IT\2024 - 2025\Astro Pi Challenge\AstroPi Challenge 2024-25.pptx
https://blog.emb.global/human-computer-interaction-hci/,,<urlopen error [Errno 11001] getaddrinfo failed>,C:\Users\meggletona\UTC Sheffield\Computing Staff - General\Archives\Archive June 2026\Teaching Resources\AAQ Application Development\Application development - Docs and specs\F160 mandatory unit - Fundamentals of applications development\Scheme of work Fundamentals of application development (F160).docx|C:\Users\meggletona\UTC Sheffield\Computing Staff - General\Archives\Archive June 2026\Teaching Resources\AAQ Application Development\F160 Fundamentals of application development\Scheme of work Fundamentals of application development (F160).docx
https://blog.microfocus.com/how-much-data-is-created-on-the-internet-each-day/,,<urlopen error [SSL: SSLV3_ALERT_HANDSHAKE_FAILURE] sslv3 alert handshake failure (_ssl.c:1032)>,"C:\Users\meggletona\UTC Sheffield\Computing Staff - General\Archives\Archive June 2026\Teaching Resources\T-Levels\Content bank\2024 - 2025 lessons and content (Production, Design and Development)\Resources\data-intro-powerpoint.pptx"
https://blog.smarp.com/how-covid-19-is-accelerating-digital-,403,HTTP Error 403: Forbidden,"C:\Users\meggletona\UTC Sheffield\Computing Staff - General\Archives\Archive June 2026\Teaching Resources\T-Levels\Content bank\2024 - 2025 lessons and content (Production, Design and Development)\Resources\bus-contexts-ind-resource-links.pdf"
https://blogs.adb.org/blog/climate-crisis-how-big-data-can-improve-disaster-response-and-preparedness,403,HTTP Error 403: Forbidden,C:\Users\meggletona\UTC Sheffield\Computing Staff - General\Archives\Archive June 2026\Teaching Resources\AAQ Data Analytics\F201 mandatory unit - Big data and machine learning\Scheme of work Big data and machine learning (F201).docx
https://blogs.cisco.com/security/using-a-playbook-model-to-organize-your-information-security-,,<urlopen error [SSL: CERTIFICATE_VERIFY_FAILED] certificate verify failed: self-signed certificate in certificate chain (_ssl.c:1032)>,C:\Users\meggletona\UTC Sheffield\Computing Staff - General\Archives\Archive June 2026\Teaching Resources\Camb Tech Level 3\Unit 3\OCR-cybersecurity delivery guide.pdf
https://blogs.oracle.com/ai-and-datascience/introduction-to-k-means-clustering,403,HTTP Error 403: Forbidden,C:\Users\meggletona\UTC Sheffield\Computing Staff - General\Archives\Archive June 2026\Teaching Resources\AAQ Data Analytics\F201 mandatory unit - Big data and machine learning\2-The infrastructure challenges of big data\3.1 AI and ML\3.3 AI and ML.pptx
https://blogs.oracle.com/ai-and-datascience/post/introduction-to-k-means-clustering,403,HTTP Error 403: Forbidden,C:\Users\meggletona\UTC Sheffield\Computing Staff - General\Archives\Archive June 2026\Teaching Resources\AAQ Data Analytics\F201 mandatory unit - Big data and machine learning\Scheme of work Big data and machine learning (F201).docx
https://business.adobe.com/blog/basics/learn-about-data-capture,,The read operation timed out,C:\Users\meggletona\UTC Sheffield\Computing Staff - General\Archives\Archive June 2026\Teaching Resources\AAQ Data Analytics\F201 mandatory unit - Big data and machine learning\Scheme of work Big data and machine learning (F201).docx
https://business.adobe.com/blog/basics/project-failure-10-famous-failures-and-5-ways-to-spot-them-before-they-happen,,The read operation timed out,C:\Users\meggletona\UTC Sheffield\Computing Staff - General\Archives\Archive June 2026\Teaching Resources\AAQ Application Development\Application development - Docs and specs\F160 mandatory unit - Fundamentals of applications development\Scheme of work Fundamentals of application development (F160).docx|C:\Users\meggletona\UTC Sheffield\Computing Staff - General\Archives\Archive June 2026\Teaching Resources\AAQ Application Development\F160 Fundamentals of application development\Scheme of work Fundamentals of application development (F160).docx
https://cdn.jsdelivr.net/npm/bootstrap@5.1.3/dist/js/bootstrap.bundle.min,404,HTTP Error 404: Not Found,"C:\Users\meggletona\UTC Sheffield\Computing Staff - General\Archives\Archive June 2026\Teaching Resources\T-Levels\2025 - 2026 Year 2 (Production, Design and Development)\OSC - Past Papers\OSC2022\grade-standard-exemplification-materials-2022-t-level-digital-distinction.pdf"
https://cdn.pixabay.com/photo/2017/12/pizza.jpg,403,HTTP Error 403: Forbidden,"C:\Users\meggletona\UTC Sheffield\Computing Staff - General\Archives\Archive June 2026\Teaching Resources\Y9 Computer Science\2024-2025\Web development\L2 & L3 - Lists, images and links in HTML.pptx|C:\Users\meggletona\UTC Sheffield\Computing Staff - General\Archives\Archive June 2026\Teaching Resources\Y9 Computer Science\2024-2025\Web development\L4 - Build your own web page.pptx"
https://chatgpt.com/09:05booking.php,403,HTTP Error 403: Forbidden,"C:\Users\meggletona\UTC Sheffield\Computing Staff - General\Archives\Archive June 2026\Teaching Resources\T-Levels\2025 - 2026 Year 2 (Production, Design and Development)\OSC - Past Papers\Leeds UTC example\Baxter Alexia - LL-000018219\Task 2\Task2_InternetLog_LL-000018129_Baxter_A.pdf"
https://chatgpt.com/09:24cfc.php,403,HTTP Error 403: Forbidden,"C:\Users\meggletona\UTC Sheffield\Computing Staff - General\Archives\Archive June 2026\Teaching Resources\T-Levels\2025 - 2026 Year 2 (Production, Design and Development)\OSC - Past Papers\Leeds UTC example\Baxter Alexia - LL-000018219\Task 2\Task2_InternetLog_LL-000018129_Baxter_A.pdf"
https://chatgpt.com/10:51,403,HTTP Error 403: Forbidden,"C:\Users\meggletona\UTC Sheffield\Computing Staff - General\Archives\Archive June 2026\Teaching Resources\T-Levels\2025 - 2026 Year 2 (Production, Design and Development)\OSC - Past Papers\Leeds UTC example\Baxter Alexia - LL-000018219\Task 1\Task1_InternetLog_LL000018219_Baxter_A.pdf"
https://chatgpt.com/11:13,403,HTTP Error 403: Forbidden,"C:\Users\meggletona\UTC Sheffield\Computing Staff - General\Archives\Archive June 2026\Teaching Resources\T-Levels\2025 - 2026 Year 2 (Production, Design and Development)\OSC - Past Papers\Leeds UTC example\Baxter Alexia - LL-000018219\Task 1\Task1_InternetLog_LL000018219_Baxter_A.pdf"
https://computerscienceuk.com/hello-world/,404,HTTP Error 404: Not Found,"C:\Users\meggletona\UTC Sheffield\Computing Staff - General\Archives\Archive June 2026\Teaching Resources\T-Levels\Content bank\2024 - 2025 lessons and content (Production, Design and Development)\Resources\problem-solving-topic-lesson-plans.pdf"
https://courses.lumenlearning.com/informationliteracy/,403,HTTP Error 403: Forbidden,"C:\Users\meggletona\UTC Sheffield\Computing Staff - General\Archives\Archive June 2026\Teaching Resources\T-Levels\Content bank\2024 - 2025 lessons and content (Production, Design and Development)\Resources\digital-enviro-topic-lesson-plans.pdf"
https://courses.lumenlearning.com/informationliteracy/chapter/computer-,403,HTTP Error 403: Forbidden,"C:\Users\meggletona\UTC Sheffield\Computing Staff - General\Archives\Archive June 2026\Teaching Resources\T-Levels\Content bank\2024 - 2025 lessons and content (Production, Design and Development)\Resources\digital-enviro-ind-resource-links.pdf"
https://craigndave.org/product/aqa-alevel-slr-17-internal-computer-architecture/,404,HTTP Error 404: Not Found,"C:\Users\meggletona\UTC Sheffield\Computing Staff - General\Archives\Archive June 2026\Teaching Resources\T-Levels\Content bank\2024 - 2025 lessons and content (Production, Design and Development)\Resources\t-level-digital-core-sow.docx"
https://craigndave.org/product/slr-01-structure-and-function-of-the-processor/,404,HTTP Error 404: Not Found,"C:\Users\meggletona\UTC Sheffield\Computing Staff - General\Archives\Archive June 2026\Teaching Resources\T-Levels\Content bank\2024 - 2025 lessons and content (Production, Design and Development)\Resources\t-level-digital-core-sow.docx"
https://craigndave.org/product/slr-03-input-output-storage/,404,HTTP Error 404: Not Found,"C:\Users\meggletona\UTC Sheffield\Computing Staff - General\Archives\Archive June 2026\Teaching Resources\T-Levels\Content bank\2024 - 2025 lessons and content (Production, Design and Development)\Resources\t-level-digital-core-sow.docx"
https://craigndave.org/product/slr5-network-and-cyber-security/,404,HTTP Error 404: Not Found,"C:\Users\meggletona\UTC Sheffield\Computing Staff - General\Archives\Archive June 2026\Teaching Resources\T-Levels\Content bank\2024 - 2025 lessons and content (Production, Design and Development)\Resources\t-level-digital-core-sow.docx"
https://cucumber.io/docs/guides/overview/,404,HTTP Error 404: Not Found,C:\Users\meggletona\UTC Sheffield\Computing Staff - General\Archives\Archive June 2026\Teaching Resources\AAQ Application Development\Application development - Docs and specs\F161 mandatory unit - Developing application software\Scheme of work Developing application software (F161).docx
https://cultureforclimate.scot/services/environmental-reporting/guidance-for-reporting-,404,HTTP Error 404: Not Found,"C:\Users\meggletona\UTC Sheffield\Computing Staff - General\Archives\Archive June 2026\Teaching Resources\T-Levels\2025 - 2026 Year 2 (Production, Design and Development)\OSC - Past Papers\Leeds UTC example\McAllister Tom - LL-000018216 (Distinction)\Task 2\SUBMIT THIS WORK\Task2_Internet_Log_LL-000018216_McAllister_T.pdf"
https://datacarpentry.org/python-ecology-lesson/04-,404,HTTP Error 404: Not Found,"C:\Users\meggletona\UTC Sheffield\Computing Staff - General\Archives\Archive June 2026\Teaching Resources\T-Levels\Content bank\2024 - 2025 lessons and content (Production, Design and Development)\Resources\data-topic-lesson-plans.pdf"
https://datacarpentry.org/python-ecology-lesson/04-data-types-and-format/index.html,404,HTTP Error 404: Not Found,"C:\Users\meggletona\UTC Sheffield\Computing Staff - General\Archives\Archive June 2026\Teaching Resources\T-Levels\Content bank\2024 - 2025 lessons and content (Production, Design and Development)\Resources\data-intro-powerpoint.pptx"
https://deltadigital.co.uk/agile-approach/feasibility/?cn-reloaded=1,404,HTTP Error 404: Not Found,"C:\Users\meggletona\UTC Sheffield\Computing Staff - General\Archives\Archive June 2026\Teaching Resources\T-Levels\Content bank\2024 - 2025 lessons and content (Production, Design and Development)\Resources\bus-contexts-ind-resource-links.pdf"
https://diaryofhackers.com/,,<urlopen error [SSL: CERTIFICATE_VERIFY_FAILED] certificate verify failed: certificate has expired (_ssl.c:1032)>,C:\Users\meggletona\UTC Sheffield\Computing Staff - General\Archives\Archive June 2026\Teaching Resources\AAQ Application Development\Application development - Docs and specs\F161 mandatory unit - Developing application software\Scheme of work Developing application software (F161).docx
https://digitalschoolhouse.org.uk/workshops/the-computational-thinking-duck,,"<urlopen error [SSL: CERTIFICATE_VERIFY_FAILED] certificate verify failed: Hostname mismatch, certificate is not valid for 'digitalschoolhouse.org.uk'. (_ssl.c:1032)>","C:\Users\meggletona\UTC Sheffield\Computing Staff - General\Archives\Archive June 2026\Teaching Resources\T-Levels\Content bank\2024 - 2025 lessons and content (Production, Design and Development)\Resources\t-level-digital-core-sow.docx"
https://discussions.unity.com/t/is-tcp-viable-for-an-mmo/732548,403,HTTP Error 403: Forbidden,C:\Users\meggletona\UTC Sheffield\Computing Staff - General\Archives\Archive June 2026\Teaching Resources\AAQ Application Development\Application development - Docs and specs\F161 mandatory unit - Developing application software\Scheme of work Developing application software (F161).docx
https://docs.google.com/document/d/1B6wHXc5iDlIQKL1c2JWz8Yu86RrXCZN_0l9sHpnBfvw,401,HTTP Error 401: Unauthorized,C:\Users\meggletona\UTC Sheffield\Computing Staff - General\Archives\Archive June 2026\Teaching Resources\Y9 IT\2024 - 2025\Excel skills\Inspiration\KS4\L3 - RSC merchandise\L3 Lesson plan - Spreadsheets - KS4.docx
https://docs.google.com/document/d/1D59NXgjmsFoKPUIy48MGHTvabLlAvyfsZEPxbJ-YozI/edit?usp=sharing,401,HTTP Error 401: Unauthorized,C:\Users\meggletona\UTC Sheffield\Computing Staff - General\Archives\Archive June 2026\Teaching Resources\Camb Tech Level 3\Unit 7\WVR\Resources (by Learning Outcome)\Unit 7 data analysis and design.pptx
https://docs.google.com/document/d/1vb7zzx7vOgo,404,HTTP Error 404: Not Found,"C:\Users\meggletona\UTC Sheffield\Computing Staff - General\Archives\Archive June 2026\Teaching Resources\T-Levels\Content bank\2024 - 2025 lessons and content (Production, Design and Development)\Resources\problem-solving-topic-lesson-plans.pdf"
https://docs.microsoft.com/en-us/power-,404,HTTP Error 404: Not Found,"C:\Users\meggletona\UTC Sheffield\Computing Staff - General\Archives\Archive June 2026\Teaching Resources\T-Levels\Content bank\2024 - 2025 lessons and content (Production, Design and Development)\Resources\data-topic-lesson-plans.pdf"
https://docs.moodle.org/403/en/Lesson_activity,403,HTTP Error 403: Forbidden,"C:\Users\meggletona\UTC Sheffield\Computing Staff - General\Archives\Archive June 2026\Teaching Resources\T-Levels\Content bank\2024 - 2025 lessons and content (Production, Design and Development)\Resources\t-level-digital-core-sow.docx"
https://documentation.abila.com/MAD_MAIN/Content/MAD/DataFilesCSVFormat.htm,,<urlopen error [SSL: CERTIFICATE_VERIFY_FAILED] certificate verify failed: certificate has expired (_ssl.c:1032)>,C:\Users\meggletona\UTC Sheffield\Computing Staff - General\Archives\Archive June 2026\Teaching Resources\AAQ Data Analytics\F200 mandatory unit - Fundamentals of data analytics\Scheme of work Fundamentals of data analytics (F200).docx
https://dompizzachecker.dominos.com.au/,404,HTTP Error 404: Not Found,"C:\Users\meggletona\UTC Sheffield\Computing Staff - General\Archives\Archive June 2026\Teaching Resources\T-Levels\Content bank\2024 - 2025 lessons and content (Production, Design and Development)\Resources\leg-and-reg-requirements-intro-powerpoint.pptx"
https://drawsql.app/diagrams09:03db,404,HTTP Error 404: Not Found,"C:\Users\meggletona\UTC Sheffield\Computing Staff - General\Archives\Archive June 2026\Teaching Resources\T-Levels\2025 - 2026 Year 2 (Production, Design and Development)\OSC - Past Papers\Leeds UTC example\Baxter Alexia - LL-000018219\Task 2\Task2_InternetLog_LL-000018129_Baxter_A.pdf"
https://drawsql.app/diagrams11:46db,404,HTTP Error 404: Not Found,"C:\Users\meggletona\UTC Sheffield\Computing Staff - General\Archives\Archive June 2026\Teaching Resources\T-Levels\2025 - 2026 Year 2 (Production, Design and Development)\OSC - Past Papers\Leeds UTC example\Baxter Alexia - LL-000018219\Task 2\Task2_InternetLog_LL-000018129_Baxter_A.pdf"
https://drawsql.app/diagrams11:58,404,HTTP Error 404: Not Found,"C:\Users\meggletona\UTC Sheffield\Computing Staff - General\Archives\Archive June 2026\Teaching Resources\T-Levels\2025 - 2026 Year 2 (Production, Design and Development)\OSC - Past Papers\Leeds UTC example\Baxter Alexia - LL-000018219\Task 1\Task1_InternetLog_LL000018219_Baxter_A.pdf"
https://drawsql.app/teams/t-level-1/diagrams/rosla-technologies10:24,404,HTTP Error 404: Not Found,"C:\Users\meggletona\UTC Sheffield\Computing Staff - General\Archives\Archive June 2026\Teaching Resources\T-Levels\2025 - 2026 Year 2 (Production, Design and Development)\OSC - Past Papers\Leeds UTC example\Baxter Alexia - LL-000018219\Task 1\Task1_InternetLog_LL000018219_Baxter_A.pdf"
https://drawsql.app/teams/t-level-1/diagrams/rosla-technologies10:45db,404,HTTP Error 404: Not Found,"C:\Users\meggletona\UTC Sheffield\Computing Staff - General\Archives\Archive June 2026\Teaching Resources\T-Levels\2025 - 2026 Year 2 (Production, Design and Development)\OSC - Past Papers\Leeds UTC example\Baxter Alexia - LL-000018219\Task 2\Task2_InternetLog_LL-000018129_Baxter_A.pdf"
https://drawsql.app/teams/t-level-1/diagrams/rosla-technologies10:51change,404,HTTP Error 404: Not Found,"C:\Users\meggletona\UTC Sheffield\Computing Staff - General\Archives\Archive June 2026\Teaching Resources\T-Levels\2025 - 2026 Year 2 (Production, Design and Development)\OSC - Past Papers\Leeds UTC example\Baxter Alexia - LL-000018219\Task 2\Task2_InternetLog_LL-000018129_Baxter_A.pdf"
https://drawsql.app/teams/t-level-1/diagrams/rosla-technologies11:58,404,HTTP Error 404: Not Found,"C:\Users\meggletona\UTC Sheffield\Computing Staff - General\Archives\Archive June 2026\Teaching Resources\T-Levels\2025 - 2026 Year 2 (Production, Design and Development)\OSC - Past Papers\Leeds UTC example\Baxter Alexia - LL-000018219\Task 1\Task1_InternetLog_LL000018219_Baxter_A.pdf"
https://drawsql.app/teams/t-level-1/diagrams/rosla-technologies12:28db,404,HTTP Error 404: Not Found,"C:\Users\meggletona\UTC Sheffield\Computing Staff - General\Archives\Archive June 2026\Teaching Resources\T-Levels\2025 - 2026 Year 2 (Production, Design and Development)\OSC - Past Papers\Leeds UTC example\Baxter Alexia - LL-000018219\Task 2\Task2_InternetLog_LL-000018129_Baxter_A.pdf"
https://dsq-sds.org/article/view/1676/1595,404,HTTP Error 404: Not Found,C:\Users\meggletona\UTC Sheffield\Computing Staff - General\Archives\Archive June 2026\Teaching Resources\Y9 IT\2024 - 2025\Excel skills\Inspiration\KS4\L4 - RSC data visualisation\L4 Homework - Spreadsheets - KS4.docx|C:\Users\meggletona\UTC Sheffield\Computing Staff - General\Archives\Archive June 2026\Teaching Resources\Y9 IT\2024 - 2025\Excel skills\Inspiration\KS4\L4 - RSC data visualisation\L4 Homework solutions - Spreadsheets - KS4.docx
https://e-estonia.com/component/digidoc/,404,HTTP Error 404: Not Found,"C:\Users\meggletona\UTC Sheffield\Computing Staff - General\Archives\Archive June 2026\Teaching Resources\ALevel Computing\Comp1\Unit 9 Legal-moral-ethical-and-cultural-issues\Unit 9 Legal and cultural issues\T2 Ethical, moral and cultural issues\Unit 9 Worksheet 2 Answers.docx"
https://e-estonia.com/component/e-law/,404,HTTP Error 404: Not Found,"C:\Users\meggletona\UTC Sheffield\Computing Staff - General\Archives\Archive June 2026\Teaching Resources\ALevel Computing\Comp1\Unit 9 Legal-moral-ethical-and-cultural-issues\Unit 9 Legal and cultural issues\T2 Ethical, moral and cultural issues\Unit 9 Worksheet 2 Answers.docx"
https://edition.cnn.com/2024/02/14/europe/ukraine-war-latest-intl/index.html,,<urlopen error [SSL: CERTIFICATE_VERIFY_FAILED] certificate verify failed: unable to get local issuer certificate (_ssl.c:1032)>,"C:\Users\meggletona\UTC Sheffield\Computing Staff - General\Archives\Archive June 2026\Teaching Resources\T-Levels\2025 - 2026 Year 2 (Production, Design and Development)\HCH\Task 1 - Proposal (Activity A)\Correct the references ANSWERS.docx|C:\Users\meggletona\UTC Sheffield\Computing Staff - General\Archives\Archive June 2026\Teaching Resources\T-Levels\2025 - 2026 Year 2 (Production, Design and Development)\HCH\Task 1 - Proposal (Activity A)\Correct the references.docx"
https://edu.gcfglobal.org/en/basic-computer-skills/open-source-vs-closed-source-software/1/,404,HTTP Error 404: Not Found,C:\Users\meggletona\UTC Sheffield\Computing Staff - General\Archives\Archive June 2026\Teaching Resources\AAQ Application Development\Application development - Docs and specs\F160 mandatory unit - Fundamentals of applications development\Scheme of work Fundamentals of application development (F160).docx|C:\Users\meggletona\UTC Sheffield\Computing Staff - General\Archives\Archive June 2026\Teaching Resources\AAQ Application Development\F160 Fundamentals of application development\Scheme of work Fundamentals of application development (F160).docx
https://education.vermont.gov/sites/aoe/files/documents/Fishbone%20Diagram%20-%20Cause%20and%20Effect%20Tool.pdf,403,HTTP Error 403: Forbidden,"C:\Users\meggletona\UTC Sheffield\Computing Staff - General\Archives\Archive June 2026\Teaching Resources\T-Levels\Content bank\2024 - 2025 lessons and content (Production, Design and Development)\Resources\t-level-digital-core-sow.docx"
https://effectivehome.co.uk/wp-content/uploads/2024/02/2182524041.jpg,521,HTTP Error 521: <none>,"C:\Users\meggletona\UTC Sheffield\Computing Staff - General\Archives\Archive June 2026\Teaching Resources\T-Levels\2025 - 2026 Year 2 (Production, Design and Development)\OSC - Past Papers\Leeds UTC example\Barowik James - LL-000018220\Task 1\Internet Log.docx|C:\Users\meggletona\UTC Sheffield\Computing Staff - General\Archives\Archive June 2026\Teaching Resources\T-Levels\2025 - 2026 Year 2 (Production, Design and Development)\OSC - Past Papers\Leeds UTC example\Barowik James - LL-000018220\Task 1\Task 1 Occ Spec\Task1_Internet_Log_LL-000018220-Barowik-J.pdf"
https://electricalwholesalers4u.com/products/ohme-homepro-5-7-4kw-tethered-type-,404,HTTP Error 404: Not Found,"C:\Users\meggletona\UTC Sheffield\Computing Staff - General\Archives\Archive June 2026\Teaching Resources\T-Levels\2025 - 2026 Year 2 (Production, Design and Development)\OSC - Past Papers\Leeds UTC example\Barowik James - LL-000018220\Task 1\Task 1 Occ Spec\Task1_Internet_Log_LL-000018220-Barowik-J.pdf"
https://en.wikipedia.org/wiki/Mariner_software,404,HTTP Error 404: Not Found,C:\Users\meggletona\UTC Sheffield\Computing Staff - General\Archives\Archive June 2026\Teaching Resources\Y9 IT\2024 - 2025\Excel skills\Inspiration\KS4\5_Summative assessment answers_Spreadsheets_KS4_v1.1.docx
https://en.wikipedia.org/wiki/Travelling_salesman_pro,404,HTTP Error 404: Not Found,"C:\Users\meggletona\UTC Sheffield\Computing Staff - General\Archives\Archive June 2026\Teaching Resources\T-Levels\Content bank\2024 - 2025 lessons and content (Production, Design and Development)\Resources\problem-solving-topic-lesson-plans.pdf"
https://encrypted-tbn0.gstatic.com/images?q=tbn:ANd9GcRtpdOLRxUKaEe2pJw2PWIK8hbiTlwx0zfF0mvWzKsOKkDPEIqD,404,HTTP Error 404: Not Found,C:\Users\meggletona\UTC Sheffield\Computing Staff - General\Archives\Archive June 2026\Teaching Resources\CyberEPQ\Primary Research Methods.pptx|C:\Users\meggletona\UTC Sheffield\Computing Staff - General\Archives\Archive June 2026\Teaching Resources\CyberEPQ\Research Methods.pptx
https://encrypted-tbn0.gstatic.com/images?q=tbn:ANd9GcSg4Ub1bCCa3gYA15JntvFsKYM9UWbvsk9aexqROuGm9KsKjlyu,404,HTTP Error 404: Not Found,C:\Users\meggletona\UTC Sheffield\Computing Staff - General\Archives\Archive June 2026\Teaching Resources\CyberEPQ\Primary Research Methods.pptx|C:\Users\meggletona\UTC Sheffield\Computing Staff - General\Archives\Archive June 2026\Teaching Resources\CyberEPQ\Research Methods.pptx
https://encrypted-tbn0.gstatic.com/images?q=tbn:ANd9GcSllc9STe3t-3cdB6mg5jLKSpXpmpCg7X8ZjeYyz11opAxI-6VL,404,HTTP Error 404: Not Found,C:\Users\meggletona\UTC Sheffield\Computing Staff - General\Archives\Archive June 2026\Teaching Resources\CyberEPQ\Primary Research Methods.pptx|C:\Users\meggletona\UTC Sheffield\Computing Staff - General\Archives\Archive June 2026\Teaching Resources\CyberEPQ\Research Methods.pptx
https://encrypted-tbn2.gstatic.com/images?q=tbn:ANd9GcR5GWIQ1EoMsXQyhEgQoeGz7pCRp5IJh7K2evs_q-lpQkDf8Nmgjw,404,HTTP Error 404: Not Found,C:\Users\meggletona\UTC Sheffield\Computing Staff - General\Archives\Archive June 2026\Teaching Resources\CyberEPQ\Primary Research Methods.pptx|C:\Users\meggletona\UTC Sheffield\Computing Staff - General\Archives\Archive June 2026\Teaching Resources\CyberEPQ\Research Methods.pptx
https://encrypted-tbn3.gstatic.com/images?q=tbn:ANd9GcS5sl4Ld6pBtH6JatYJtmg9pZuiUppLmYnWmHFn7YC9efDKiqpO,404,HTTP Error 404: Not Found,C:\Users\meggletona\UTC Sheffield\Computing Staff - General\Archives\Archive June 2026\Teaching Resources\CyberEPQ\Primary Research Methods.pptx|C:\Users\meggletona\UTC Sheffield\Computing Staff - General\Archives\Archive June 2026\Teaching Resources\CyberEPQ\Research Methods.pptx
https://essentialsdocs.fandom.com/wiki/Metadata,403,HTTP Error 403: Forbidden,"C:\Users\meggletona\UTC Sheffield\Computing Staff - General\Archives\Archive June 2026\Teaching Resources\T-Levels\Content bank\2024 - 2025 lessons and content (Production, Design and Development)\Resources\data-intro-powerpoint.pptx"
https://examples.yourdictionary.com/simple-code-of-,404,HTTP Error 404: Not Found,"C:\Users\meggletona\UTC Sheffield\Computing Staff - General\Archives\Archive June 2026\Teaching Resources\T-Levels\Content bank\2024 - 2025 lessons and content (Production, Design and Development)\Resources\leg-and-reg-requirements-topic-lesson-plans.pdf"
https://fontawesom,,<urlopen error [Errno 11001] getaddrinfo failed>,"C:\Users\meggletona\UTC Sheffield\Computing Staff - General\Archives\Archive June 2026\Teaching Resources\T-Levels\2025 - 2026 Year 2 (Production, Design and Development)\OSC - Past Papers\OSC2023\t-level-digital-distinction_2023.pdf"
https://fonts.googleapis.com,404,HTTP Error 404: Not Found,"C:\Users\meggletona\UTC Sheffield\Computing Staff - General\Archives\Archive June 2026\Teaching Resources\T-Levels\2025 - 2026 Year 2 (Production, Design and Development)\OSC - Past Papers\OSC2022\grade-standard-exemplification-materials-2022-t-level-digital-distinction.pdf"
https://fonts.gstatic.com,404,HTTP Error 404: Not Found,"C:\Users\meggletona\UTC Sheffield\Computing Staff - General\Archives\Archive June 2026\Teaching Resources\T-Levels\2025 - 2026 Year 2 (Production, Design and Development)\OSC - Past Papers\OSC2022\grade-standard-exemplification-materials-2022-t-level-digital-distinction.pdf"
https://forms.cloud.microsoft/Pages/DesignPageV2.aspx?prevorigin=Marketing&origin=NeoPortalPage&subpage=design&id=ZKIAu7CJ9E6Q2xK…,,'ascii' codec can't encode character '\u2026' in position 104: ordinal not in range(128),"C:\Users\meggletona\UTC Sheffield\Computing Staff - General\Archives\Archive June 2026\Teaching Resources\T-Levels\2025 - 2026 Year 2 (Production, Design and Development)\OSC - Past Papers\Leeds UTC example\Barowik James - LL-000018220\Task 3a\New folder\Task3_Appendix_C_TechnicalFeedbackForm_LL000018220_Barowik_J.pdf|C:\Users\meggletona\UTC Sheffield\Computing Staff - General\Archives\Archive June 2026\Teaching Resources\T-Levels\2025 - 2026 Year 2 (Production, Design and Development)\OSC - Past Papers\Leeds UTC example\Barowik James - LL-000018220\Task 3a\New folder\Task3_Appendix_D_NonTechnicalFeedbackForm_LL000018220_Barowik_J.pdf"
https://forms.office.com/Pages/DesignPageV2.aspx?origin=NeoPortalPage&subpage=design&id=4OQOG2ZRykO0ZwI86bscxJFa7lTQZfREtHa-…,,'ascii' codec can't encode character '\u2026' in position 104: ordinal not in range(128),"C:\Users\meggletona\UTC Sheffield\Computing Staff - General\Archives\Archive June 2026\Teaching Resources\T-Levels\2025 - 2026 Year 2 (Production, Design and Development)\OSC - Past Papers\OSC2024\digital-production-design-development-distinction-summer-2024.pdf"
https://futuremachinelearning.org/understanding-data-formats-definitions-types-and-examples/,,<urlopen error [Errno 11001] getaddrinfo failed>,C:\Users\meggletona\UTC Sheffield\Computing Staff - General\Archives\Archive June 2026\Teaching Resources\AAQ Application Development\Application development - Docs and specs\F160 mandatory unit - Fundamentals of applications development\Scheme of work Fundamentals of application development (F160).docx|C:\Users\meggletona\UTC Sheffield\Computing Staff - General\Archives\Archive June 2026\Teaching Resources\AAQ Application Development\F160 Fundamentals of application development\Scheme of work Fundamentals of application development (F160).docx
https://getbootstrap,,<urlopen error [Errno 11001] getaddrinfo failed>,"C:\Users\meggletona\UTC Sheffield\Computing Staff - General\Archives\Archive June 2026\Teaching Resources\T-Levels\2025 - 2026 Year 2 (Production, Design and Development)\OSC - Past Papers\OSC2023\t-level-digital-distinction_2023.pdf"
https://getbootstrap.com/docs/5.0/getting-,404,HTTP Error 404: Not Found,"C:\Users\meggletona\UTC Sheffield\Computing Staff - General\Archives\Archive June 2026\Teaching Resources\T-Levels\2025 - 2026 Year 2 (Production, Design and Development)\OSC - Past Papers\OSC2024\digital-production-design-development-distinction-summer-2024.pdf"
https://github.com/Nobodyishome1816/glowing-,404,HTTP Error 404: Not Found,"C:\Users\meggletona\UTC Sheffield\Computing Staff - General\Archives\Archive June 2026\Teaching Resources\T-Levels\2025 - 2026 Year 2 (Production, Design and Development)\OSC - Past Papers\Leeds UTC example\McAllister Tom - LL-000018216 (Distinction)\Task 2\SUBMIT THIS WORK\Task2_Internet_Log_LL-000018216_McAllister_T.pdf"
https://github.com/alexbaxter07/college/blob/main/prep/may24/version%201.109:01main,404,HTTP Error 404: Not Found,"C:\Users\meggletona\UTC Sheffield\Computing Staff - General\Archives\Archive June 2026\Teaching Resources\T-Levels\2025 - 2026 Year 2 (Production, Design and Development)\OSC - Past Papers\Leeds UTC example\Baxter Alexia - LL-000018219\Task 2\Task2_InternetLog_LL-000018129_Baxter_A.pdf"
https://github.com/alexbaxter07/college09:01own,404,HTTP Error 404: Not Found,"C:\Users\meggletona\UTC Sheffield\Computing Staff - General\Archives\Archive June 2026\Teaching Resources\T-Levels\2025 - 2026 Year 2 (Production, Design and Development)\OSC - Past Papers\Leeds UTC example\Baxter Alexia - LL-000018219\Task 2\Task2_InternetLog_LL-000018129_Baxter_A.pdf"
https://github.com/alexbaxter07/college09:13own,404,HTTP Error 404: Not Found,"C:\Users\meggletona\UTC Sheffield\Computing Staff - General\Archives\Archive June 2026\Teaching Resources\T-Levels\2025 - 2026 Year 2 (Production, Design and Development)\OSC - Past Papers\Leeds UTC example\Baxter Alexia - LL-000018219\Task 2\Task2_InternetLog_LL-000018129_Baxter_A.pdf"
https://github.com/alexbaxter07/college09:16own,404,HTTP Error 404: Not Found,"C:\Users\meggletona\UTC Sheffield\Computing Staff - General\Archives\Archive June 2026\Teaching Resources\T-Levels\2025 - 2026 Year 2 (Production, Design and Development)\OSC - Past Papers\Leeds UTC example\Baxter Alexia - LL-000018219\Task 2\Task2_InternetLog_LL-000018129_Baxter_A.pdf"
https://github.com/alexbaxter07/college09:36own,404,HTTP Error 404: Not Found,"C:\Users\meggletona\UTC Sheffield\Computing Staff - General\Archives\Archive June 2026\Teaching Resources\T-Levels\2025 - 2026 Year 2 (Production, Design and Development)\OSC - Past Papers\Leeds UTC example\Baxter Alexia - LL-000018219\Task 2\Task2_InternetLog_LL-000018129_Baxter_A.pdf"
https://github.com/alexbaxter07/college09:45own,404,HTTP Error 404: Not Found,"C:\Users\meggletona\UTC Sheffield\Computing Staff - General\Archives\Archive June 2026\Teaching Resources\T-Levels\2025 - 2026 Year 2 (Production, Design and Development)\OSC - Past Papers\Leeds UTC example\Baxter Alexia - LL-000018219\Task 2\Task2_InternetLog_LL-000018129_Baxter_A.pdf"
https://github.com/alexbaxter07/college10:26own,404,HTTP Error 404: Not Found,"C:\Users\meggletona\UTC Sheffield\Computing Staff - General\Archives\Archive June 2026\Teaching Resources\T-Levels\2025 - 2026 Year 2 (Production, Design and Development)\OSC - Past Papers\Leeds UTC example\Baxter Alexia - LL-000018219\Task 2\Task2_InternetLog_LL-000018129_Baxter_A.pdf"
https://github.com/alexbaxter07/college10:43own,404,HTTP Error 404: Not Found,"C:\Users\meggletona\UTC Sheffield\Computing Staff - General\Archives\Archive June 2026\Teaching Resources\T-Levels\2025 - 2026 Year 2 (Production, Design and Development)\OSC - Past Papers\Leeds UTC example\Baxter Alexia - LL-000018219\Task 2\Task2_InternetLog_LL-000018129_Baxter_A.pdf"
https://gitter.im/matplotlib/matplotlib,404,HTTP Error 404: Not Found,C:\Users\meggletona\UTC Sheffield\Computing Staff - General\Archives\Archive June 2026\Teaching Resources\T-Levels\2025 - 2026 Year 1 (Software Development)\DPA - units 1 and 2\Half Term 2\Week10 - Data Analysis\Extra Handouts\cheatsheets.pdf
https://help.pendo.io/,,<urlopen error [Errno 11001] getaddrinfo failed>,C:\Users\meggletona\UTC Sheffield\Computing Staff - General\Archives\Archive June 2026\Teaching Resources\AAQ Application Development\F160 Fundamentals of application development\Topic area 2 - Software development models\2.2 Common phases of software development models.pptx
https://helpx.adobe.com/uk/photoshop/using/preferences.html,,The read operation timed out,C:\Users\meggletona\UTC Sheffield\Computing Staff - General\Archives\Archive June 2026\Teaching Resources\AAQ Application Development\F160 Fundamentals of application development\Topic area 1 - Types of software used in application design\1.3.3 - Application software types.pptx
https://iapp.org/resources/article/developers-guide-to-the-gdpr,404,HTTP Error 404: Not Found,C:\Users\meggletona\UTC Sheffield\Computing Staff - General\Archives\Archive June 2026\Teaching Resources\AAQ Application Development\Application development - Docs and specs\F161 mandatory unit - Developing application software\Scheme of work Developing application software (F161).docx
https://ico.org.uk/fo,404,HTTP Error 404: Not Found,C:\Users\meggletona\UTC Sheffield\Computing Staff - General\Archives\Archive June 2026\Teaching Resources\ALevel Computing\Comp1\Unit 9 Legal-moral-ethical-and-cultural-issues\Unit 9 Legal and cultural issues\T1 Computing related legislation\Unit 9 Worksheet 1.docx
https://ico.org.uk/for-organisations/advice-for-small-organisations/whats-new/blogs/15-things-all-small-businesses-need-to-know-about-data-protection/,404,HTTP Error 404: Not Found,"C:\Users\meggletona\UTC Sheffield\Computing Staff - General\Archives\Archive June 2026\Teaching Resources\T-Levels\Content bank\2024 - 2025 lessons and content (Production, Design and Development)\Resources\t-level-digital-core-sow.docx"
https://ico.org.uk/for-organisations/business/,404,HTTP Error 404: Not Found,"C:\Users\meggletona\UTC Sheffield\Computing Staff - General\Archives\Archive June 2026\Teaching Resources\T-Levels\Content bank\2024 - 2025 lessons and content (Production, Design and Development)\Resources\leg-and-reg-requirements-intro-powerpoint.pptx"
https://ico.org.uk/for-organisations/data-protection-reform/overview-of-the-gdpr/individuals-rights/rights-related-to-automated-decision-making-and-profiling/,404,HTTP Error 404: Not Found,"C:\Users\meggletona\UTC Sheffield\Computing Staff - General\Archives\Archive June 2026\Teaching Resources\ALevel Computing\Comp1\Unit 9 Legal-moral-ethical-and-cultural-issues\Unit 9 Legal and cultural issues\T2 Ethical, moral and cultural issues\Unit 9 Worksheet 2 Answers.docx"
https://ico.org.uk/for-organisations/guide-to-data-,404,HTTP Error 404: Not Found,"C:\Users\meggletona\UTC Sheffield\Computing Staff - General\Archives\Archive June 2026\Teaching Resources\T-Levels\Content bank\2024 - 2025 lessons and content (Production, Design and Development)\Resources\leg-and-reg-requirements-topic-lesson-plans.pdf"
https://ico.org.uk/for-organisations/guide-to-data-protection/data-protection-principles/,404,HTTP Error 404: Not Found,C:\Users\meggletona\UTC Sheffield\Computing Staff - General\Archives\Archive June 2026\Teaching Resources\ALevel Computing\Comp1\Unit 9 Legal-moral-ethical-and-cultural-issues\Unit 9 Legal and cultural issues\T1 Computing related legislation\Unit 9 Worksheet 1 Answers.docx|C:\Users\meggletona\UTC Sheffield\Computing Staff - General\Archives\Archive June 2026\Teaching Resources\ALevel Computing\Comp1\Unit 9 Legal-moral-ethical-and-cultural-issues\Unit 9 Legal and cultural issues\T1 Computing related legislation\Unit 9 Worksheet 1.docx
https://ico.org.uk/for-organisations/guide-to-data-protection/guide-to-the-general-data-protection-regulation-gdpr/principles/,404,HTTP Error 404: Not Found,"C:\Users\meggletona\UTC Sheffield\Computing Staff - General\Archives\Archive June 2026\Teaching Resources\T-Levels\Content bank\2024 - 2025 lessons and content (Production, Design and Development)\Resources\leg-and-reg-requirements-intro-powerpoint.pptx"
https://ico.org.uk/for-organisations/guide-to-data-protection/principle-6-rights/automated-decision-taking/,404,HTTP Error 404: Not Found,"C:\Users\meggletona\UTC Sheffield\Computing Staff - General\Archives\Archive June 2026\Teaching Resources\ALevel Computing\Comp1\Unit 9 Legal-moral-ethical-and-cultural-issues\Unit 9 Legal and cultural issues\T2 Ethical, moral and cultural issues\Unit 9 Worksheet 2 Answers.docx"
https://ico.org.uk/for-the-public/personal-information/,404,HTTP Error 404: Not Found,C:\Users\meggletona\UTC Sheffield\Computing Staff - General\Archives\Archive June 2026\Teaching Resources\ALevel Computing\Comp1\Unit 9 Legal-moral-ethical-and-cultural-issues\Unit 9 Legal and cultural issues\T1 Computing related legislation\Unit 9 Worksheet 1 Answers.docx
https://ico.org.uk/media/about-the-ico/consultations/2258461/dpia-template-v04-post-comms-review-20180308.pdf,404,HTTP Error 404: Not Found,"C:\Users\meggletona\UTC Sheffield\Computing Staff - General\Archives\Archive June 2026\Teaching Resources\T-Levels\Content bank\2024 - 2025 lessons and content (Production, Design and Development)\Resources\security-intro-powerpoint.pptx"
https://ico.org.uk/media/for-organisations/documents/1563/ico_bring_your_own_device_byod_,404,HTTP Error 404: Not Found,C:\Users\meggletona\UTC Sheffield\Computing Staff - General\Archives\Archive June 2026\Teaching Resources\Camb Tech Level 3\Unit 3\OCR-cybersecurity delivery guide.pdf
https://ico.org.uk/media/for-organisations/training/1043073/ico-secondary-resources-full-pack.pdf,404,HTTP Error 404: Not Found,"C:\Users\meggletona\UTC Sheffield\Computing Staff - General\Archives\Archive June 2026\Teaching Resources\T-Levels\Content bank\2024 - 2025 lessons and content (Production, Design and Development)\Resources\t-level-digital-core-sow.docx"
https://ico.org.uk/media2/migrated/2013559/big-data-ai-ml-and-data-protection.pdf,404,HTTP Error 404: Not Found,C:\Users\meggletona\UTC Sheffield\Computing Staff - General\Archives\Archive June 2026\Teaching Resources\AAQ Data Analytics\F201 mandatory unit - Big data and machine learning\Scheme of work Big data and machine learning (F201).docx
https://id4d.worldbank.org/guide,403,HTTP Error 403: Forbidden,"C:\Users\meggletona\UTC Sheffield\Computing Staff - General\Archives\Archive June 2026\Teaching Resources\T-Levels\Content bank\2024 - 2025 lessons and content (Production, Design and Development)\Resources\t-level-digital-core-sow.docx"
https://images.squarespace-,,<urlopen error [Errno 11001] getaddrinfo failed>,"C:\Users\meggletona\UTC Sheffield\Computing Staff - General\Archives\Archive June 2026\Teaching Resources\T-Levels\2025 - 2026 Year 2 (Production, Design and Development)\OSC - Past Papers\Leeds UTC example\Barowik James - LL-000018220\Task 1\Task 1 Occ Spec\Task1_Internet_Log_LL-000018220-Barowik-J.pdf"
https://informationisbeautiful.net/,,<urlopen error [SSL: CERTIFICATE_VERIFY_FAILED] certificate verify failed: unable to get local issuer certificate (_ssl.c:1032)>,"C:\Users\meggletona\UTC Sheffield\Computing Staff - General\Archives\Archive June 2026\Teaching Resources\AAQ Data Analytics\F202 - Spreadsheet Data Modelling\Lesson slides\AAQ coursework introduction.pptx|C:\Users\meggletona\UTC Sheffield\Computing Staff - General\Archives\Archive June 2026\Teaching Resources\T-Levels\2025 - 2026 Year 1 (Software Development)\HCH - units 3, 5 and 6\Unit 6 - Data\6.1 Data, information and knowledge\6.1.1 Data, information and knowledge.pptx|C:\Users\meggletona\UTC Sheffield\Computing Staff - General\Archives\Archive June 2026\Teaching Resources\T-Levels\2025 - 2026 Year 1 (Software Development)\HCH - units 3, 5 and 6\Unit 6 - Data\6.1 Data, information and knowledge\6.1.4 How organisations use data and information.pptx|C:\Users\meggletona\UTC Sheffield\Computing Staff - General\Archives\Archive June 2026\Teaching Resources\T-Levels\2025 - 2026 Year 1 (Software Development)\HCH - units 3, 5 and 6\Unit 6 - Data\6.9 Data visualisation\Data science.pptx|C:\Users\meggletona\UTC Sheffield\Computing Staff - General\Archives\Archive June 2026\Teaching Resources\T-Levels\2025 - 2026 Year 1 (Software Development)\HCH - units 3, 5 and 6\Unit 6 - Data\6.9 Data visualisation\Planetary data task.docx|C:\Users\meggletona\UTC Sheffield\Computing Staff - General\Archives\Archive June 2026\Teaching Resources\T-Levels\Content bank\2024 - 2025 lessons and content (Production, Design and Development)\Resources\data-topic-lesson-plans.pdf|C:\Users\meggletona\UTC Sheffield\Computing Staff - General\Archives\Archive June 2026\Teaching Resources\Y9 IT\2024 - 2025\Data and Excel skills (Prefect)\Week 2 & 3 - Prefect and data science\Data science.pptx|C:\Users\meggletona\UTC Sheffield\Computing Staff - General\Archives\Archive June 2026\Teaching Resources\Y9 IT\2024 - 2025\Data and Excel skills (Prefect)\Week 2 & 3 - Prefect and data science\Planetary data task Y9.docx"
https://informationisbeautiful.net/topic/nature-climate/,,<urlopen error [SSL: CERTIFICATE_VERIFY_FAILED] certificate verify failed: unable to get local issuer certificate (_ssl.c:1032)>,C:\Users\meggletona\UTC Sheffield\Computing Staff - General\Archives\Archive June 2026\Teaching Resources\Y9 IT\2024 - 2025\Data and Excel skills (Prefect)\Extension lesson (if needed)\L2 Slides - Data science - Y9.pptx
https://informationisbeautiful.net/visualizations/worl,,<urlopen error [SSL: CERTIFICATE_VERIFY_FAILED] certificate verify failed: unable to get local issuer certificate (_ssl.c:1032)>,"C:\Users\meggletona\UTC Sheffield\Computing Staff - General\Archives\Archive June 2026\Teaching Resources\T-Levels\Content bank\2024 - 2025 lessons and content (Production, Design and Development)\Resources\leg-and-reg-requirements-topic-lesson-plans.pdf"
https://informationisbeautiful.net/visualizations/worlds-biggest-data-breaches-hacks/,,<urlopen error [SSL: CERTIFICATE_VERIFY_FAILED] certificate verify failed: unable to get local issuer certificate (_ssl.c:1032)>,"C:\Users\meggletona\UTC Sheffield\Computing Staff - General\Archives\Archive June 2026\Teaching Resources\T-Levels\Content bank\2024 - 2025 lessons and content (Production, Design and Development)\Resources\digital-environments-intro-powerpoint (1).pptx"
https://internetofwater.org/valuing-data/what-are-data-information-and-knowledge/,404,HTTP Error 404: Not Found,"C:\Users\meggletona\UTC Sheffield\Computing Staff - General\Archives\Archive June 2026\Teaching Resources\T-Levels\Content bank\2024 - 2025 lessons and content (Production, Design and Development)\Resources\t-level-digital-core-sow.docx"
https://ioct.tech/edu/py09,,<urlopen error [Errno 11001] getaddrinfo failed>,"C:\Users\meggletona\UTC Sheffield\Computing Staff - General\Archives\Archive June 2026\Teaching Resources\T-Levels\Content bank\2024 - 2025 lessons and content (Production, Design and Development)\Resources\intro-to-programming-topic-lesson-plans.pdf"
https://journals.sagepub.com/doi/10.1177/20438869221096859?icid=int.sj-abstract.citing-articles.202,403,HTTP Error 403: Forbidden,C:\Users\meggletona\UTC Sheffield\Computing Staff - General\Archives\Archive June 2026\Teaching Resources\AAQ Data Analytics\F201 mandatory unit - Big data and machine learning\Scheme of work Big data and machine learning (F201).docx
https://knowledge-,,<urlopen error [Errno 11001] getaddrinfo failed>,"C:\Users\meggletona\UTC Sheffield\Computing Staff - General\Archives\Archive June 2026\Teaching Resources\T-Levels\2025 - 2026 Year 2 (Production, Design and Development)\OSC - Past Papers\Leeds UTC example\Barowik James - LL-000018220\Task 2\Task2_ContentAssetsLog_LL-000018220-Barowik_J.pdf"
https://learningcontent.cisco.com/games/binary/index.html,,<urlopen error [SSL: CERTIFICATE_VERIFY_FAILED] certificate verify failed: unable to get local issuer certificate (_ssl.c:1032)>,C:\Users\meggletona\UTC Sheffield\Computing Staff - General\Archives\Archive June 2026\Teaching Resources\Y11 GCSE Computer Science\Paper 2\2.2.1 Programming fundamentals\Cover lesson 23rd March.pptx
https://lh3.googleusercontent.com/-4bGzSYJvVEE/XtPbuDS64HI/AAAAAAAAF9w/bep1rLp0grcyc91d9wLrdVM-Tura0fgRgCK8BGAsYHg/s0/2020-05-31.png,404,HTTP Error 404: Not Found,C:\Users\meggletona\UTC Sheffield\Computing Staff - General\Archives\Archive June 2026\Teaching Resources\Y9 IT\2025 - 2026\Blender\L4 Complex models and colours\L4 Complex models and colours.pptx
https://library.fiveable.me/data-inference-and-decisions/unit-1/types-data-characteristics/study-guide/YlM6XQ9qH4zqlduM,404,HTTP Error 404: Not Found,C:\Users\meggletona\UTC Sheffield\Computing Staff - General\Archives\Archive June 2026\Teaching Resources\AAQ Application Development\Application development - Docs and specs\F161 mandatory unit - Developing application software\Scheme of work Developing application software (F161).docx
https://marketingepic.com/importance-market-analysis/,404,HTTP Error 404: Not Found,"C:\Users\meggletona\UTC Sheffield\Computing Staff - General\Archives\Archive June 2026\Teaching Resources\T-Levels\Content bank\2024 - 2025 lessons and content (Production, Design and Development)\Resources\data-intro-powerpoint.pptx"
https://medium.com/1erp/the-five-erp-implementation-approaches-805830ec6f0a,403,HTTP Error 403: Forbidden,C:\Users\meggletona\UTC Sheffield\Computing Staff - General\Archives\Archive June 2026\Teaching Resources\AAQ Application Development\Application development - Docs and specs\F160 mandatory unit - Fundamentals of applications development\Scheme of work Fundamentals of application development (F160).docx|C:\Users\meggletona\UTC Sheffield\Computing Staff - General\Archives\Archive June 2026\Teaching Resources\AAQ Application Development\F160 Fundamentals of application development\Scheme of work Fundamentals of application development (F160).docx
https://medium.com/@ODSC/top-data-wrangling-skills-required-for-data-scientists-8a6b7dc604a7,403,HTTP Error 403: Forbidden,"C:\Users\meggletona\UTC Sheffield\Computing Staff - General\Archives\Archive June 2026\Teaching Resources\T-Levels\2025 - 2026 Year 1 (Software Development)\HCH - units 3, 5 and 6\Unit 6 - Data\6.8 Data systems\6.8 Data systems.pptx|C:\Users\meggletona\UTC Sheffield\Computing Staff - General\Archives\Archive June 2026\Teaching Resources\T-Levels\Content bank\2024 - 2025 lessons and content (Production, Design and Development)\Resources\data-intro-powerpoint.pptx"
https://medium.com/@rotliwalasakhi/working-with-files-in-python-reading-and-writing-files-csv-json-and-xml-2ee53244080d,403,HTTP Error 403: Forbidden,C:\Users\meggletona\UTC Sheffield\Computing Staff - General\Archives\Archive June 2026\Teaching Resources\AAQ Application Development\Application development - Docs and specs\F161 mandatory unit - Developing application software\Scheme of work Developing application software (F161).docx
https://medium.com/@steve_fabrik/knowledge-is-power-designing-a-knowledge-base-5aaef94b9a24,403,HTTP Error 403: Forbidden,"C:\Users\meggletona\UTC Sheffield\Computing Staff - General\Archives\Archive June 2026\Teaching Resources\T-Levels\Content bank\2024 - 2025 lessons and content (Production, Design and Development)\Resources\data-intro-powerpoint.pptx|C:\Users\meggletona\UTC Sheffield\Computing Staff - General\Archives\Archive June 2026\Teaching Resources\T-Levels\Content bank\2024 - 2025 lessons and content (Production, Design and Development)\Resources\intro-to-programming-intro-powerpoint.pptx"
https://medium.com/bestcompany/5-companies-that-have-been-caught-violating-their-customers-privacy-9cfe660ea3eb,403,HTTP Error 403: Forbidden,"C:\Users\meggletona\UTC Sheffield\Computing Staff - General\Archives\Archive June 2026\Teaching Resources\T-Levels\Content bank\2024 - 2025 lessons and content (Production, Design and Development)\Resources\t-level-digital-core-sow.docx"
https://medium.com/big-data-processing/data-pipeline-and-data-lifecycle-management-68cd0d60871b,403,HTTP Error 403: Forbidden,C:\Users\meggletona\UTC Sheffield\Computing Staff - General\Archives\Archive June 2026\Teaching Resources\AAQ Data Analytics\F200 mandatory unit - Fundamentals of data analytics\Scheme of work Fundamentals of data analytics (F200).docx
https://medium.com/thinking-design/designing-for-different-screens-and-devices-7-steps-to-creating-a-great-ux-49f237a8b972,403,HTTP Error 403: Forbidden,C:\Users\meggletona\UTC Sheffield\Computing Staff - General\Archives\Archive June 2026\Teaching Resources\AAQ Application Development\Application development - Docs and specs\F161 mandatory unit - Developing application software\Scheme of work Developing application software (F161).docx
https://microchipdeveloper.com/tcpip:common-tcp-ip-applications,,The read operation timed out,"C:\Users\meggletona\UTC Sheffield\Computing Staff - General\Archives\Archive June 2026\Teaching Resources\T-Levels\Content bank\2024 - 2025 lessons and content (Production, Design and Development)\Resources\digital-environments-intro-powerpoint (1).pptx"
https://mitsloan.mit.edu/LearningEdge/strategy/Page,404,HTTP Error 404: Not Found,"C:\Users\meggletona\UTC Sheffield\Computing Staff - General\Archives\Archive June 2026\Teaching Resources\T-Levels\Content bank\2024 - 2025 lessons and content (Production, Design and Development)\Resources\bus-contexts-topic-lesson-plans.pdf"
https://mostly.ai/data-democratization-podcast/data-ethics-best-practices,404,HTTP Error 404: Not Found,C:\Users\meggletona\UTC Sheffield\Computing Staff - General\Archives\Archive June 2026\Teaching Resources\AAQ Data Analytics\F201 mandatory unit - Big data and machine learning\Scheme of work Big data and machine learning (F201).docx
https://nakedsecurity.sophos.com/2016/08/19/twitter-purges-235k-extremist-accounts/,,The read operation timed out,C:\Users\meggletona\UTC Sheffield\Computing Staff - General\Archives\Archive June 2026\Teaching Resources\ALevel Computing\Comp1\Unit 9 Legal-moral-ethical-and-cultural-issues\Unit 9 Legal and cultural issues\T3 Privacy and censorship\Unit 9 Worksheet 3 Answers.docx
"https://nakedsecurity.sophos.com/2018/02/19/hackers-sentenced-for-sql-injections-that-cost-300-million/#:~:text=In%20total%2C%20the%20hacking%20ring,prosecuted%20in%20the%20United%20States",,The read operation timed out,C:\Users\meggletona\UTC Sheffield\Computing Staff - General\Archives\Archive June 2026\Teaching Resources\Y10 GCSE Computer Science\Paper 2\2.3 - Producing Robust Programs\2.3.1 - Defensive Design.pptx|C:\Users\meggletona\UTC Sheffield\Computing Staff - General\Archives\Archive June 2026\Teaching Resources\Y11 GCSE Computer Science\Content bank\STO\Paper 2\2.3 - Producing Robust Programs\2.3.1 - Defensive Design.pptx
https://ncce.io/divs_and_classes,404,HTTP Error 404: Not Found,C:\Users\meggletona\UTC Sheffield\Computing Staff - General\Archives\Archive June 2026\Teaching Resources\Y9 Computer Science\2024-2025\Web development\L6 - DIVs and classes in CSS.pptx
https://ncce.io/inner_divs,404,HTTP Error 404: Not Found,C:\Users\meggletona\UTC Sheffield\Computing Staff - General\Archives\Archive June 2026\Teaching Resources\Y9 Computer Science\2024-2025\Web development\L6 - DIVs and classes in CSS.pptx
https://neal.fun/design-the-next-iphone/,403,HTTP Error 403: Forbidden,C:\Users\meggletona\UTC Sheffield\Computing Staff - General\Archives\Archive June 2026\Teaching Resources\Y9 IT\2024 - 2025\Basic IT skills\10 - EU Code week.pptx
https://online.hbs.edu/blog/post/business-analytics-examples,403,HTTP Error 403: Forbidden,"C:\Users\meggletona\UTC Sheffield\Computing Staff - General\Archives\Archive June 2026\Teaching Resources\T-Levels\Content bank\2024 - 2025 lessons and content (Production, Design and Development)\Resources\t-level-digital-core-sow.docx"
https://online.hbs.edu/blog/post/data-collection-methods,403,HTTP Error 403: Forbidden,"C:\Users\meggletona\UTC Sheffield\Computing Staff - General\Archives\Archive June 2026\Teaching Resources\T-Levels\Content bank\2024 - 2025 lessons and content (Production, Design and Development)\Resources\t-level-digital-core-sow.docx"
https://online.hbs.edu/blog/post/data-wrangling,403,HTTP Error 403: Forbidden,C:\Users\meggletona\UTC Sheffield\Computing Staff - General\Archives\Archive June 2026\Teaching Resources\AAQ Data Analytics\F200 mandatory unit - Fundamentals of data analytics\Scheme of work Fundamentals of data analytics (F200).docx
https://online.hbs.edu/blog/post/diagnostic-analytics,403,HTTP Error 403: Forbidden,C:\Users\meggletona\UTC Sheffield\Computing Staff - General\Archives\Archive June 2026\Teaching Resources\AAQ Data Analytics\F201 mandatory unit - Big data and machine learning\Scheme of work Big data and machine learning (F201).docx
https://otec.uoregon.edu/data-wisdom.htm,,<urlopen error [Errno 11001] getaddrinfo failed>,"C:\Users\meggletona\UTC Sheffield\Computing Staff - General\Archives\Archive June 2026\Teaching Resources\T-Levels\Content bank\2024 - 2025 lessons and content (Production, Design and Development)\Resources\data-intro-powerpoint.pptx"
https://pastebin.pl/,526,HTTP Error 526: <none>,"C:\Users\meggletona\UTC Sheffield\Computing Staff - General\Archives\Archive June 2026\Teaching Resources\T-Levels\2025 - 2026 Year 2 (Production, Design and Development)\OSC - Past Papers\OSC\digital-production-design-and-development-project-delivery-guide-new-blue-1.pdf"
https://pixabay.com/,403,HTTP Error 403: Forbidden,C:\Users\meggletona\UTC Sheffield\Computing Staff - General\Archives\Archive June 2026\Teaching Resources\Y9 Computer Science\2024-2025\Machine learning & artificial intelligence\lesson-5-how-to-solve-problems-with-machine-learning-models-en\Solving problems with ML models.pptx
https://pixabay.com/?utm_source=link-attribution&amp;utm_medium=referral&amp;utm_campaign=image&amp;utm_content=1735644,403,HTTP Error 403: Forbidden,C:\Users\meggletona\UTC Sheffield\Computing Staff - General\Archives\Archive June 2026\Teaching Resources\Y9 IT\2024 - 2025\Excel skills\Inspiration\KS3\L6 - Assessment\Slides - Year 7 - Modelling Data - Spreadsheets - Lesson 6.pptx
https://pixabay.com/?utm_source=link-attribution&amp;utm_medium=referral&amp;utm_campaign=image&amp;utm_content=2137664,403,HTTP Error 403: Forbidden,C:\Users\meggletona\UTC Sheffield\Computing Staff - General\Archives\Archive June 2026\Teaching Resources\Y9 IT\2024 - 2025\Excel skills\Inspiration\KS3\L2 - Quick calculations\Slides - Year 7 - Modelling Data - Spreadsheets - Lesson 2.pptx
https://pixabay.com/?utm_source=link-attribution&amp;utm_medium=referral&amp;utm_campaign=image&amp;utm_content=3518980,403,HTTP Error 403: Forbidden,C:\Users\meggletona\UTC Sheffield\Computing Staff - General\Archives\Archive June 2026\Teaching Resources\Y9 IT\2024 - 2025\Excel skills\Inspiration\KS3\L2 - Quick calculations\Slides - Year 7 - Modelling Data - Spreadsheets - Lesson 2.pptx
https://pixabay.com/?utm_source=link-attribution&amp;utm_medium=referral&amp;utm_campaign=image&amp;utm_content=3976295,403,HTTP Error 403: Forbidden,C:\Users\meggletona\UTC Sheffield\Computing Staff - General\Archives\Archive June 2026\Teaching Resources\Y9 IT\2024 - 2025\Excel skills\Inspiration\KS3\L1 - Getting to know a spreadsheet\Slides - Year 7 - Modelling Data - Spreadsheets - Lesson 1.pptx
https://pixabay.com/?utm_source=link-attribution&amp;utm_medium=referral&amp;utm_campaign=image&amp;utm_content=532651,403,HTTP Error 403: Forbidden,C:\Users\meggletona\UTC Sheffield\Computing Staff - General\Archives\Archive June 2026\Teaching Resources\Y9 IT\2024 - 2025\Excel skills\Inspiration\KS3\L2 - Quick calculations\Slides - Year 7 - Modelling Data - Spreadsheets - Lesson 2.pptx
https://pixabay.com/?utm_source=link-attribution&amp;utm_medium=referral&amp;utm_campaign=image&amp;utm_content=534103,403,HTTP Error 403: Forbidden,C:\Users\meggletona\UTC Sheffield\Computing Staff - General\Archives\Archive June 2026\Teaching Resources\Y9 IT\2024 - 2025\Excel skills\Inspiration\KS3\L6 - Assessment\Slides - Year 7 - Modelling Data - Spreadsheets - Lesson 6.pptx
https://pixabay.com/illustrations/accounting-statistics-excel-finance-1928237/,403,HTTP Error 403: Forbidden,C:\Users\meggletona\UTC Sheffield\Computing Staff - General\Archives\Archive June 2026\Teaching Resources\Y9 IT\2024 - 2025\Excel skills\Inspiration\KS3\L4 - Become a data master\Slides - Year 7 - Modelling Data - Spreadsheets - Lesson 4.pptx|C:\Users\meggletona\UTC Sheffield\Computing Staff - General\Archives\Archive June 2026\Teaching Resources\Y9 IT\2024 - 2025\Excel skills\Inspiration\KS3\L5 - Level up your data skills\Slides - Year 7 - Modelling Data - Spreadsheets - Lesson 5.pptx
https://pixabay.com/illustrations/banana-southern-fruit-yellow-meal-1425576/,403,HTTP Error 403: Forbidden,C:\Users\meggletona\UTC Sheffield\Computing Staff - General\Archives\Archive June 2026\Teaching Resources\Y9 Computer Science\2024-2025\Machine learning & artificial intelligence\lesson-5-how-to-solve-problems-with-machine-learning-models-en\Solving problems with ML models.pptx
https://pixabay.com/illustrations/big-data-data-world-cloud-1667184,403,HTTP Error 403: Forbidden,C:\Users\meggletona\UTC Sheffield\Computing Staff - General\Archives\Archive June 2026\Teaching Resources\Y9 IT\2024 - 2025\Data and Excel skills (Prefect)\Extension lesson (if needed)\L2 Slides - Data science - Y9.pptx
https://pixabay.com/illustrations/big-data-data-world-cloud-1667184/,403,HTTP Error 403: Forbidden,C:\Users\meggletona\UTC Sheffield\Computing Staff - General\Archives\Archive June 2026\Teaching Resources\Y9 IT\2024 - 2025\Data and Excel skills (Prefect)\Extension lesson (if needed)\L2 Slides - Data science - Y9.pptx
https://pixabay.com/illustrations/bingo-game-win-number-gambling-3662005/,403,HTTP Error 403: Forbidden,C:\Users\meggletona\UTC Sheffield\Computing Staff - General\Archives\Archive June 2026\Teaching Resources\Y9 IT\2024 - 2025\Excel skills\Inspiration\KS3\L1 - Getting to know a spreadsheet\Slides - Year 7 - Modelling Data - Spreadsheets - Lesson 1.pptx
https://pixabay.com/illustrations/blue-colors-competition-event-five-81847/,403,HTTP Error 403: Forbidden,C:\Users\meggletona\UTC Sheffield\Computing Staff - General\Archives\Archive June 2026\Teaching Resources\Y9 IT\2024 - 2025\Excel skills\Inspiration\KS3\L1 - Getting to know a spreadsheet\Slides - Year 7 - Modelling Data - Spreadsheets - Lesson 1.pptx
https://pixabay.com/illustrations/board-school-uni-learn-work-test-361516/,403,HTTP Error 403: Forbidden,C:\Users\meggletona\UTC Sheffield\Computing Staff - General\Archives\Archive June 2026\Teaching Resources\Y9 Computer Science\2024-2025\Web development\Potential resources\L7 - Final project\L7 - Final project\L7 Slides – Final project – KS4.pptx
https://pixabay.com/illustrations/cartoon-paper-pink-paper-green-paper-2175679/,403,HTTP Error 403: Forbidden,C:\Users\meggletona\UTC Sheffield\Computing Staff - General\Archives\Archive June 2026\Teaching Resources\Y9 IT\2024 - 2025\Excel skills\Inspiration\KS3\L2 - Quick calculations\Slides - Year 7 - Modelling Data - Spreadsheets - Lesson 2.pptx
https://pixabay.com/illustrations/exam-scientific-experiment-2428208/,403,HTTP Error 403: Forbidden,C:\Users\meggletona\UTC Sheffield\Computing Staff - General\Archives\Archive June 2026\Teaching Resources\Y9 Computer Science\2024-2025\Web development\Potential resources\L8 - Project completion\L8 - Project completion\L8 Slides – Summative assessment – KS4.pptx
https://pixabay.com/illustrations/lee-berger-desk-laptop-homo-naledi-978052/,403,HTTP Error 403: Forbidden,"C:\Users\meggletona\UTC Sheffield\Computing Staff - General\Archives\Archive June 2026\Teaching Resources\Y9 Computer Science\2024-2025\Web development\L2 & L3 - Lists, images and links in HTML.pptx"
https://pixabay.com/illustrations/library-electronic-ebook-e-book-1666702/,403,HTTP Error 403: Forbidden,C:\Users\meggletona\UTC Sheffield\Computing Staff - General\Archives\Archive June 2026\Teaching Resources\Y9 IT\2024 - 2025\Excel skills\Inspiration\KS3\L3 - Collecting data\Slides - Year 7 - Modelling Data - Spreadsheets - Lesson 3.pptx|C:\Users\meggletona\UTC Sheffield\Computing Staff - General\Archives\Archive June 2026\Teaching Resources\Y9 IT\2024 - 2025\Excel skills\Inspiration\KS3\L4 - Become a data master\L3 - Collecting data\Slides - Year 7 - Modelling Data - Spreadsheets - Lesson 3.pptx
https://pixabay.com/illustrations/russia-russian-world-cup-2018-3037142,403,HTTP Error 403: Forbidden,C:\Users\meggletona\UTC Sheffield\Computing Staff - General\Archives\Archive June 2026\Teaching Resources\Y9 IT\2024 - 2025\Data and Excel skills (Prefect)\Extension lesson (if needed)\L2 Slides - Data science - Y9.pptx
https://pixabay.com/illustrations/russia-russian-world-cup-2018-3037142/,403,HTTP Error 403: Forbidden,C:\Users\meggletona\UTC Sheffield\Computing Staff - General\Archives\Archive June 2026\Teaching Resources\Y9 IT\2024 - 2025\Data and Excel skills (Prefect)\Extension lesson (if needed)\L2 Slides - Data science - Y9.pptx
https://pixabay.com/illustrations/spiderman-kid-hero-superhero-2478977/,403,HTTP Error 403: Forbidden,C:\Users\meggletona\UTC Sheffield\Computing Staff - General\Archives\Archive June 2026\Teaching Resources\Y9 IT\2024 - 2025\Excel skills\Inspiration\KS3\L4 - Become a data master\Slides - Year 7 - Modelling Data - Spreadsheets - Lesson 4.pptx
https://pixabay.com/illustrations/stick-people-high-five-teamwork-2324013/,403,HTTP Error 403: Forbidden,C:\Users\meggletona\UTC Sheffield\Computing Staff - General\Archives\Archive June 2026\Teaching Resources\Y9 Computer Science\2024-2025\Web development\Potential resources\L8 - Project completion\L8 - Project completion\L8 Slides – Summative assessment – KS4.pptx
https://pixabay.com/illustrations/sticky-notes-post-it-notes-sticky-938602/,403,HTTP Error 403: Forbidden,C:\Users\meggletona\UTC Sheffield\Computing Staff - General\Archives\Archive June 2026\Teaching Resources\Y9 IT\2024 - 2025\Excel skills\Inspiration\KS3\L5 - Level up your data skills\Slides - Year 7 - Modelling Data - Spreadsheets - Lesson 5.pptx
https://pixabay.com/illustrations/superhero-boy-zap-hero-man-4321802/,403,HTTP Error 403: Forbidden,C:\Users\meggletona\UTC Sheffield\Computing Staff - General\Archives\Archive June 2026\Teaching Resources\Y9 IT\2024 - 2025\Excel skills\Inspiration\KS3\L4 - Become a data master\Slides - Year 7 - Modelling Data - Spreadsheets - Lesson 4.pptx
https://pixabay.com/illustrations/superhero-boy-zap-hero-man-4321803/,403,HTTP Error 403: Forbidden,C:\Users\meggletona\UTC Sheffield\Computing Staff - General\Archives\Archive June 2026\Teaching Resources\Y9 IT\2024 - 2025\Excel skills\Inspiration\KS3\L4 - Become a data master\Slides - Year 7 - Modelling Data - Spreadsheets - Lesson 4.pptx|C:\Users\meggletona\UTC Sheffield\Computing Staff - General\Archives\Archive June 2026\Teaching Resources\Y9 IT\2024 - 2025\Excel skills\Inspiration\KS3\L5 - Level up your data skills\Slides - Year 7 - Modelling Data - Spreadsheets - Lesson 5.pptx
https://pixabay.com/illustrations/superman-kid-hero-superhero-hero-2478978/,403,HTTP Error 403: Forbidden,C:\Users\meggletona\UTC Sheffield\Computing Staff - General\Archives\Archive June 2026\Teaching Resources\Y9 IT\2024 - 2025\Excel skills\Inspiration\KS3\L4 - Become a data master\Slides - Year 7 - Modelling Data - Spreadsheets - Lesson 4.pptx|C:\Users\meggletona\UTC Sheffield\Computing Staff - General\Archives\Archive June 2026\Teaching Resources\Y9 IT\2024 - 2025\Excel skills\Inspiration\KS3\L5 - Level up your data skills\Slides - Year 7 - Modelling Data - Spreadsheets - Lesson 5.pptx
https://pixabay.com/illustrations/technology-equipment-responsive-web-2468063,403,HTTP Error 403: Forbidden,"C:\Users\meggletona\UTC Sheffield\Computing Staff - General\Archives\Archive June 2026\Teaching Resources\T-Levels\2025 - 2026 Year 1 (Software Development)\HCH - units 3, 5 and 6\Unit 6 - Data\6.9 Data visualisation\Data science.pptx|C:\Users\meggletona\UTC Sheffield\Computing Staff - General\Archives\Archive June 2026\Teaching Resources\Y9 IT\2024 - 2025\Data and Excel skills (Prefect)\Week 2 & 3 - Prefect and data science\Data science.pptx"
https://pixabay.com/illustrations/technology-equipment-responsive-web-2468063/,403,HTTP Error 403: Forbidden,"C:\Users\meggletona\UTC Sheffield\Computing Staff - General\Archives\Archive June 2026\Teaching Resources\T-Levels\2025 - 2026 Year 1 (Software Development)\HCH - units 3, 5 and 6\Unit 6 - Data\6.9 Data visualisation\Data science.pptx|C:\Users\meggletona\UTC Sheffield\Computing Staff - General\Archives\Archive June 2026\Teaching Resources\Y9 IT\2024 - 2025\Data and Excel skills (Prefect)\Week 2 & 3 - Prefect and data science\Data science.pptx"
https://pixabay.com/illustrations/wonder-woman-girl-super-superhero-2478971/,403,HTTP Error 403: Forbidden,C:\Users\meggletona\UTC Sheffield\Computing Staff - General\Archives\Archive June 2026\Teaching Resources\Y9 IT\2024 - 2025\Excel skills\Inspiration\KS3\L4 - Become a data master\Slides - Year 7 - Modelling Data - Spreadsheets - Lesson 4.pptx
https://pixabay.com/images/search/%20data/,403,HTTP Error 403: Forbidden,"C:\Users\meggletona\UTC Sheffield\Computing Staff - General\Archives\Archive June 2026\Teaching Resources\T-Levels\2025 - 2026 Year 1 (Software Development)\HCH - units 3, 5 and 6\Unit 6 - Data\6.4 Data types\6.4 Data types.pptx"
https://pixabay.com/photos/adult-couple-woman-man-fun-3086304,403,HTTP Error 403: Forbidden,"C:\Users\meggletona\UTC Sheffield\Computing Staff - General\Archives\Archive June 2026\Teaching Resources\T-Levels\2025 - 2026 Year 1 (Software Development)\HCH - units 3, 5 and 6\Unit 6 - Data\6.9 Data visualisation\Data science.pptx|C:\Users\meggletona\UTC Sheffield\Computing Staff - General\Archives\Archive June 2026\Teaching Resources\Y9 IT\2024 - 2025\Data and Excel skills (Prefect)\Week 2 & 3 - Prefect and data science\Data science.pptx"
https://pixabay.com/photos/adult-couple-woman-man-fun-3086304/,403,HTTP Error 403: Forbidden,"C:\Users\meggletona\UTC Sheffield\Computing Staff - General\Archives\Archive June 2026\Teaching Resources\T-Levels\2025 - 2026 Year 1 (Software Development)\HCH - units 3, 5 and 6\Unit 6 - Data\6.9 Data visualisation\Data science.pptx|C:\Users\meggletona\UTC Sheffield\Computing Staff - General\Archives\Archive June 2026\Teaching Resources\Y9 IT\2024 - 2025\Data and Excel skills (Prefect)\Week 2 & 3 - Prefect and data science\Data science.pptx"
https://pixabay.com/photos/apples-fruits-basket-woven-food-2607193/,403,HTTP Error 403: Forbidden,C:\Users\meggletona\UTC Sheffield\Computing Staff - General\Archives\Archive June 2026\Teaching Resources\Y9 Computer Science\2024-2025\Machine learning & artificial intelligence\lesson-5-how-to-solve-problems-with-machine-learning-models-en\Solving problems with ML models.pptx
https://pixabay.com/photos/banana-fruit-food-health-healthy-3188325/,403,HTTP Error 403: Forbidden,C:\Users\meggletona\UTC Sheffield\Computing Staff - General\Archives\Archive June 2026\Teaching Resources\Y9 Computer Science\2024-2025\Machine learning & artificial intelligence\lesson-5-how-to-solve-problems-with-machine-learning-models-en\Solving problems with ML models.pptx
https://pixabay.com/photos/banana-fruit-food-southern-fruit-2109006/,403,HTTP Error 403: Forbidden,C:\Users\meggletona\UTC Sheffield\Computing Staff - General\Archives\Archive June 2026\Teaching Resources\Y9 Computer Science\2024-2025\Machine learning & artificial intelligence\lesson-5-how-to-solve-problems-with-machine-learning-models-en\Solving problems with ML models.pptx
https://pixabay.com/photos/banana-fruit-health-2409385/,403,HTTP Error 403: Forbidden,C:\Users\meggletona\UTC Sheffield\Computing Staff - General\Archives\Archive June 2026\Teaching Resources\Y9 Computer Science\2024-2025\Machine learning & artificial intelligence\lesson-5-how-to-solve-problems-with-machine-learning-models-en\Solving problems with ML models.pptx
https://pixabay.com/photos/banana-fruit-healthy-yellow-nature-1237404/,403,HTTP Error 403: Forbidden,C:\Users\meggletona\UTC Sheffield\Computing Staff - General\Archives\Archive June 2026\Teaching Resources\Y9 Computer Science\2024-2025\Machine learning & artificial intelligence\lesson-5-how-to-solve-problems-with-machine-learning-models-en\Solving problems with ML models.pptx
https://pixabay.com/photos/banana-fruit-yellow-1504956/,403,HTTP Error 403: Forbidden,C:\Users\meggletona\UTC Sheffield\Computing Staff - General\Archives\Archive June 2026\Teaching Resources\Y9 Computer Science\2024-2025\Machine learning & artificial intelligence\lesson-5-how-to-solve-problems-with-machine-learning-models-en\Solving problems with ML models.pptx
https://pixabay.com/photos/banana-good-food-healthy-fruit-1949166/,403,HTTP Error 403: Forbidden,C:\Users\meggletona\UTC Sheffield\Computing Staff - General\Archives\Archive June 2026\Teaching Resources\Y9 Computer Science\2024-2025\Machine learning & artificial intelligence\lesson-5-how-to-solve-problems-with-machine-learning-models-en\Solving problems with ML models.pptx
https://pixabay.com/photos/banana-yellow-green-fruit-325461/,403,HTTP Error 403: Forbidden,C:\Users\meggletona\UTC Sheffield\Computing Staff - General\Archives\Archive June 2026\Teaching Resources\Y9 Computer Science\2024-2025\Machine learning & artificial intelligence\lesson-5-how-to-solve-problems-with-machine-learning-models-en\Solving problems with ML models.pptx
https://pixabay.com/photos/bananas-fruit-healthy-yellow-1646543/,403,HTTP Error 403: Forbidden,C:\Users\meggletona\UTC Sheffield\Computing Staff - General\Archives\Archive June 2026\Teaching Resources\Y9 Computer Science\2024-2025\Machine learning & artificial intelligence\lesson-5-how-to-solve-problems-with-machine-learning-models-en\Solving problems with ML models.pptx
https://pixabay.com/photos/bananas-fruit-yummy-cute-yellow-3117509/,403,HTTP Error 403: Forbidden,C:\Users\meggletona\UTC Sheffield\Computing Staff - General\Archives\Archive June 2026\Teaching Resources\Y9 Computer Science\2024-2025\Machine learning & artificial intelligence\lesson-5-how-to-solve-problems-with-machine-learning-models-en\Solving problems with ML models.pptx
https://pixabay.com/photos/carnival-coaster-entertainment-1836998,403,HTTP Error 403: Forbidden,C:\Users\meggletona\UTC Sheffield\Computing Staff - General\Archives\Archive June 2026\Teaching Resources\Y9 IT\2024 - 2025\Data and Excel skills (Prefect)\Week 6 - Roller coaster data\Slides - Data science (roller coasters).pptx
https://pixabay.com/photos/carnival-coaster-entertainment-1836998/,403,HTTP Error 403: Forbidden,C:\Users\meggletona\UTC Sheffield\Computing Staff - General\Archives\Archive June 2026\Teaching Resources\Y9 IT\2024 - 2025\Data and Excel skills (Prefect)\Week 6 - Roller coaster data\Slides - Data science (roller coasters).pptx
https://pixabay.com/photos/compost-ecology-waste-garden-6053136/,403,HTTP Error 403: Forbidden,C:\Users\meggletona\UTC Sheffield\Computing Staff - General\Archives\Archive June 2026\Teaching Resources\Y9 Computer Science\2024-2025\Machine learning & artificial intelligence\lesson-5-how-to-solve-problems-with-machine-learning-models-en\Solving problems with ML models.pptx|C:\Users\meggletona\UTC Sheffield\Computing Staff - General\Archives\Archive June 2026\Teaching Resources\Y9 Computer Science\2024-2025\Machine learning & artificial intelligence\lesson-5-how-to-solve-problems-with-machine-learning-models-en\Waste classification.docx
https://pixabay.com/photos/dog-dachshund-pet-pumpkins-lamp-8337394/,403,HTTP Error 403: Forbidden,C:\Users\meggletona\UTC Sheffield\Computing Staff - General\Archives\Archive June 2026\Teaching Resources\Y9 IT\2024 - 2025\Basic IT skills\6 - Internet research skills.pptx
https://pixabay.com/photos/fiji-nature-of-the-fiji-islands-3839377,403,HTTP Error 403: Forbidden,C:\Users\meggletona\UTC Sheffield\Computing Staff - General\Archives\Archive June 2026\Teaching Resources\Y9 IT\2024 - 2025\Data and Excel skills (Prefect)\Extension lesson (if needed)\L2 Slides - Data science - Y9.pptx
https://pixabay.com/photos/fiji-nature-of-the-fiji-islands-3839377/,403,HTTP Error 403: Forbidden,C:\Users\meggletona\UTC Sheffield\Computing Staff - General\Archives\Archive June 2026\Teaching Resources\Y9 IT\2024 - 2025\Data and Excel skills (Prefect)\Extension lesson (if needed)\L2 Slides - Data science - Y9.pptx
https://pixabay.com/photos/fruit-bananas-png-yellow-cut-out-1218133/,403,HTTP Error 403: Forbidden,C:\Users\meggletona\UTC Sheffield\Computing Staff - General\Archives\Archive June 2026\Teaching Resources\Y9 Computer Science\2024-2025\Machine learning & artificial intelligence\lesson-5-how-to-solve-problems-with-machine-learning-models-en\Solving problems with ML models.pptx
https://pixabay.com/photos/fruits-healthy-vitamins-eat-diet-2202411/,403,HTTP Error 403: Forbidden,C:\Users\meggletona\UTC Sheffield\Computing Staff - General\Archives\Archive June 2026\Teaching Resources\Y9 Computer Science\2024-2025\Machine learning & artificial intelligence\lesson-5-how-to-solve-problems-with-machine-learning-models-en\Solving problems with ML models.pptx
https://pixabay.com/photos/hand-keep-puzzle-finger-match-523231/,403,HTTP Error 403: Forbidden,C:\Users\meggletona\UTC Sheffield\Computing Staff - General\Archives\Archive June 2026\Teaching Resources\Y9 IT\2024 - 2025\Excel skills\Inspiration\KS3\L3 - Collecting data\Slides - Year 7 - Modelling Data - Spreadsheets - Lesson 3.pptx|C:\Users\meggletona\UTC Sheffield\Computing Staff - General\Archives\Archive June 2026\Teaching Resources\Y9 IT\2024 - 2025\Excel skills\Inspiration\KS3\L4 - Become a data master\L3 - Collecting data\Slides - Year 7 - Modelling Data - Spreadsheets - Lesson 3.pptx
https://pixabay.com/photos/nature-garbage-pollution-ecology-4202702/,403,HTTP Error 403: Forbidden,C:\Users\meggletona\UTC Sheffield\Computing Staff - General\Archives\Archive June 2026\Teaching Resources\Y9 IT\2024 - 2025\Excel skills\Inspiration\KS3\L5 - Level up your data skills\Slides - Year 7 - Modelling Data - Spreadsheets - Lesson 5.pptx
https://pixabay.com/photos/notebook-typing-coffee-computer-1850613/,403,HTTP Error 403: Forbidden,C:\Users\meggletona\UTC Sheffield\Computing Staff - General\Archives\Archive June 2026\Teaching Resources\Y9 IT\2024 - 2025\Excel skills\Inspiration\KS3\L2 - Quick calculations\Slides - Year 7 - Modelling Data - Spreadsheets - Lesson 2.pptx
https://pixabay.com/photos/people-child-school-genius-316506/,403,HTTP Error 403: Forbidden,C:\Users\meggletona\UTC Sheffield\Computing Staff - General\Archives\Archive June 2026\Teaching Resources\Y9 IT\2024 - 2025\Excel skills\Inspiration\KS3\L3 - Collecting data\Slides - Year 7 - Modelling Data - Spreadsheets - Lesson 3.pptx|C:\Users\meggletona\UTC Sheffield\Computing Staff - General\Archives\Archive June 2026\Teaching Resources\Y9 IT\2024 - 2025\Excel skills\Inspiration\KS3\L4 - Become a data master\L3 - Collecting data\Slides - Year 7 - Modelling Data - Spreadsheets - Lesson 3.pptx
https://pixabay.com/photos/question-mark-knowledge-question-3255136/,403,HTTP Error 403: Forbidden,C:\Users\meggletona\UTC Sheffield\Computing Staff - General\Archives\Archive June 2026\Teaching Resources\Y9 IT\2024 - 2025\Excel skills\Inspiration\KS3\L3 - Collecting data\Slides - Year 7 - Modelling Data - Spreadsheets - Lesson 3.pptx|C:\Users\meggletona\UTC Sheffield\Computing Staff - General\Archives\Archive June 2026\Teaching Resources\Y9 IT\2024 - 2025\Excel skills\Inspiration\KS3\L4 - Become a data master\L3 - Collecting data\Slides - Year 7 - Modelling Data - Spreadsheets - Lesson 3.pptx
https://pixabay.com/photos/question-mark-why-problem-solution-2123967/,403,HTTP Error 403: Forbidden,C:\Users\meggletona\UTC Sheffield\Computing Staff - General\Archives\Archive June 2026\Teaching Resources\Y9 IT\2024 - 2025\Excel skills\Inspiration\KS3\L1 - Getting to know a spreadsheet\Slides - Year 7 - Modelling Data - Spreadsheets - Lesson 1.pptx
https://pixabay.com/photos/quiz-business-conference-man-4168371/,403,HTTP Error 403: Forbidden,C:\Users\meggletona\UTC Sheffield\Computing Staff - General\Archives\Archive June 2026\Teaching Resources\Y9 IT\2024 - 2025\Excel skills\Inspiration\KS3\L4 - Become a data master\Slides - Year 7 - Modelling Data - Spreadsheets - Lesson 4.pptx
https://pixabay.com/photos/stadium-sit-auditorium-grandstand-1750794/,403,HTTP Error 403: Forbidden,C:\Users\meggletona\UTC Sheffield\Computing Staff - General\Archives\Archive June 2026\Teaching Resources\Y9 IT\2024 - 2025\Excel skills\Inspiration\KS3\L1 - Getting to know a spreadsheet\Slides - Year 7 - Modelling Data - Spreadsheets - Lesson 1.pptx
https://pixabay.com/service/license/,403,HTTP Error 403: Forbidden,C:\Users\meggletona\UTC Sheffield\Computing Staff - General\Archives\Archive June 2026\Teaching Resources\Y9 Computer Science\2024-2025\Machine learning & artificial intelligence\lesson-5-how-to-solve-problems-with-machine-learning-models-en\Solving problems with ML models.pptx
https://pixabay.com/users/472301-472301/?utm_source=link-attribution&amp;utm_medium=referral&amp;utm_campaign=image&amp;utm_content=2137664,403,HTTP Error 403: Forbidden,C:\Users\meggletona\UTC Sheffield\Computing Staff - General\Archives\Archive June 2026\Teaching Resources\Y9 IT\2024 - 2025\Excel skills\Inspiration\KS3\L2 - Quick calculations\Slides - Year 7 - Modelling Data - Spreadsheets - Lesson 2.pptx
https://pixabay.com/users/ErikaWittlieb-427626/?utm_source=link-attribution&amp;utm_medium=referral&amp;utm_campaign=image&amp;utm_content=534103,403,HTTP Error 403: Forbidden,C:\Users\meggletona\UTC Sheffield\Computing Staff - General\Archives\Archive June 2026\Teaching Resources\Y9 IT\2024 - 2025\Excel skills\Inspiration\KS3\L6 - Assessment\Slides - Year 7 - Modelling Data - Spreadsheets - Lesson 6.pptx
https://pixabay.com/users/asi24-2397893/?utm_source=link-attribution&amp;utm_medium=referral&amp;utm_campaign=image&amp;utm_content=1735644,403,HTTP Error 403: Forbidden,C:\Users\meggletona\UTC Sheffield\Computing Staff - General\Archives\Archive June 2026\Teaching Resources\Y9 IT\2024 - 2025\Excel skills\Inspiration\KS3\L6 - Assessment\Slides - Year 7 - Modelling Data - Spreadsheets - Lesson 6.pptx
https://pixabay.com/users/kreatikar-8562930/?utm_source=link-attribution&amp;utm_medium=referral&amp;utm_campaign=image&amp;utm_content=3518980,403,HTTP Error 403: Forbidden,C:\Users\meggletona\UTC Sheffield\Computing Staff - General\Archives\Archive June 2026\Teaching Resources\Y9 IT\2024 - 2025\Excel skills\Inspiration\KS3\L2 - Quick calculations\Slides - Year 7 - Modelling Data - Spreadsheets - Lesson 2.pptx
https://pixabay.com/users/manfredsteger-1848497/?utm_source=link-attribution&amp;utm_medium=referral&amp;utm_campaign=image&amp;utm_content=3976295,403,HTTP Error 403: Forbidden,C:\Users\meggletona\UTC Sheffield\Computing Staff - General\Archives\Archive June 2026\Teaching Resources\Y9 IT\2024 - 2025\Excel skills\Inspiration\KS3\L1 - Getting to know a spreadsheet\Slides - Year 7 - Modelling Data - Spreadsheets - Lesson 1.pptx
https://pixabay.com/users/stevepb-282134/?utm_source=link-attribution&amp;utm_medium=referral&amp;utm_campaign=image&amp;utm_content=532651,403,HTTP Error 403: Forbidden,C:\Users\meggletona\UTC Sheffield\Computing Staff - General\Archives\Archive June 2026\Teaching Resources\Y9 IT\2024 - 2025\Excel skills\Inspiration\KS3\L2 - Quick calculations\Slides - Year 7 - Modelling Data - Spreadsheets - Lesson 2.pptx
https://pixabay.com/vectors/browser-internet-www-global-98386/,403,HTTP Error 403: Forbidden,C:\Users\meggletona\UTC Sheffield\Computing Staff - General\Archives\Archive June 2026\Teaching Resources\Y9 Computer Science\2024-2025\Web development\L1 – Introduction to HTML.pptx
https://pixabay.com/vectors/check-cross-red-green-attention-158879/,403,HTTP Error 403: Forbidden,C:\Users\meggletona\UTC Sheffield\Computing Staff - General\Archives\Archive June 2026\Teaching Resources\Y9 Computer Science\2024-2025\Machine learning & artificial intelligence\L2 - How computers learn from data.pptx
https://pixabay.com/vectors/checklist-lists-business-form-41335/,403,HTTP Error 403: Forbidden,C:\Users\meggletona\UTC Sheffield\Computing Staff - General\Archives\Archive June 2026\Teaching Resources\Y9 IT\2024 - 2025\Excel skills\Inspiration\KS3\L3 - Collecting data\Slides - Year 7 - Modelling Data - Spreadsheets - Lesson 3.pptx|C:\Users\meggletona\UTC Sheffield\Computing Staff - General\Archives\Archive June 2026\Teaching Resources\Y9 IT\2024 - 2025\Excel skills\Inspiration\KS3\L4 - Become a data master\L3 - Collecting data\Slides - Year 7 - Modelling Data - Spreadsheets - Lesson 3.pptx
https://pixabay.com/vectors/cherry-cupcake-dessert-food-glazed-1299509/,403,HTTP Error 403: Forbidden,C:\Users\meggletona\UTC Sheffield\Computing Staff - General\Archives\Archive June 2026\Teaching Resources\Y9 IT\2024 - 2025\Excel skills\Inspiration\KS3\L4 - Become a data master\Slides - Year 7 - Modelling Data - Spreadsheets - Lesson 4.pptx
https://pixabay.com/vectors/funnel-blue-flow-cone-liquid-38036/,403,HTTP Error 403: Forbidden,C:\Users\meggletona\UTC Sheffield\Computing Staff - General\Archives\Archive June 2026\Teaching Resources\Y9 IT\2024 - 2025\Excel skills\Inspiration\KS3\L5 - Level up your data skills\Slides - Year 7 - Modelling Data - Spreadsheets - Lesson 5.pptx
https://pixabay.com/vectors/gymnast-stick-man-man-stick-2353968/,403,HTTP Error 403: Forbidden,C:\Users\meggletona\UTC Sheffield\Computing Staff - General\Archives\Archive June 2026\Teaching Resources\Y9 IT\2024 - 2025\Excel skills\Inspiration\KS3\L5 - Level up your data skills\Slides - Year 7 - Modelling Data - Spreadsheets - Lesson 5.pptx
https://pixabay.com/vectors/image-pictures-icon-photo-1271454/,403,HTTP Error 403: Forbidden,"C:\Users\meggletona\UTC Sheffield\Computing Staff - General\Archives\Archive June 2026\Teaching Resources\Y9 Computer Science\2024-2025\Web development\L2 & L3 - Lists, images and links in HTML.pptx|C:\Users\meggletona\UTC Sheffield\Computing Staff - General\Archives\Archive June 2026\Teaching Resources\Y9 Computer Science\2024-2025\Web development\L4 - Build your own web page.pptx"
https://pixabay.com/vectors/internet-www-mouse-web-business-42583/,403,HTTP Error 403: Forbidden,C:\Users\meggletona\UTC Sheffield\Computing Staff - General\Archives\Archive June 2026\Teaching Resources\Y9 Computer Science\2024-2025\Web development\L1 – Introduction to HTML.pptx
https://pixabay.com/vectors/magnifying-glass-pencil-search-97588/,403,HTTP Error 403: Forbidden,C:\Users\meggletona\UTC Sheffield\Computing Staff - General\Archives\Archive June 2026\Teaching Resources\Y9 IT\2024 - 2025\Excel skills\Inspiration\KS3\L1 - Getting to know a spreadsheet\Slides - Year 7 - Modelling Data - Spreadsheets - Lesson 1.pptx|C:\Users\meggletona\UTC Sheffield\Computing Staff - General\Archives\Archive June 2026\Teaching Resources\Y9 IT\2024 - 2025\Excel skills\Inspiration\KS3\L4 - Become a data master\Slides - Year 7 - Modelling Data - Spreadsheets - Lesson 4.pptx
https://pixabay.com/vectors/map-location-gps-travel-pin-icon-4859139,403,HTTP Error 403: Forbidden,C:\Users\meggletona\UTC Sheffield\Computing Staff - General\Archives\Archive June 2026\Teaching Resources\Y9 IT\2024 - 2025\Data and Excel skills (Prefect)\Extension lesson (if needed)\L2 Slides - Data science - Y9.pptx
https://pixabay.com/vectors/map-location-gps-travel-pin-icon-4859139/,403,HTTP Error 403: Forbidden,C:\Users\meggletona\UTC Sheffield\Computing Staff - General\Archives\Archive June 2026\Teaching Resources\Y9 IT\2024 - 2025\Data and Excel skills (Prefect)\Extension lesson (if needed)\L2 Slides - Data science - Y9.pptx
https://pixabay.com/vectors/mobile-devices-laptop-website-2017980/,403,HTTP Error 403: Forbidden,C:\Users\meggletona\UTC Sheffield\Computing Staff - General\Archives\Archive June 2026\Teaching Resources\Y9 Computer Science\2024-2025\Web development\L1 – Introduction to HTML.pptx
https://pixabay.com/vectors/newspaper-news-paper-journal-151438/,403,HTTP Error 403: Forbidden,C:\Users\meggletona\UTC Sheffield\Computing Staff - General\Archives\Archive June 2026\Teaching Resources\Y9 Computer Science\2024-2025\Web development\L1 – Introduction to HTML.pptx
https://pixabay.com/vectors/ok-check-todo-agenda-icon-symbol-1976099/,403,HTTP Error 403: Forbidden,C:\Users\meggletona\UTC Sheffield\Computing Staff - General\Archives\Archive June 2026\Teaching Resources\Y9 Computer Science\2024-2025\Web development\Potential resources\L8 - Project completion\L8 - Project completion\L8 Slides – Summative assessment – KS4.pptx
https://pixabay.com/vectors/pie-chart-diagram-statistics-parts-149727/,403,HTTP Error 403: Forbidden,C:\Users\meggletona\UTC Sheffield\Computing Staff - General\Archives\Archive June 2026\Teaching Resources\Y9 IT\2024 - 2025\Excel skills\Inspiration\KS3\L4 - Become a data master\Slides - Year 7 - Modelling Data - Spreadsheets - Lesson 4.pptx
https://pixabay.com/vectors/pixel-cells-observation-internship-3974186/,403,HTTP Error 403: Forbidden,C:\Users\meggletona\UTC Sheffield\Computing Staff - General\Archives\Archive June 2026\Teaching Resources\Y9 IT\2024 - 2025\Excel skills\Inspiration\KS3\L3 - Collecting data\Slides - Year 7 - Modelling Data - Spreadsheets - Lesson 3.pptx|C:\Users\meggletona\UTC Sheffield\Computing Staff - General\Archives\Archive June 2026\Teaching Resources\Y9 IT\2024 - 2025\Excel skills\Inspiration\KS3\L4 - Become a data master\L3 - Collecting data\Slides - Year 7 - Modelling Data - Spreadsheets - Lesson 3.pptx
https://pixabay.com/vectors/rollercoaster-roller-coaster-297308,403,HTTP Error 403: Forbidden,C:\Users\meggletona\UTC Sheffield\Computing Staff - General\Archives\Archive June 2026\Teaching Resources\Y9 IT\2024 - 2025\Data and Excel skills (Prefect)\Week 6 - Roller coaster data\Slides - Data science (roller coasters).pptx
https://pixabay.com/vectors/rollercoaster-roller-coaster-297308/,403,HTTP Error 403: Forbidden,C:\Users\meggletona\UTC Sheffield\Computing Staff - General\Archives\Archive June 2026\Teaching Resources\Y9 IT\2024 - 2025\Data and Excel skills (Prefect)\Week 6 - Roller coaster data\Slides - Data science (roller coasters).pptx
https://pixabay.com/vectors/server-computer-mainframe-146615/,403,HTTP Error 403: Forbidden,C:\Users\meggletona\UTC Sheffield\Computing Staff - General\Archives\Archive June 2026\Teaching Resources\Y9 Computer Science\2024-2025\Web development\L1 – Introduction to HTML.pptx
https://pixabay.com/vectors/spreadsheet-graph-chart-report-28205/,403,HTTP Error 403: Forbidden,C:\Users\meggletona\UTC Sheffield\Computing Staff - General\Archives\Archive June 2026\Teaching Resources\Y9 IT\2024 - 2025\Excel skills\Inspiration\KS3\L6 - Assessment\Slides - Year 7 - Modelling Data - Spreadsheets - Lesson 6.pptx
https://pixabay.com/vectors/stage-theater-show-entertainment-158366/,403,HTTP Error 403: Forbidden,C:\Users\meggletona\UTC Sheffield\Computing Staff - General\Archives\Archive June 2026\Teaching Resources\Y9 Computer Science\2024-2025\Web development\Potential resources\L8 - Project completion\L8 - Project completion\L8 Slides – Summative assessment – KS4.pptx
https://pixabay.com/vectors/statistic-analytic-diagram-1564428,403,HTTP Error 403: Forbidden,"C:\Users\meggletona\UTC Sheffield\Computing Staff - General\Archives\Archive June 2026\Teaching Resources\T-Levels\2025 - 2026 Year 1 (Software Development)\HCH - units 3, 5 and 6\Unit 6 - Data\6.9 Data visualisation\Data science.pptx|C:\Users\meggletona\UTC Sheffield\Computing Staff - General\Archives\Archive June 2026\Teaching Resources\Y9 IT\2024 - 2025\Data and Excel skills (Prefect)\Week 2 & 3 - Prefect and data science\Data science.pptx"
https://pixabay.com/vectors/terminal-board-list-checklist-tasks-3378232/,403,HTTP Error 403: Forbidden,C:\Users\meggletona\UTC Sheffield\Computing Staff - General\Archives\Archive June 2026\Teaching Resources\Y9 Computer Science\2024-2025\Web development\Potential resources\L7 - Final project\L7 - Final project\L7 Slides – Final project – KS4.pptx
https://pixabay.com/vectors/weather-icons-cloud-meteorology-160759/,403,HTTP Error 403: Forbidden,C:\Users\meggletona\UTC Sheffield\Computing Staff - General\Archives\Archive June 2026\Teaching Resources\Y9 Computer Science\2024-2025\Machine learning & artificial intelligence\lesson-5-how-to-solve-problems-with-machine-learning-models-en\Solving problems with ML models.pptx
https://pixabay.com/vectors/youtube-website-page-layout-1684601/,403,HTTP Error 403: Forbidden,C:\Users\meggletona\UTC Sheffield\Computing Staff - General\Archives\Archive June 2026\Teaching Resources\Y9 Computer Science\2024-2025\Web development\Potential resources\L8 - Project completion\L8 - Project completion\L8 Slides – Summative assessment – KS4.pptx
https://powerbi.microsoft.com/en-us/,403,HTTP Error 403: Forbidden,"C:\Users\meggletona\UTC Sheffield\Computing Staff - General\Archives\Archive June 2026\Teaching Resources\T-Levels\Content bank\2024 - 2025 lessons and content (Production, Design and Development)\Resources\data-topic-lesson-plans.pdf"
https://productcoalition.com/how-to-write-epics-and-,404,HTTP Error 404: Not Found,"C:\Users\meggletona\UTC Sheffield\Computing Staff - General\Archives\Archive June 2026\Teaching Resources\T-Levels\Content bank\2024 - 2025 lessons and content (Production, Design and Development)\Resources\bus-contexts-topic-lesson-plans.pdf"
https://pymbook.readthedocs.io/en/latest/testing.htm,404,HTTP Error 404: Not Found,"C:\Users\meggletona\UTC Sheffield\Computing Staff - General\Archives\Archive June 2026\Teaching Resources\T-Levels\Content bank\2024 - 2025 lessons and content (Production, Design and Development)\Resources\testing-topic-lesson-plans.pdf"
https://quickbooks.intuit.com/online/advanced/customizations/,,The read operation timed out,C:\Users\meggletona\UTC Sheffield\Computing Staff - General\Archives\Archive June 2026\Teaching Resources\AAQ Application Development\F160 Fundamentals of application development\Topic area 1 - Types of software used in application design\1.3.3 - Application software types.pptx
https://quizlet.com/214237800/communication-skills-flash-cards/,403,HTTP Error 403: Forbidden,C:\Users\meggletona\UTC Sheffield\Computing Staff - General\Archives\Archive June 2026\Teaching Resources\AAQ Data Analytics\F200 mandatory unit - Fundamentals of data analytics\Scheme of work Fundamentals of data analytics (F200).docx
https://quizlet.com/22232524/cloud-storage-flash-cards/,403,HTTP Error 403: Forbidden,C:\Users\meggletona\UTC Sheffield\Computing Staff - General\Archives\Archive June 2026\Teaching Resources\AAQ Data Analytics\F200 mandatory unit - Fundamentals of data analytics\Scheme of work Fundamentals of data analytics (F200).docx
https://quizlet.com/38901739/gif-jpeg-bmp-png-tiff-flash-cards/,403,HTTP Error 403: Forbidden,C:\Users\meggletona\UTC Sheffield\Computing Staff - General\Archives\Archive June 2026\Teaching Resources\AAQ Data Analytics\F200 mandatory unit - Fundamentals of data analytics\Scheme of work Fundamentals of data analytics (F200).docx
https://quizlet.com/42085933/number-format-flash-cards/,403,HTTP Error 403: Forbidden,C:\Users\meggletona\UTC Sheffield\Computing Staff - General\Archives\Archive June 2026\Teaching Resources\AAQ Data Analytics\F200 mandatory unit - Fundamentals of data analytics\Scheme of work Fundamentals of data analytics (F200).docx
https://quizlet.com/524598539/big-big-data-flash-cards/,403,HTTP Error 403: Forbidden,C:\Users\meggletona\UTC Sheffield\Computing Staff - General\Archives\Archive June 2026\Teaching Resources\AAQ Data Analytics\F200 mandatory unit - Fundamentals of data analytics\Scheme of work Fundamentals of data analytics (F200).docx
https://quizlet.com/63452625/computer-storage-flash-cards/,403,HTTP Error 403: Forbidden,C:\Users\meggletona\UTC Sheffield\Computing Staff - General\Archives\Archive June 2026\Teaching Resources\AAQ Data Analytics\F200 mandatory unit - Fundamentals of data analytics\Scheme of work Fundamentals of data analytics (F200).docx
https://quizlet.com/71006423/audio-file-formats-flash-cards/,403,HTTP Error 403: Forbidden,C:\Users\meggletona\UTC Sheffield\Computing Staff - General\Archives\Archive June 2026\Teaching Resources\AAQ Data Analytics\F200 mandatory unit - Fundamentals of data analytics\Scheme of work Fundamentals of data analytics (F200).docx
https://quizlet.com/846798871/data-analytics-flash-cards/,403,HTTP Error 403: Forbidden,C:\Users\meggletona\UTC Sheffield\Computing Staff - General\Archives\Archive June 2026\Teaching Resources\AAQ Data Analytics\F200 mandatory unit - Fundamentals of data analytics\Scheme of work Fundamentals of data analytics (F200).docx
https://quizlet.com/927782936/storage-file-block-and-object-flash-cards/,403,HTTP Error 403: Forbidden,C:\Users\meggletona\UTC Sheffield\Computing Staff - General\Archives\Archive June 2026\Teaching Resources\AAQ Data Analytics\F200 mandatory unit - Fundamentals of data analytics\Scheme of work Fundamentals of data analytics (F200).docx
https://quizlet.com/941171452/data-analytics-roles-project-phases-flash-cards/,403,HTTP Error 403: Forbidden,C:\Users\meggletona\UTC Sheffield\Computing Staff - General\Archives\Archive June 2026\Teaching Resources\AAQ Data Analytics\F200 mandatory unit - Fundamentals of data analytics\Scheme of work Fundamentals of data analytics (F200).docx
https://quizlet.com/au/966308215/cse2sia-flash-cards/,403,HTTP Error 403: Forbidden,C:\Users\meggletona\UTC Sheffield\Computing Staff - General\Archives\Archive June 2026\Teaching Resources\AAQ Data Analytics\F200 mandatory unit - Fundamentals of data analytics\Scheme of work Fundamentals of data analytics (F200).docx
https://quizlet.com/features/flashcards,403,HTTP Error 403: Forbidden,C:\Users\meggletona\UTC Sheffield\Computing Staff - General\Archives\Archive June 2026\Teaching Resources\AAQ Application Development\Application development - Docs and specs\F160 mandatory unit - Fundamentals of applications development\Scheme of work Fundamentals of application development (F160).docx|C:\Users\meggletona\UTC Sheffield\Computing Staff - General\Archives\Archive June 2026\Teaching Resources\AAQ Application Development\Application development - Docs and specs\F161 mandatory unit - Developing application software\Scheme of work Developing application software (F161).docx|C:\Users\meggletona\UTC Sheffield\Computing Staff - General\Archives\Archive June 2026\Teaching Resources\AAQ Application Development\F160 Fundamentals of application development\Scheme of work Fundamentals of application development (F160).docx|C:\Users\meggletona\UTC Sheffield\Computing Staff - General\Archives\Archive June 2026\Teaching Resources\AAQ Data Analytics\F200 mandatory unit - Fundamentals of data analytics\Scheme of work Fundamentals of data analytics (F200).docx
https://quizlet.com/gb/110712082/qualitative-and-quantitative-data-flash-cards/,403,HTTP Error 403: Forbidden,C:\Users\meggletona\UTC Sheffield\Computing Staff - General\Archives\Archive June 2026\Teaching Resources\AAQ Data Analytics\F200 mandatory unit - Fundamentals of data analytics\Scheme of work Fundamentals of data analytics (F200).docx
https://quizlet.com/gb/413548062/diploma-2-data-lifecycle-flash-cards/,403,HTTP Error 403: Forbidden,C:\Users\meggletona\UTC Sheffield\Computing Staff - General\Archives\Archive June 2026\Teaching Resources\AAQ Data Analytics\F200 mandatory unit - Fundamentals of data analytics\Scheme of work Fundamentals of data analytics (F200).docx
https://quizlet.com/gb/452408548/structured-and-unstructured-data-flash-cards/,403,HTTP Error 403: Forbidden,C:\Users\meggletona\UTC Sheffield\Computing Staff - General\Archives\Archive June 2026\Teaching Resources\AAQ Data Analytics\F200 mandatory unit - Fundamentals of data analytics\Scheme of work Fundamentals of data analytics (F200).docx
https://quizlet.com/gb/836776645/pecr-flash-cards/,403,HTTP Error 403: Forbidden,C:\Users\meggletona\UTC Sheffield\Computing Staff - General\Archives\Archive June 2026\Teaching Resources\AAQ Data Analytics\F200 mandatory unit - Fundamentals of data analytics\Scheme of work Fundamentals of data analytics (F200).docx
https://quizlet.com/gb/840848244/data-maintenance-flash-cards/,403,HTTP Error 403: Forbidden,C:\Users\meggletona\UTC Sheffield\Computing Staff - General\Archives\Archive June 2026\Teaching Resources\AAQ Data Analytics\F200 mandatory unit - Fundamentals of data analytics\Scheme of work Fundamentals of data analytics (F200).docx
https://quizlet.com/ie/839136744/cloud-computing-apis-flash-cards/,403,HTTP Error 403: Forbidden,C:\Users\meggletona\UTC Sheffield\Computing Staff - General\Archives\Archive June 2026\Teaching Resources\AAQ Data Analytics\F200 mandatory unit - Fundamentals of data analytics\Scheme of work Fundamentals of data analytics (F200).docx
https://quizlet.com/ph/793244310/methods-of-data-gathering-flash-cards/,403,HTTP Error 403: Forbidden,C:\Users\meggletona\UTC Sheffield\Computing Staff - General\Archives\Archive June 2026\Teaching Resources\AAQ Data Analytics\F200 mandatory unit - Fundamentals of data analytics\Scheme of work Fundamentals of data analytics (F200).docx
https://quizlet.com/study-guides/understanding-api-paradigms-rest-graphql-and-grpc-a7e2a6f4-8b2d-46b0-bb9e-fa3cff99ba63,403,HTTP Error 403: Forbidden,C:\Users\meggletona\UTC Sheffield\Computing Staff - General\Archives\Archive June 2026\Teaching Resources\AAQ Data Analytics\F200 mandatory unit - Fundamentals of data analytics\Scheme of work Fundamentals of data analytics (F200).docx
https://quizlet.com/study-guides/user-privileges-and-commands-711ad2de-08a6-44b3-87a3-f3fa71c5ea76,403,HTTP Error 403: Forbidden,C:\Users\meggletona\UTC Sheffield\Computing Staff - General\Archives\Archive June 2026\Teaching Resources\AAQ Data Analytics\F200 mandatory unit - Fundamentals of data analytics\Scheme of work Fundamentals of data analytics (F200).docx
https://quizlet.com/test-questions/computer-administration-terminology-1b42a97a-af7f-494d-9815-1675613d9f88,403,HTTP Error 403: Forbidden,C:\Users\meggletona\UTC Sheffield\Computing Staff - General\Archives\Archive June 2026\Teaching Resources\AAQ Data Analytics\F200 mandatory unit - Fundamentals of data analytics\Scheme of work Fundamentals of data analytics (F200).docx
https://quizlet.com/test-questions/data-entry-and-quality-assurance-b64942ef-23a5-4f28-a0ed-ada7e0a9578d,403,HTTP Error 403: Forbidden,C:\Users\meggletona\UTC Sheffield\Computing Staff - General\Archives\Archive June 2026\Teaching Resources\AAQ Data Analytics\F200 mandatory unit - Fundamentals of data analytics\Scheme of work Fundamentals of data analytics (F200).docx
https://quizlet.com/test-questions/data-presentation-methods-e764daaa-5dc4-4583-a916-436b6a28fd10,403,HTTP Error 403: Forbidden,C:\Users\meggletona\UTC Sheffield\Computing Staff - General\Archives\Archive June 2026\Teaching Resources\AAQ Data Analytics\F200 mandatory unit - Fundamentals of data analytics\Scheme of work Fundamentals of data analytics (F200).docx
https://reintech.io/term/touch-interactions-software-development,404,HTTP Error 404: Not Found,C:\Users\meggletona\UTC Sheffield\Computing Staff - General\Archives\Archive June 2026\Teaching Resources\AAQ Application Development\Application development - Docs and specs\F160 mandatory unit - Fundamentals of applications development\Scheme of work Fundamentals of application development (F160).docx|C:\Users\meggletona\UTC Sheffield\Computing Staff - General\Archives\Archive June 2026\Teaching Resources\AAQ Application Development\F160 Fundamentals of application development\Scheme of work Fundamentals of application development (F160).docx
https://sanbuilder.co.uk/dell-emc-quote/?utm_term=data%20storage%20dell&amp;identifiers=kwd-83014441460984:loc-188&amp;Campaign=Dell%20Campaign%20-%20JDR&amp;CampaignId=520340497&amp;AdGroup=Dell%20Campaign&amp;AdGroupId=1328212395111214&amp;AdId=83013502090987&amp;Network=o&amp;msclkid=c978de1c492c1e6865cab959cbb7e134,404,HTTP Error 404: Not Found,C:\Users\meggletona\UTC Sheffield\Computing Staff - General\Archives\Archive June 2026\Teaching Resources\AAQ Application Development\Application development - Docs and specs\F161 mandatory unit - Developing application software\Scheme of work Developing application software (F161).docx
https://sbcguides.com/configure-a-raspberry-pi-virtual-machine/,,<urlopen error [Errno 11001] getaddrinfo failed>,"C:\Users\meggletona\UTC Sheffield\Computing Staff - General\Archives\Archive June 2026\Teaching Resources\T-Levels\Content bank\2024 - 2025 lessons and content (Production, Design and Development)\Resources\digital-environments-intro-powerpoint (1).pptx"
https://serocu.police.uk/wp-content/uploads/2018/10/CaseStudies-1.pdf,403,HTTP Error 403: Forbidden,"C:\Users\meggletona\UTC Sheffield\Computing Staff - General\Archives\Archive June 2026\Teaching Resources\T-Levels\Content bank\2024 - 2025 lessons and content (Production, Design and Development)\Resources\t-level-digital-core-sow.docx"
https://sites.google.com/isabc.ca/computationalthinking/pattern-,404,HTTP Error 404: Not Found,"C:\Users\meggletona\UTC Sheffield\Computing Staff - General\Archives\Archive June 2026\Teaching Resources\T-Levels\Content bank\2024 - 2025 lessons and content (Production, Design and Development)\Resources\problem-solving-ind-resource-links.pdf"
https://sites.tufts.edu/cslol/files/2015/01/Python-Lesson-2-–-Dictionaries.pdf,,'ascii' codec can't encode character '\u2013' in position 41: ordinal not in range(128),"C:\Users\meggletona\UTC Sheffield\Computing Staff - General\Archives\Archive June 2026\Teaching Resources\T-Levels\Content bank\2024 - 2025 lessons and content (Production, Design and Development)\Resources\t-level-digital-core-sow.docx"
https://slideplayer.com/slide/10377822/,,<urlopen error [Errno 11001] getaddrinfo failed>,"C:\Users\meggletona\UTC Sheffield\Computing Staff - General\Archives\Archive June 2026\Teaching Resources\T-Levels\Content bank\2024 - 2025 lessons and content (Production, Design and Development)\Resources\bus-contexts-topic-lesson-plans.pdf"
https://sourcedaddy.com/networking/building-your-,404,HTTP Error 404: Not Found,"C:\Users\meggletona\UTC Sheffield\Computing Staff - General\Archives\Archive June 2026\Teaching Resources\T-Levels\Content bank\2024 - 2025 lessons and content (Production, Design and Development)\Resources\digital-enviro-topic-lesson-plans.pdf"
https://startups.epam.com/blog/data-science-in-the-retail-industry,,<urlopen error [Errno 11001] getaddrinfo failed>,C:\Users\meggletona\UTC Sheffield\Computing Staff - General\Archives\Archive June 2026\Teaching Resources\AAQ Data Analytics\F201 mandatory unit - Big data and machine learning\Scheme of work Big data and machine learning (F201).docx
https://stefanini.com/en/insights/news/machine-learning-and-ai-in-robotics-shaping-the-future-of-digital-advancements,404,HTTP Error 404: Not Found,C:\Users\meggletona\UTC Sheffield\Computing Staff - General\Archives\Archive June 2026\Teaching Resources\AAQ Data Analytics\F201 mandatory unit - Big data and machine learning\Scheme of work Big data and machine learning (F201).docx
https://store.stormzy.com/uk/,404,HTTP Error 404: Not Found,C:\Users\meggletona\UTC Sheffield\Computing Staff - General\Archives\Archive June 2026\Teaching Resources\Y9 IT\2024 - 2025\Excel skills\Inspiration\KS4\L3 - RSC merchandise\A0 Solutions - Lesson 3 starter.docx
https://store.universalmusic.com/billieeilish/*/Merch/,,<urlopen error [SSL: CERTIFICATE_VERIFY_FAILED] certificate verify failed: certificate has expired (_ssl.c:1032)>,C:\Users\meggletona\UTC Sheffield\Computing Staff - General\Archives\Archive June 2026\Teaching Resources\Y9 IT\2024 - 2025\Excel skills\Inspiration\KS4\L3 - RSC merchandise\A0 Solutions - Lesson 3 starter.docx
https://student.json/,,<urlopen error [Errno 11001] getaddrinfo failed>,"C:\Users\meggletona\UTC Sheffield\Computing Staff - General\Archives\Archive June 2026\Teaching Resources\T-Levels\2025 - 2026 Year 1 (Software Development)\HCH - units 3, 5 and 6\Unit 6 - Data\6.5 Data formats\JSON practical.docx"
https://study.com/academy/lesson/5-basic-elements-of-,403,HTTP Error 403: HTTP Forbidden,"C:\Users\meggletona\UTC Sheffield\Computing Staff - General\Archives\Archive June 2026\Teaching Resources\T-Levels\Content bank\2024 - 2025 lessons and content (Production, Design and Development)\Resources\intro-to-programming-topic-lesson-plans.pdf"
https://study.com/academy/lesson/systems-software-utility-software-,403,HTTP Error 403: HTTP Forbidden,"C:\Users\meggletona\UTC Sheffield\Computing Staff - General\Archives\Archive June 2026\Teaching Resources\T-Levels\Content bank\2024 - 2025 lessons and content (Production, Design and Development)\Resources\digital-enviro-ind-resource-links.pdf"
https://study.com/academy/lesson/the-execution-phase-of-project-management.html,403,HTTP Error 403: HTTP Forbidden,C:\Users\meggletona\UTC Sheffield\Computing Staff - General\Archives\Archive June 2026\Teaching Resources\Camb Tech Level 3\Unit 8 and 9\Sample Work\Unit 8 LO1.docx
https://study.com/academy/lesson/types-of-computer-systems-in-business.html,403,HTTP Error 403: HTTP Forbidden,C:\Users\meggletona\UTC Sheffield\Computing Staff - General\Archives\Archive June 2026\Teaching Resources\AAQ Application Development\Application development - Docs and specs\F161 mandatory unit - Developing application software\Scheme of work Developing application software (F161).docx
https://support.twitter.com/articles/15789,403,HTTP Error 403: Forbidden,C:\Users\meggletona\UTC Sheffield\Computing Staff - General\Archives\Archive June 2026\Teaching Resources\ALevel Computing\Comp1\Unit 9 Legal-moral-ethical-and-cultural-issues\Unit 9 Legal and cultural issues\T3 Privacy and censorship\Unit 9 Worksheet 3 Answers.docx
https://swarb.co.uk/regina-v-gold-and-schifreen-cacd-17-jul-1987,,<urlopen error [SSL: CERTIFICATE_VERIFY_FAILED] certificate verify failed: certificate has expired (_ssl.c:1032)>,"C:\Users\meggletona\UTC Sheffield\Computing Staff - General\Archives\Archive June 2026\Teaching Resources\T-Levels\Content bank\2024 - 2025 lessons and content (Production, Design and Development)\Resources\leg-and-reg-requirements-intro-powerpoint.pptx"
https://teachcomputing.org/curriculum/key-stage-4/programming-part-3-iteration/while-loops,429,HTTP Error 429: Too Many Requests,"C:\Users\meggletona\UTC Sheffield\Computing Staff - General\Archives\Archive June 2026\Teaching Resources\T-Levels\Content bank\2024 - 2025 lessons and content (Production, Design and Development)\Resources\t-level-digital-core-sow.docx"
https://teachcomputing.org/curriculum/key-stage-4/programming-part-5-strings-and-lists,429,HTTP Error 429: Too Many Requests,"C:\Users\meggletona\UTC Sheffield\Computing Staff - General\Archives\Archive June 2026\Teaching Resources\T-Levels\Content bank\2024 - 2025 lessons and content (Production, Design and Development)\Resources\t-level-digital-core-sow.docx"
https://teachcomputing.org/curriculum/key-stage-4/programming-part-6-dictionaries-and-datafiles,429,HTTP Error 429: Too Many Requests,"C:\Users\meggletona\UTC Sheffield\Computing Staff - General\Archives\Archive June 2026\Teaching Resources\T-Levels\Content bank\2024 - 2025 lessons and content (Production, Design and Development)\Resources\t-level-digital-core-sow.docx"
https://techterms.com/definition/vectorgraphic,404,HTTP Error 404: Not Found,C:\Users\meggletona\UTC Sheffield\Computing Staff - General\Archives\Archive June 2026\Teaching Resources\NCFE\Unit 4\Other Sample.pdf
https://teiss.co.uk/features/top-five-biggest-cyber-attacks-uk/,404,HTTP Error 404: ,"C:\Users\meggletona\UTC Sheffield\Computing Staff - General\Archives\Archive June 2026\Teaching Resources\T-Levels\Content bank\2024 - 2025 lessons and content (Production, Design and Development)\Resources\security-topic-lesson-plans.pdf"
https://teorionline.wordpress.com/wp-content/uploads/2010/03/cluster-analysis-aplikasi-3.pdf,410,HTTP Error 410: Gone,C:\Users\meggletona\UTC Sheffield\Computing Staff - General\Archives\Archive June 2026\Teaching Resources\AAQ Data Analytics\F201 mandatory unit - Big data and machine learning\Scheme of work Big data and machine learning (F201).docx
https://the-cc.io/py-battle-1,404,HTTP Error 404: Not Found,C:\Users\meggletona\UTC Sheffield\Computing Staff - General\Archives\Archive June 2026\Teaching Resources\Y9 Computer Science\2024-2025\Python\Half term 3\Lists\L2 Lesson plan - Python programming with sequences of data - Y9.docx
https://the-cc.io/py-battle-2,404,HTTP Error 404: Not Found,C:\Users\meggletona\UTC Sheffield\Computing Staff - General\Archives\Archive June 2026\Teaching Resources\Y9 Computer Science\2024-2025\Python\Half term 3\Lists\L2 Lesson plan - Python programming with sequences of data - Y9.docx
https://the-cc.io/py-battle-3,404,HTTP Error 404: Not Found,C:\Users\meggletona\UTC Sheffield\Computing Staff - General\Archives\Archive June 2026\Teaching Resources\Y9 Computer Science\2024-2025\Python\Half term 3\Lists\L2 Lesson plan - Python programming with sequences of data - Y9.docx
https://the-cc.io/py-books-1,404,HTTP Error 404: Not Found,C:\Users\meggletona\UTC Sheffield\Computing Staff - General\Archives\Archive June 2026\Teaching Resources\Y9 Computer Science\2024-2025\Python\Half term 3\Lists\L2 Lesson plan - Python programming with sequences of data - Y9.docx
https://the-cc.io/py-caesar-1,404,HTTP Error 404: Not Found,C:\Users\meggletona\UTC Sheffield\Computing Staff - General\Archives\Archive June 2026\Teaching Resources\Y9 Computer Science\2024-2025\Python\Half term 3\Mini projects\Lesson plan.docx
https://the-cc.io/py-caesar-2,404,HTTP Error 404: Not Found,C:\Users\meggletona\UTC Sheffield\Computing Staff - General\Archives\Archive June 2026\Teaching Resources\Y9 Computer Science\2024-2025\Python\Half term 3\Mini projects\Lesson plan.docx
https://the-cc.io/py-cities-2,404,HTTP Error 404: Not Found,C:\Users\meggletona\UTC Sheffield\Computing Staff - General\Archives\Archive June 2026\Teaching Resources\Y9 Computer Science\2024-2025\Python\Half term 3\Mini projects\A3 Worksheet - Planetary quiz - Mini-project.docx
https://the-cc.io/py-isbn-1,404,HTTP Error 404: Not Found,C:\Users\meggletona\UTC Sheffield\Computing Staff - General\Archives\Archive June 2026\Teaching Resources\Y9 Computer Science\2024-2025\Python\Half term 3\Mini projects\Lesson plan.docx
https://the-cc.io/py-passcheck-1,404,HTTP Error 404: Not Found,C:\Users\meggletona\UTC Sheffield\Computing Staff - General\Archives\Archive June 2026\Teaching Resources\Y9 Computer Science\2024-2025\Python\Half term 3\Mini projects\Lesson plan.docx
https://the-cc.io/py-passcheck-2,404,HTTP Error 404: Not Found,C:\Users\meggletona\UTC Sheffield\Computing Staff - General\Archives\Archive June 2026\Teaching Resources\Y9 Computer Science\2024-2025\Python\Half term 3\Mini projects\Lesson plan.docx
https://the-cc.io/py-passgen-1,404,HTTP Error 404: Not Found,C:\Users\meggletona\UTC Sheffield\Computing Staff - General\Archives\Archive June 2026\Teaching Resources\Y9 Computer Science\2024-2025\Python\Half term 3\Mini projects\Lesson plan.docx
https://the-cc.io/py-planetquiz-1,404,HTTP Error 404: Not Found,C:\Users\meggletona\UTC Sheffield\Computing Staff - General\Archives\Archive June 2026\Teaching Resources\Y9 Computer Science\2024-2025\Python\Half term 3\Mini projects\Lesson plan.docx
https://the-cc.io/py-solar-1,404,HTTP Error 404: Not Found,C:\Users\meggletona\UTC Sheffield\Computing Staff - General\Archives\Archive June 2026\Teaching Resources\Y9 Computer Science\2024-2025\Python\Half term 3\Lists\A2 Worksheet - The solar system.docx|C:\Users\meggletona\UTC Sheffield\Computing Staff - General\Archives\Archive June 2026\Teaching Resources\Y9 Computer Science\2024-2025\Python\Half term 3\Lists\L2 Lesson plan - Python programming with sequences of data - Y9.docx|C:\Users\meggletona\UTC Sheffield\Computing Staff - General\Archives\Archive June 2026\Teaching Resources\Y9 Computer Science\2024-2025\Python\Half term 6\Solar system worksheet.docx
https://the-cc.io/py-solar-2,404,HTTP Error 404: Not Found,C:\Users\meggletona\UTC Sheffield\Computing Staff - General\Archives\Archive June 2026\Teaching Resources\Y9 Computer Science\2024-2025\Python\Half term 3\Lists\A2 Worksheet - The solar system.docx|C:\Users\meggletona\UTC Sheffield\Computing Staff - General\Archives\Archive June 2026\Teaching Resources\Y9 Computer Science\2024-2025\Python\Half term 3\Lists\L2 Lesson plan - Python programming with sequences of data - Y9.docx|C:\Users\meggletona\UTC Sheffield\Computing Staff - General\Archives\Archive June 2026\Teaching Resources\Y9 Computer Science\2024-2025\Python\Half term 6\Solar system worksheet.docx
https://the-cc.io/py-solar-3,404,HTTP Error 404: Not Found,C:\Users\meggletona\UTC Sheffield\Computing Staff - General\Archives\Archive June 2026\Teaching Resources\Y9 Computer Science\2024-2025\Python\Half term 3\Lists\L2 Lesson plan - Python programming with sequences of data - Y9.docx
https://the-cc.io/py-solar-4,404,HTTP Error 404: Not Found,C:\Users\meggletona\UTC Sheffield\Computing Staff - General\Archives\Archive June 2026\Teaching Resources\Y9 Computer Science\2024-2025\Python\Half term 3\Lists\L2 Lesson plan - Python programming with sequences of data - Y9.docx
https://the-cc.io/py-solar-5,404,HTTP Error 404: Not Found,C:\Users\meggletona\UTC Sheffield\Computing Staff - General\Archives\Archive June 2026\Teaching Resources\Y9 Computer Science\2024-2025\Python\Half term 3\Lists\L2 Lesson plan - Python programming with sequences of data - Y9.docx
https://the-cc.io/py-strfor-1,404,HTTP Error 404: Not Found,C:\Users\meggletona\UTC Sheffield\Computing Staff - General\Archives\Archive June 2026\Teaching Resources\Y9 Computer Science\2024-2025\Python\Half term 3\Mini projects\Lesson plan.docx
https://the-cc.io/py-strfor-2,404,HTTP Error 404: Not Found,C:\Users\meggletona\UTC Sheffield\Computing Staff - General\Archives\Archive June 2026\Teaching Resources\Y9 Computer Science\2024-2025\Python\Half term 3\Mini projects\Lesson plan.docx
https://the-cc/qr03,,<urlopen error [Errno 11001] getaddrinfo failed>,C:\Users\meggletona\UTC Sheffield\Computing Staff - General\Archives\Archive June 2026\Teaching Resources\Y9 Computer Science\2024-2025\Python\Half term 3\Lists\L2 Lesson plan - Python programming with sequences of data - Y9.docx
https://the-cc/qr05,,<urlopen error [Errno 11001] getaddrinfo failed>,C:\Users\meggletona\UTC Sheffield\Computing Staff - General\Archives\Archive June 2026\Teaching Resources\Y9 Computer Science\2024-2025\Python\Half term 3\Lists\L2 Lesson plan - Python programming with sequences of data - Y9.docx
https://theaccidentalgeek.com/best-applications-for-gamers/,,The read operation timed out,C:\Users\meggletona\UTC Sheffield\Computing Staff - General\Archives\Archive June 2026\Teaching Resources\AAQ Application Development\F160 Fundamentals of application development\Topic area 1 - Types of software used in application design\1.3.1 - Application types.pptx
https://theteacher.info/index.php/f451-fundamentals/3-1-3-data/notes/98-validation-and-verification,,<urlopen error [Errno 11002] getaddrinfo failed>,"C:\Users\meggletona\UTC Sheffield\Computing Staff - General\Archives\Archive June 2026\Teaching Resources\T-Levels\Content bank\2024 - 2025 lessons and content (Production, Design and Development)\Resources\t-level-digital-core-sow.docx"
https://tools.cisco.com/security/center/emergency.x?i=56#3,,<urlopen error [SSL: CERTIFICATE_VERIFY_FAILED] certificate verify failed: self-signed certificate in certificate chain (_ssl.c:1032)>,C:\Users\meggletona\UTC Sheffield\Computing Staff - General\Archives\Archive June 2026\Teaching Resources\Camb Tech Level 3\Unit 3\OCR-cybersecurity delivery guide.pdf
https://topcharger.co.uk/wp-content/uploads/2023/11/Hypervolt-Home-3.0-Pro-,404,HTTP Error 404: Not Found,"C:\Users\meggletona\UTC Sheffield\Computing Staff - General\Archives\Archive June 2026\Teaching Resources\T-Levels\2025 - 2026 Year 2 (Production, Design and Development)\OSC - Past Papers\Leeds UTC example\Barowik James - LL-000018220\Task 1\Task 1 Occ Spec\Task1_Internet_Log_LL-000018220-Barowik-J.pdf"
https://towardsdatascience.com/data-science-is-hot-heres-why-it-s-cool-ddfdb8739a22,404,HTTP Error 404: Not Found,"C:\Users\meggletona\UTC Sheffield\Computing Staff - General\Archives\Archive June 2026\Teaching Resources\T-Levels\2025 - 2026 Year 1 (Software Development)\HCH - units 3, 5 and 6\Unit 6 - Data\6.9 Data visualisation\Data science.pptx|C:\Users\meggletona\UTC Sheffield\Computing Staff - General\Archives\Archive June 2026\Teaching Resources\Y9 IT\2024 - 2025\Data and Excel skills (Prefect)\Week 2 & 3 - Prefect and data science\Data science.pptx"
https://towardsdatascience.com/rootstrap-dikw-,404,HTTP Error 404: Not Found,"C:\Users\meggletona\UTC Sheffield\Computing Staff - General\Archives\Archive June 2026\Teaching Resources\T-Levels\Content bank\2024 - 2025 lessons and content (Production, Design and Development)\Resources\data-topic-lesson-plans.pdf"
https://turbofuture.com/computers/The-Five-Types-of-,403,HTTP Error 403: Forbidden,"C:\Users\meggletona\UTC Sheffield\Computing Staff - General\Archives\Archive June 2026\Teaching Resources\T-Levels\Content bank\2024 - 2025 lessons and content (Production, Design and Development)\Resources\digital-enviro-topic-lesson-plans.pdf"
https://turbofuture.com/computers/The-Five-Types-of-System-Software,403,HTTP Error 403: Forbidden,"C:\Users\meggletona\UTC Sheffield\Computing Staff - General\Archives\Archive June 2026\Teaching Resources\T-Levels\Content bank\2024 - 2025 lessons and content (Production, Design and Development)\Resources\digital-enviro-ind-resource-links.pdf"
https://uk.indeed.com/career-advice/career-development/software-project-plan,403,HTTP Error 403: Forbidden,C:\Users\meggletona\UTC Sheffield\Computing Staff - General\Archives\Archive June 2026\Teaching Resources\AAQ Application Development\Application development - Docs and specs\F160 mandatory unit - Fundamentals of applications development\Scheme of work Fundamentals of application development (F160).docx|C:\Users\meggletona\UTC Sheffield\Computing Staff - General\Archives\Archive June 2026\Teaching Resources\AAQ Application Development\F160 Fundamentals of application development\Scheme of work Fundamentals of application development (F160).docx
https://uk.indeed.com/q-mobile-app-ui-ux-designer-jobs.html?vjk=1312c0e0ffda5763,403,HTTP Error 403: Forbidden,C:\Users\meggletona\UTC Sheffield\Computing Staff - General\Archives\Archive June 2026\Teaching Resources\AAQ Application Development\Application development - Docs and specs\F160 mandatory unit - Fundamentals of applications development\Scheme of work Fundamentals of application development (F160).docx|C:\Users\meggletona\UTC Sheffield\Computing Staff - General\Archives\Archive June 2026\Teaching Resources\AAQ Application Development\F160 Fundamentals of application development\Scheme of work Fundamentals of application development (F160).docx
https://uk.mathworks.com/help/textanalytics/ug/prepare-text-data-for-analysis.html,403,HTTP Error 403: Forbidden,C:\Users\meggletona\UTC Sheffield\Computing Staff - General\Archives\Archive June 2026\Teaching Resources\AAQ Data Analytics\F201 mandatory unit - Big data and machine learning\Scheme of work Big data and machine learning (F201).docx
https://uk.practicallaw.thomsonreuters.com/,403,HTTP Error 403: Forbidden,"C:\Users\meggletona\UTC Sheffield\Computing Staff - General\Archives\Archive June 2026\Teaching Resources\T-Levels\2025 - 2026 Year 2 (Production, Design and Development)\OSC - Past Papers\OSC\digital-production-design-and-development-project-delivery-guide-new-blue-1.pdf"
https://unctad.org/about/evaluation,403,HTTP Error 403: Forbidden,"C:\Users\meggletona\UTC Sheffield\Computing Staff - General\Archives\Archive June 2026\Teaching Resources\T-Levels\2025 - 2026 Year 2 (Production, Design and Development)\HCH\Task 3b - Evaluation\L1 - Evaluation.pptx"
https://unctad.org/system/files/non-official-document/dtl_eweek2016_UNGlobalPulse_en.pdf,403,HTTP Error 403: Forbidden,"C:\Users\meggletona\UTC Sheffield\Computing Staff - General\Archives\Archive June 2026\Teaching Resources\T-Levels\Content bank\2024 - 2025 lessons and content (Production, Design and Development)\Resources\t-level-digital-core-sow.docx"
https://unscrambl.com/blog/the-data-driven-organization-what-it-means-to-be-one-and-why-it-matters/,500,HTTP Error 500: Internal Server Error,"C:\Users\meggletona\UTC Sheffield\Computing Staff - General\Archives\Archive June 2026\Teaching Resources\T-Levels\2025 - 2026 Year 1 (Software Development)\HCH - units 3, 5 and 6\Unit 6 - Data\6.1 Data, information and knowledge\6.1.4 How organisations use data and information.pptx"
https://unsplash.com/photos/blue-and-,401,HTTP Error 401: Unauthorized,"C:\Users\meggletona\UTC Sheffield\Computing Staff - General\Archives\Archive June 2026\Teaching Resources\T-Levels\2025 - 2026 Year 2 (Production, Design and Development)\OSC - Past Papers\OSC2024\digital-production-design-development-distinction-summer-2024.pdf"
https://unsplash.com/photos/bread-with-,401,HTTP Error 401: Unauthorized,"C:\Users\meggletona\UTC Sheffield\Computing Staff - General\Archives\Archive June 2026\Teaching Resources\T-Levels\2025 - 2026 Year 2 (Production, Design and Development)\OSC - Past Papers\OSC2024\digital-production-design-development-distinction-summer-2024.pdf"
https://unsplash.com/photos/brown-,401,HTTP Error 401: Unauthorized,"C:\Users\meggletona\UTC Sheffield\Computing Staff - General\Archives\Archive June 2026\Teaching Resources\T-Levels\2025 - 2026 Year 2 (Production, Design and Development)\OSC - Past Papers\OSC2024\digital-production-design-development-distinction-summer-2024.pdf"
https://unsplash.com/photos/brown-bear-,401,HTTP Error 401: Unauthorized,"C:\Users\meggletona\UTC Sheffield\Computing Staff - General\Archives\Archive June 2026\Teaching Resources\T-Levels\2025 - 2026 Year 2 (Production, Design and Development)\OSC - Past Papers\OSC2024\digital-production-design-development-distinction-summer-2024.pdf"
https://unsplash.com/photos/brown-lion-,401,HTTP Error 401: Unauthorized,"C:\Users\meggletona\UTC Sheffield\Computing Staff - General\Archives\Archive June 2026\Teaching Resources\T-Levels\2025 - 2026 Year 2 (Production, Design and Development)\OSC - Past Papers\OSC2024\digital-production-design-development-distinction-summer-2024.pdf"
https://unsplash.com/photos/elephant-on-,401,HTTP Error 401: Unauthorized,"C:\Users\meggletona\UTC Sheffield\Computing Staff - General\Archives\Archive June 2026\Teaching Resources\T-Levels\2025 - 2026 Year 2 (Production, Design and Development)\OSC - Past Papers\OSC2024\digital-production-design-development-distinction-summer-2024.pdf"
https://unsplash.com/photos/group-of-,401,HTTP Error 401: Unauthorized,"C:\Users\meggletona\UTC Sheffield\Computing Staff - General\Archives\Archive June 2026\Teaching Resources\T-Levels\2025 - 2026 Year 2 (Production, Design and Development)\OSC - Past Papers\OSC2024\digital-production-design-development-distinction-summer-2024.pdf"
https://unsplash.com/photos/hallway-of-,401,HTTP Error 401: Unauthorized,"C:\Users\meggletona\UTC Sheffield\Computing Staff - General\Archives\Archive June 2026\Teaching Resources\T-Levels\2025 - 2026 Year 2 (Production, Design and Development)\OSC - Past Papers\OSC2024\digital-production-design-development-distinction-summer-2024.pdf"
https://unsplash.com/photos/red-panda-,401,HTTP Error 401: Unauthorized,"C:\Users\meggletona\UTC Sheffield\Computing Staff - General\Archives\Archive June 2026\Teaching Resources\T-Levels\2025 - 2026 Year 2 (Production, Design and Development)\OSC - Past Papers\OSC2024\digital-production-design-development-distinction-summer-2024.pdf"
https://unsplash.com/photos/two-giraffe-,401,HTTP Error 401: Unauthorized,"C:\Users\meggletona\UTC Sheffield\Computing Staff - General\Archives\Archive June 2026\Teaching Resources\T-Levels\2025 - 2026 Year 2 (Production, Design and Development)\OSC - Past Papers\OSC2024\digital-production-design-development-distinction-summer-2024.pdf"
https://unsplash.com/photos/white-,401,HTTP Error 401: Unauthorized,"C:\Users\meggletona\UTC Sheffield\Computing Staff - General\Archives\Archive June 2026\Teaching Resources\T-Levels\2025 - 2026 Year 2 (Production, Design and Development)\OSC - Past Papers\OSC2024\digital-production-design-development-distinction-summer-2024.pdf"
https://unsplash.com/photos/white-and-,401,HTTP Error 401: Unauthorized,"C:\Users\meggletona\UTC Sheffield\Computing Staff - General\Archives\Archive June 2026\Teaching Resources\T-Levels\2025 - 2026 Year 2 (Production, Design and Development)\OSC - Past Papers\OSC2024\digital-production-design-development-distinction-summer-2024.pdf"
https://unsplash.com/photos/white-bed-,401,HTTP Error 401: Unauthorized,"C:\Users\meggletona\UTC Sheffield\Computing Staff - General\Archives\Archive June 2026\Teaching Resources\T-Levels\2025 - 2026 Year 2 (Production, Design and Development)\OSC - Past Papers\OSC2024\digital-production-design-development-distinction-summer-2024.pdf"
https://unsplash.com/photos/woman-,401,HTTP Error 401: Unauthorized,"C:\Users\meggletona\UTC Sheffield\Computing Staff - General\Archives\Archive June 2026\Teaching Resources\T-Levels\2025 - 2026 Year 2 (Production, Design and Development)\OSC - Past Papers\OSC2024\digital-production-design-development-distinction-summer-2024.pdf"
https://unsplash.com/photos/woman-in-,401,HTTP Error 401: Unauthorized,"C:\Users\meggletona\UTC Sheffield\Computing Staff - General\Archives\Archive June 2026\Teaching Resources\T-Levels\2025 - 2026 Year 2 (Production, Design and Development)\OSC - Past Papers\OSC2024\digital-production-design-development-distinction-summer-2024.pdf"
https://unsplash.com/photos/zebra-in-,401,HTTP Error 401: Unauthorized,"C:\Users\meggletona\UTC Sheffield\Computing Staff - General\Archives\Archive June 2026\Teaching Resources\T-Levels\2025 - 2026 Year 2 (Production, Design and Development)\OSC - Past Papers\OSC2024\digital-production-design-development-distinction-summer-2024.pdf"
https://upload.wikimedia.org/wikipedia/commons/thumb/e/e9/Bing_logo.svg/220px-Bing_logo.svg.png,400,HTTP Error 400: Use thumbnail sizes listed on https://w.wiki/GHai,C:\Users\meggletona\UTC Sheffield\Computing Staff - General\Archives\Archive June 2026\Teaching Resources\ALevel Computing\Comp1\Unit 5 Networks and web technologies\Topic 6 Search engine indexing\Networks T6 Search Engine Indexing.pptx
https://utcsheffield-my.sharepoint.com,401,HTTP Error 401: Unauthorized,"C:\Users\meggletona\UTC Sheffield\Computing Staff - General\Archives\Archive June 2026\Teaching Resources\Y9 IT\2024 - 2025\Basic IT skills\2 - OneDrive, Teams and typing.pptx|C:\Users\meggletona\UTC Sheffield\Computing Staff - General\Archives\Archive June 2026\Teaching Resources\Y9 IT\2025 - 2026\General IT Skills\2  - OneDrive, Teams and Typing Lesson.pptx"
https://utcsheffield-my.sharepoint.com/personal/18klineb_utcsheffield_org_uk/Documents/Data,401,HTTP Error 401: Unauthorized,C:\Users\meggletona\UTC Sheffield\Computing Staff - General\Archives\Archive June 2026\Teaching Resources\ALevel Computing\Comp2\Year13\RevisionGuides\RevisionGuides\Data mining presentation 1.pptx
https://utcsheffield-my.sharepoint.com/personal/20talbot-sheerinj_utcsheffield_org_uk/Documents/School/Cambridge,401,HTTP Error 401: Unauthorized,"C:\Users\meggletona\UTC Sheffield\Computing Staff - General\Archives\Archive June 2026\Teaching Resources\Camb Nat Level 2\2024 - 2025\R060 Data manipulation using spreadsheets\R060 examples - Last year\TALBOT-SHEERIN, JOSHUA\Design Document 1.docx|C:\Users\meggletona\UTC Sheffield\Computing Staff - General\Archives\Archive June 2026\Teaching Resources\Camb Nat Level 2\2024 - 2025\R060 Samples\TALBOT-SHEERIN, JOSHUA\Design Document 1.docx"
https://utcsheffield.sharepoint.com/:b:/s/AAQAppDev/IQAFmjFWiRi7S4KT90wVAXbSAegdZwVKlnMuAJZDJeUWtF8?e=RKTVsG,401,HTTP Error 401: Unauthorized,C:\Users\meggletona\UTC Sheffield\Computing Staff - General\Archives\Archive June 2026\Teaching Resources\AAQ Application Development\F162 Designing and communicating UX UI solutions\Lesson slides\Task 1 skills.pptx
https://utcsheffield.sharepoint.com/:b:/s/AAQDataAnalytics/IQAJxTYLtAPHTYh3TY8QXIw-ARuR_0dU6_uxFaYJ0NUz-mw?e=3FVWYg,401,HTTP Error 401: Unauthorized,C:\Users\meggletona\UTC Sheffield\Computing Staff - General\Archives\Archive June 2026\Teaching Resources\AAQ Data Analytics\F202 - Spreadsheet Data Modelling\Lesson slides\Task 1 skills for data analytics.pptx
https://utcsheffield.sharepoint.com/:b:/s/Year12Tlevel/ER1uniNQpp1Lovq0ArbQt68ByHODoSnrtAoFkoWg1Hevpg?e=5WVHnG,401,HTTP Error 401: Unauthorized,"C:\Users\meggletona\UTC Sheffield\Computing Staff - General\Archives\Archive June 2026\Teaching Resources\T-Levels\2025 - 2026 Year 2 (Production, Design and Development)\HCH\Task 1 - Proposal (Activity A)\An introduction to the OSC.pptx"
https://utcsheffield.sharepoint.com/:b:/s/Year12Tlevel/EXuE80sDxF9Fo9MCg2zeWGgBkbWWru3QCCw6HCnqP1f6dg?e=AP9jAp,401,HTTP Error 401: Unauthorized,"C:\Users\meggletona\UTC Sheffield\Computing Staff - General\Archives\Archive June 2026\Teaching Resources\T-Levels\2025 - 2026 Year 2 (Production, Design and Development)\HCH\Task 3a - Gathering feedback\L1 An introduction to task 3a.pptx"
https://utcsheffield.sharepoint.com/:b:/s/Year12Tlevel/Edvh5WLTEndPjOYHFjn-oPoBWfrrnm-cLhAh2dJSKTIUjA?e=CIkXXH,401,HTTP Error 401: Unauthorized,"C:\Users\meggletona\UTC Sheffield\Computing Staff - General\Archives\Archive June 2026\Teaching Resources\T-Levels\2025 - 2026 Year 2 (Production, Design and Development)\HCH\Task 3a - Gathering feedback\Feedback plan example.docx"
https://utcsheffield.sharepoint.com/:b:/s/Year12Tlevel/IQB7hPNLA8RfRaPTAoNs3lhoAZG1lq7t0AgsOhwp6j9X-nY?e=ehTo1h,401,HTTP Error 401: Unauthorized,"C:\Users\meggletona\UTC Sheffield\Computing Staff - General\Archives\Archive June 2026\Teaching Resources\T-Levels\2025 - 2026 Year 2 (Production, Design and Development)\AI use in the Occupational Specialism .pptx"
https://utcsheffield.sharepoint.com/:b:/s/Year12Tlevel/IQBi8Poi1S4aQZn2_vaaBNpFAZ0Opws_J95xlVQTdBkibh4?e=BnPCmR,401,HTTP Error 401: Unauthorized,"C:\Users\meggletona\UTC Sheffield\Computing Staff - General\Archives\Archive June 2026\Teaching Resources\T-Levels\2025 - 2026 Year 2 (Production, Design and Development)\AI use in the Occupational Specialism .pptx"
https://utcsheffield.sharepoint.com/:f:/s/AAQAppDev/IgDmSgs_QZHYRbQqwI0bPTA0AYiwbZg6d0mGRduvbebBBUU?e=KbJvbV,401,HTTP Error 401: Unauthorized,C:\Users\meggletona\UTC Sheffield\Computing Staff - General\Archives\Archive June 2026\Teaching Resources\AAQ Application Development\F162 Designing and communicating UX UI solutions\Lesson slides\Task 1 skills.pptx
https://utcsheffield.sharepoint.com/:f:/s/Y9CS2023-24/EsKA717OEZdCtgNZCXqRpGkBh-fWjDL9Hx259icGPEtXwQ?e=UdHwwj,401,HTTP Error 401: Unauthorized,C:\Users\meggletona\UTC Sheffield\Computing Staff - General\Archives\Archive June 2026\Teaching Resources\Y11 GCSE Computer Science\Paper 2\2.2.1 Programming fundamentals\L1 Programming basics (tasks in Class NoteBook).pptx
https://utcsheffield.sharepoint.com/:f:/s/Y9CS2023-24/Eu6x_p77zO9BgkkRjjbOamEB_Hn4T7RDbJitdhrVG2SP_Q?e=9bKi80,401,HTTP Error 401: Unauthorized,C:\Users\meggletona\UTC Sheffield\Computing Staff - General\Archives\Archive June 2026\Teaching Resources\Y11 GCSE Computer Science\Paper 2\2.2.1 Programming fundamentals\L1 Programming basics (tasks in Class NoteBook).pptx
https://utcsheffield.sharepoint.com/:p:/s/AAQAppDev/IQBNjZ9d5uKSSLb9u08RtGCsAbZMhGcZnILvZYek8i4LsVs?e=xtcbLX,401,HTTP Error 401: Unauthorized,C:\Users\meggletona\UTC Sheffield\Computing Staff - General\Archives\Archive June 2026\Teaching Resources\Microbit resources\Resoures and lessons.docx
https://utcsheffield.sharepoint.com/:p:/s/Year12Tlevel/ERzKrriCXKxFiF0YvkYLybYBKz-9nsQSWX-fUF6tMa6cOg?e=qecDgW,401,HTTP Error 401: Unauthorized,"C:\Users\meggletona\UTC Sheffield\Computing Staff - General\Archives\Archive June 2026\Teaching Resources\T-Levels\Content bank\2024 - 2025 lessons and content (Production, Design and Development)\Unit 5 - Business context\5.1 The business environment\20th September P2.pptx"
https://utcsheffield.sharepoint.com/:p:/s/Year12Tlevel/EViVt9GJp7lBsP9y7TuXxb0Bgp_wlhO0E6cTH_lFlttUTg?e=hH7CA2,401,HTTP Error 401: Unauthorized,"C:\Users\meggletona\UTC Sheffield\Computing Staff - General\Archives\Archive June 2026\Teaching Resources\T-Levels\Content bank\2024 - 2025 lessons and content (Production, Design and Development)\Unit 5 - Business context\5.1 The business environment\20th September P2.pptx"
https://utcsheffield.sharepoint.com/:p:/s/Year12Tlevel/EbijDuyB0JhLoj6oCz5abykB2tl-1j3GIdg6zXmFLbwDcw?e=iRLjVM,401,HTTP Error 401: Unauthorized,"C:\Users\meggletona\UTC Sheffield\Computing Staff - General\Archives\Archive June 2026\Teaching Resources\T-Levels\Content bank\2024 - 2025 lessons and content (Production, Design and Development)\Unit 3 - Emerging issues and impact of digital\3.1.1 Part 1 Ethical and moral issues.pptx|C:\Users\meggletona\UTC Sheffield\Computing Staff - General\Archives\Archive June 2026\Teaching Resources\T-Levels\Content bank\2024 - 2025 lessons and content (Production, Design and Development)\Unit 3 - Emerging issues and impact of digital\3.1.1 Part 2 Ethical and moral issues.pptx"
https://utcsheffield.sharepoint.com/:p:/s/Year12Tlevel/EcOrpuLTbV1Bltm2V_cffSwBeVIVPNil_LqRjvaxKysFng?e=M0cnsH,401,HTTP Error 401: Unauthorized,"C:\Users\meggletona\UTC Sheffield\Computing Staff - General\Archives\Archive June 2026\Teaching Resources\T-Levels\Content bank\2024 - 2025 lessons and content (Production, Design and Development)\Unit 5 - Business context\5.1 The business environment\20th September P2.pptx"
https://utcsheffield.sharepoint.com/:p:/s/computing/EVy5Ildy21pOnZfkOldF8rsBXddymD9gDqMfH4nabkmeWQ?e=QDgJwe,401,HTTP Error 401: Unauthorized,"C:\Users\meggletona\UTC Sheffield\Computing Staff - General\Archives\Archive June 2026\Teaching Resources\T-Levels\2025 - 2026 Year 2 (Production, Design and Development)\HCH\Task 1 - Proposal (Activity A)\#2 - Task A (ii) - Business context and user needs.pptx"
https://utcsheffield.sharepoint.com/:p:/s/computing/IQAM1oCWt92cQKHu7TZKVmkqAW-DkURR0myboJOhm12Y0RM?e=8Oet8C,401,HTTP Error 401: Unauthorized,C:\Users\meggletona\UTC Sheffield\Computing Staff - General\Archives\Archive June 2026\Teaching Resources\Microbit resources\Resoures and lessons.docx
https://utcsheffield.sharepoint.com/:p:/s/computing/IQC8aSMeuD7MRLMaK_kFgNiqAYKpcH9VRiOKkmsImPPzG24?e=6DzYNe,401,HTTP Error 401: Unauthorized,C:\Users\meggletona\UTC Sheffield\Computing Staff - General\Archives\Archive June 2026\Teaching Resources\Y11 GCSE Computer Science\Paper 2\2.2.1 Programming fundamentals\Cover lesson 23rd March.pptx
https://utcsheffield.sharepoint.com/:w:/r/sites/computing/_layouts/15/Doc2.aspx?action=edit&amp;sourcedoc=%7Bbdff91a9-c3da-403f-ae72-93def6a98733%7D&amp;wdOrigin=TEAMS-WEB.teamsSdk_ns.rwc&amp;wdExp=TEAMS-TREATMENT&amp;wdhostclicktime=1757595059905&amp;web=1,401,HTTP Error 401: Unauthorized,"C:\Users\meggletona\UTC Sheffield\Computing Staff - General\Archives\Archive June 2026\Teaching Resources\T-Levels\2025 - 2026 Year 2 (Production, Design and Development)\HCH\Task 1 - Proposal (Activity A)\#2 - Task A (ii) - Business context and user needs.pptx"
https://utcsheffield.sharepoint.com/:w:/s/AAQAppDev/IQCYqr-SN7HERJTnT2pQptIZAVpmFbPv00YN0zq1qfaCeXQ?e=SRLijp,401,HTTP Error 401: Unauthorized,C:\Users\meggletona\UTC Sheffield\Computing Staff - General\Archives\Archive June 2026\Teaching Resources\Microbit resources\Resoures and lessons.docx
https://utcsheffield.sharepoint.com/:w:/s/Year12Tlevel/Ed1iSgj8fMJLnfx-TxN_IisB6kTRfvh_OetvALFpNLbsbw?e=mqk6gb,401,HTTP Error 401: Unauthorized,"C:\Users\meggletona\UTC Sheffield\Computing Staff - General\Archives\Archive June 2026\Teaching Resources\T-Levels\2025 - 2026 Year 2 (Production, Design and Development)\HCH\Task 3a - Gathering feedback\L6 User observations (usability testing).pptx"
https://utcsheffield.sharepoint.com/:w:/s/computing/IQB1HQmynEfURZoq0_LfOY_3AZOS2bndrdkZ0PO967vjfGI?e=b8dhTY,401,HTTP Error 401: Unauthorized,C:\Users\meggletona\UTC Sheffield\Computing Staff - General\Archives\Archive June 2026\Teaching Resources\Y11 GCSE Computer Science\Paper 2\2.2.1 Programming fundamentals\Cover lesson 23rd March.pptx
https://utcsheffield.sharepoint.com/sites/Python,401,HTTP Error 401: Unauthorized,C:\Users\meggletona\UTC Sheffield\Computing Staff - General\Archives\Archive June 2026\Teaching Resources\Y11 GCSE Computer Science\Paper 2\2.2.1 Programming fundamentals\L1 Programming basics (tasks in Class NoteBook).pptx
https://venn,,<urlopen error [Errno 11001] getaddrinfo failed>,C:\Users\meggletona\UTC Sheffield\Computing Staff - General\Archives\Archive June 2026\Teaching Resources\Y9 IT\2024 - 2025\Excel skills\Inspiration\KS4\L4 - RSC data visualisation\L4 Homework solutions - Spreadsheets - KS4.docx
https://wpdistrict.sitelock.com/wp-content/uploads/2016/06/whiteb.jpg,404,HTTP Error 404: Not Found,C:\Users\meggletona\UTC Sheffield\Computing Staff - General\Archives\Archive June 2026\Teaching Resources\Camb Tech Level 3\Unit 8 and 9\Sample Work\Unit 9 LO1.docx
https://www.ablebits.com/office-addins-blog/linear-regression-analysis-excel/,,<urlopen error [SSL: CERTIFICATE_VERIFY_FAILED] certificate verify failed: unable to get local issuer certificate (_ssl.c:1032)>,C:\Users\meggletona\UTC Sheffield\Computing Staff - General\Archives\Archive June 2026\Teaching Resources\AAQ Data Analytics\F201 mandatory unit - Big data and machine learning\Scheme of work Big data and machine learning (F201).docx
https://www.acm.org/,403,HTTP Error 403: Forbidden,"C:\Users\meggletona\UTC Sheffield\Computing Staff - General\Archives\Archive June 2026\Teaching Resources\T-Levels\Content bank\2024 - 2025 lessons and content (Production, Design and Development)\Resources\t-level-digital-core-sow.docx"
https://www.acm.org/code-of-ethics,403,HTTP Error 403: Forbidden,"C:\Users\meggletona\UTC Sheffield\Computing Staff - General\Archives\Archive June 2026\Teaching Resources\T-Levels\Content bank\2024 - 2025 lessons and content (Production, Design and Development)\Resources\leg-and-reg-requirements-topic-lesson-plans.pdf"
https://www.adobe.com/uk/acrobat/resources/document-files/data-files.html,,The read operation timed out,C:\Users\meggletona\UTC Sheffield\Computing Staff - General\Archives\Archive June 2026\Teaching Resources\AAQ Data Analytics\F200 mandatory unit - Fundamentals of data analytics\Scheme of work Fundamentals of data analytics (F200).docx
https://www.adobe.com/uk/express/learn/blog/what-is-an-infographic,,The read operation timed out,C:\Users\meggletona\UTC Sheffield\Computing Staff - General\Archives\Archive June 2026\Teaching Resources\AAQ Data Analytics\F201 mandatory unit - Big data and machine learning\Scheme of work Big data and machine learning (F201).docx
https://www.alamy.com/stock-photo/uk-currency.html?sortBy=relevant,403,HTTP Error 403: Forbidden,"C:\Users\meggletona\UTC Sheffield\Computing Staff - General\Archives\Archive June 2026\Teaching Resources\T-Levels\2025 - 2026 Year 1 (Software Development)\HCH - units 3, 5 and 6\Unit 5 - Business context\5.2 Digital value to organisations\5.2.1 Digital value to business - Finance.pptx"
https://www.amazon.co.uk/Computer-Security-Fundamentals-,404,HTTP Error 404: Not Found,"C:\Users\meggletona\UTC Sheffield\Computing Staff - General\Archives\Archive June 2026\Teaching Resources\T-Levels\Content bank\2024 - 2025 lessons and content (Production, Design and Development)\Resources\security-ind-resource-links.pdf"
https://www.amazon.co.uk/Hacking-Art-Exploitation-Jon-,404,HTTP Error 404: Not Found,"C:\Users\meggletona\UTC Sheffield\Computing Staff - General\Archives\Archive June 2026\Teaching Resources\T-Levels\Content bank\2024 - 2025 lessons and content (Production, Design and Development)\Resources\security-ind-resource-links.pdf"
https://www.amazon.co.uk/Social-Engineering-Science-Human-,404,HTTP Error 404: Not Found,"C:\Users\meggletona\UTC Sheffield\Computing Staff - General\Archives\Archive June 2026\Teaching Resources\T-Levels\Content bank\2024 - 2025 lessons and content (Production, Design and Development)\Resources\security-ind-resource-links.pdf"
https://www.apm.org.uk/resources/find-,404,HTTP Error 404: Not Found,"C:\Users\meggletona\UTC Sheffield\Computing Staff - General\Archives\Archive June 2026\Teaching Resources\T-Levels\Content bank\2024 - 2025 lessons and content (Production, Design and Development)\Resources\bus-contexts-topic-lesson-plans.pdf"
https://www.appcues.com/blog/in-app-,404,HTTP Error 404: Not Found,"C:\Users\meggletona\UTC Sheffield\Computing Staff - General\Archives\Archive June 2026\Teaching Resources\T-Levels\2025 - 2026 Year 2 (Production, Design and Development)\OSC - Past Papers\OSC\digital-production-design-and-development-project-delivery-guide-new-blue-1.pdf"
https://www.apriorit.com/dev-blog/how-to-manage-constraints-in-software-development-effectively,403,HTTP Error 403: Forbidden,C:\Users\meggletona\UTC Sheffield\Computing Staff - General\Archives\Archive June 2026\Teaching Resources\AAQ Application Development\Application development - Docs and specs\F160 mandatory unit - Fundamentals of applications development\Scheme of work Fundamentals of application development (F160).docx|C:\Users\meggletona\UTC Sheffield\Computing Staff - General\Archives\Archive June 2026\Teaching Resources\AAQ Application Development\F160 Fundamentals of application development\Scheme of work Fundamentals of application development (F160).docx
https://www.arm.com/resources/education/education-kits/internet-of-things,,<urlopen error [SSL: CERTIFICATE_VERIFY_FAILED] certificate verify failed: unable to get local issuer certificate (_ssl.c:1032)>,"C:\Users\meggletona\UTC Sheffield\Computing Staff - General\Archives\Archive June 2026\Teaching Resources\T-Levels\Content bank\2024 - 2025 lessons and content (Production, Design and Development)\Resources\t-level-digital-core-sow.docx"
https://www.artstation.com/chatonlaser,403,HTTP Error 403: Forbidden,C:\Users\meggletona\UTC Sheffield\Computing Staff - General\Archives\Archive June 2026\Teaching Resources\Y9 IT\2025 - 2026\Blender\L4 Complex models and colours\L4 Complex models and colours.pptx
https://www.autodesk.com/support/technical/article/caas/sfdcarticles/sfdcarticles/How-to-personalize-AutoCAD.html,,The read operation timed out,C:\Users\meggletona\UTC Sheffield\Computing Staff - General\Archives\Archive June 2026\Teaching Resources\AAQ Application Development\F160 Fundamentals of application development\Topic area 1 - Types of software used in application design\1.3.3 - Application software types.pptx
https://www.barb.co.uk/resources/tv-facts/tv-since-1981/2021/top10/,404,HTTP Error 404: Not Found,C:\Users\meggletona\UTC Sheffield\Computing Staff - General\Archives\Archive June 2026\Teaching Resources\Y9 IT\2024 - 2025\Data and Excel skills (Prefect)\Week 2 & 3 - Prefect and data science\Lesson plan.docx
https://www.bbc.co.uk/bitesize/guides/z22wwmn/revision/5,404,HTTP Error 404: Not Found,"C:\Users\meggletona\UTC Sheffield\Computing Staff - General\Archives\Archive June 2026\Teaching Resources\T-Levels\Content bank\2024 - 2025 lessons and content (Production, Design and Development)\Resources\problem-solving-topic-lesson-plans.pdf"
https://www.bbc.co.uk/bitesize/guides/z8n3d2p/revision/7,404,HTTP Error 404: Not Found,"C:\Users\meggletona\UTC Sheffield\Computing Staff - General\Archives\Archive June 2026\Teaching Resources\T-Levels\Content bank\2024 - 2025 lessons and content (Production, Design and Development)\Resources\testing-ind-resource-links.pdf"
https://www.bbc.co.uk/bitesize/guides/zdvrd2p/revision/1,404,HTTP Error 404: Not Found,C:\Users\meggletona\UTC Sheffield\Computing Staff - General\Archives\Archive June 2026\Teaching Resources\Camb Nat Level 2\2024 - 2025\R060\SOW-data-manipulation-using-spreadsheets.docx
https://www.bbc.co.uk/bitesize/guides/zghbgk7/revisi,404,HTTP Error 404: Not Found,"C:\Users\meggletona\UTC Sheffield\Computing Staff - General\Archives\Archive June 2026\Teaching Resources\T-Levels\Content bank\2024 - 2025 lessons and content (Production, Design and Development)\Resources\data-topic-lesson-plans.pdf"
https://www.bbc.co.uk/bitesize/guides/zh4whyc/revision/2,404,HTTP Error 404: Not Found,"C:\Users\meggletona\UTC Sheffield\Computing Staff - General\Archives\Archive June 2026\Teaching Resources\T-Levels\Content bank\2024 - 2025 lessons and content (Production, Design and Development)\Resources\digital-environments-intro-powerpoint (1).pptx"
https://www.bbc.co.uk/bitesize/guides/zh4whyc/revision/4,404,HTTP Error 404: Not Found,"C:\Users\meggletona\UTC Sheffield\Computing Staff - General\Archives\Archive June 2026\Teaching Resources\T-Levels\Content bank\2024 - 2025 lessons and content (Production, Design and Development)\Resources\digital-environments-intro-powerpoint (1).pptx"
https://www.bbc.co.uk/bitesize/guides/zh4whyc/revision/5,404,HTTP Error 404: Not Found,"C:\Users\meggletona\UTC Sheffield\Computing Staff - General\Archives\Archive June 2026\Teaching Resources\T-Levels\Content bank\2024 - 2025 lessons and content (Production, Design and Development)\Resources\digital-enviro-ind-resource-links.pdf"
https://www.bbc.co.uk/bitesize/guides/zkfbkqt/revisio,404,HTTP Error 404: Not Found,"C:\Users\meggletona\UTC Sheffield\Computing Staff - General\Archives\Archive June 2026\Teaching Resources\T-Levels\Content bank\2024 - 2025 lessons and content (Production, Design and Development)\Resources\data-topic-lesson-plans.pdf"
https://www.bbc.co.uk/bitesize/guides/znjmn39/revision/1,404,HTTP Error 404: Not Found,C:\Users\meggletona\UTC Sheffield\Computing Staff - General\Archives\Archive June 2026\Teaching Resources\Camb Nat Level 2\2024 - 2025\R060\SOW-data-manipulation-using-spreadsheets.docx
https://www.bbc.co.uk/bitesize/guides/znjmn39/revision/5,404,HTTP Error 404: Not Found,C:\Users\meggletona\UTC Sheffield\Computing Staff - General\Archives\Archive June 2026\Teaching Resources\Camb Nat Level 2\2024 - 2025\R060\SOW-data-manipulation-using-spreadsheets.docx
https://www.bbc.co.uk/bitesize/guides/ztcdtfr/revision/1,404,HTTP Error 404: Not Found,"C:\Users\meggletona\UTC Sheffield\Computing Staff - General\Archives\Archive June 2026\Teaching Resources\T-Levels\Content bank\2024 - 2025 lessons and content (Production, Design and Development)\Resources\digital-environments-intro-powerpoint (1).pptx"
https://www.bbc.co.uk/bitesize/topics/zkcqn39/articles/zq,404,HTTP Error 404: Not Found,"C:\Users\meggletona\UTC Sheffield\Computing Staff - General\Archives\Archive June 2026\Teaching Resources\T-Levels\Content bank\2024 - 2025 lessons and content (Production, Design and Development)\Resources\problem-solving-topic-lesson-plans.pdf"
https://www.bbc.co.uk/bitesize/topics/zx8hpv4,404,HTTP Error 404: Not Found,"C:\Users\meggletona\UTC Sheffield\Computing Staff - General\Archives\Archive June 2026\Teaching Resources\T-Levels\2025 - 2026 Year 2 (Production, Design and Development)\HCH\Task 1 - Proposal (Activity A)\Correct the references ANSWERS.docx|C:\Users\meggletona\UTC Sheffield\Computing Staff - General\Archives\Archive June 2026\Teaching Resources\T-Levels\2025 - 2026 Year 2 (Production, Design and Development)\HCH\Task 1 - Proposal (Activity A)\Correct the references.docx"
https://www.bbcgoodfood.com/recipes/collection/healthy-,404,HTTP Error 404: Not Found,"C:\Users\meggletona\UTC Sheffield\Computing Staff - General\Archives\Archive June 2026\Teaching Resources\T-Levels\2025 - 2026 Year 2 (Production, Design and Development)\OSC - Past Papers\OSC2022\2022_exemplification-os-digital-distinction.pdf"
https://www.bdadyslexia.org.uk/advice/employers/creating-a-dyslexia-friendly-,404,HTTP Error 404: Not Found,"C:\Users\meggletona\UTC Sheffield\Computing Staff - General\Archives\Archive June 2026\Teaching Resources\T-Levels\2025 - 2026 Year 2 (Production, Design and Development)\OSC - Past Papers\Leeds UTC example\Barowik James - LL-000018220\Task 1\Task 1 Occ Spec\Task1_Internet_Log_LL-000018220-Barowik-J.pdf"
https://www.bdadyslexia.org.uk/advice/employers/creating-a-dyslexia-friendly-workplace/dyslexia-friendly-style-guide,404,HTTP Error 404: Not Found,"C:\Users\meggletona\UTC Sheffield\Computing Staff - General\Archives\Archive June 2026\Teaching Resources\T-Levels\2025 - 2026 Year 2 (Production, Design and Development)\OSC - Past Papers\Leeds UTC example\Barowik James - LL-000018220\Task 1\Internet Log.docx|C:\Users\meggletona\UTC Sheffield\Computing Staff - General\Archives\Archive June 2026\Teaching Resources\T-Levels\2025 - 2026 Year 2 (Production, Design and Development)\OSC - Past Papers\Leeds UTC example\Barowik James - LL-000018220\Task 1\Task 1 Occ Spec\Task1_DesignDocs_Justification_LL-000018220-Barowik-J.docx"
https://www.betterteam.com/code-of-ethics-and-,404,HTTP Error 404: Not Found,"C:\Users\meggletona\UTC Sheffield\Computing Staff - General\Archives\Archive June 2026\Teaching Resources\T-Levels\Content bank\2024 - 2025 lessons and content (Production, Design and Development)\Resources\leg-and-reg-requirements-topic-lesson-plans.pdf"
https://www.bmc.com/blogs/public-private-hybrid-cloud/,404,HTTP Error 404: Not Found,C:\Users\meggletona\UTC Sheffield\Computing Staff - General\Archives\Archive June 2026\Teaching Resources\AAQ Data Analytics\F200 mandatory unit - Fundamentals of data analytics\Scheme of work Fundamentals of data analytics (F200).docx
https://www.bocasay.com/how-to-store-big-data/,403,HTTP Error 403: Forbidden,C:\Users\meggletona\UTC Sheffield\Computing Staff - General\Archives\Archive June 2026\Teaching Resources\AAQ Data Analytics\F201 mandatory unit - Big data and machine learning\Scheme of work Big data and machine learning (F201).docx
https://www.boxentriq.com/code-breaking/caesar-,404,HTTP Error 404: Not Found,"C:\Users\meggletona\UTC Sheffield\Computing Staff - General\Archives\Archive June 2026\Teaching Resources\T-Levels\Content bank\2024 - 2025 lessons and content (Production, Design and Development)\Resources\problem-solving-topic-lesson-plans.pdf"
https://www.brianlinkletter.com/open-source-network-simulators/,403,HTTP Error 403: Forbidden,"C:\Users\meggletona\UTC Sheffield\Computing Staff - General\Archives\Archive June 2026\Teaching Resources\T-Levels\Content bank\2024 - 2025 lessons and content (Production, Design and Development)\Resources\t-level-digital-core-sow.docx"
https://www.bridge-global.com/blog/types-of-application-software/,500,HTTP Error 500: Internal Server Error,C:\Users\meggletona\UTC Sheffield\Computing Staff - General\Archives\Archive June 2026\Teaching Resources\AAQ Application Development\Application development - Docs and specs\F160 mandatory unit - Fundamentals of applications development\Scheme of work Fundamentals of application development (F160).docx|C:\Users\meggletona\UTC Sheffield\Computing Staff - General\Archives\Archive June 2026\Teaching Resources\AAQ Application Development\F160 Fundamentals of application development\Scheme of work Fundamentals of application development (F160).docx
https://www.briefbox.me/collections?category=all-,404,HTTP Error 404: Not Found,"C:\Users\meggletona\UTC Sheffield\Computing Staff - General\Archives\Archive June 2026\Teaching Resources\T-Levels\Content bank\2024 - 2025 lessons and content (Production, Design and Development)\Resources\digital-enviro-topic-lesson-plans.pdf"
https://www.bsigroup.com/en-GB/Cyber-,404,HTTP Error 404: Not Found,"C:\Users\meggletona\UTC Sheffield\Computing Staff - General\Archives\Archive June 2026\Teaching Resources\T-Levels\Content bank\2024 - 2025 lessons and content (Production, Design and Development)\Resources\leg-and-reg-requirements-topic-lesson-plans.pdf"
https://www.cambridge.org/accessibility,403,HTTP Error 403: Forbidden,C:\Users\meggletona\UTC Sheffield\Computing Staff - General\Archives\Archive June 2026\Teaching Resources\AAQ Application Development\Application development - Docs and specs\F160 mandatory unit - Fundamentals of applications development\Scheme of work Fundamentals of application development (F160).docx|C:\Users\meggletona\UTC Sheffield\Computing Staff - General\Archives\Archive June 2026\Teaching Resources\AAQ Application Development\Application development - Docs and specs\F161 mandatory unit - Developing application software\Scheme of work Developing application software (F161).docx|C:\Users\meggletona\UTC Sheffield\Computing Staff - General\Archives\Archive June 2026\Teaching Resources\AAQ Application Development\F160 Fundamentals of application development\Scheme of work Fundamentals of application development (F160).docx|C:\Users\meggletona\UTC Sheffield\Computing Staff - General\Archives\Archive June 2026\Teaching Resources\AAQ Data Analytics\F200 mandatory unit - Fundamentals of data analytics\Scheme of work Fundamentals of data analytics (F200).docx|C:\Users\meggletona\UTC Sheffield\Computing Staff - General\Archives\Archive June 2026\Teaching Resources\AAQ Data Analytics\F201 mandatory unit - Big data and machine learning\Scheme of work Big data and machine learning (F201).docx
https://www.cdw.com/content/cdw/en/articles/services/3-data-backup-challenges-organizations-face-and-how-to-solve-them.html?msockid=32b795d79e2a6b253080818c9f4b6a9d,429,HTTP Error 429: Too Many Requests,C:\Users\meggletona\UTC Sheffield\Computing Staff - General\Archives\Archive June 2026\Teaching Resources\AAQ Application Development\Application development - Docs and specs\F161 mandatory unit - Developing application software\Scheme of work Developing application software (F161).docx
https://www.cgi.com/uk/en-gb/user-,404,HTTP Error 404: Not Found,"C:\Users\meggletona\UTC Sheffield\Computing Staff - General\Archives\Archive June 2026\Teaching Resources\T-Levels\2025 - 2026 Year 2 (Production, Design and Development)\OSC - Past Papers\Leeds UTC example\Barowik James - LL-000018220\Task 2\Task2_ContentAssetsLog_LL-000018220-Barowik_J.pdf"
https://www.cheatsheet.com/entertainment/these-,404,HTTP Error 404: Not Found,C:\Users\meggletona\UTC Sheffield\Computing Staff - General\Archives\Archive June 2026\Teaching Resources\Y9 IT\2024 - 2025\Excel skills\Inspiration\KS4\L4 - RSC data visualisation\L4 Homework solutions - Spreadsheets - KS4.docx
https://www.cigniti.com/resource/e-book/testing-world-agile-devops-,404,HTTP Error 404: Not Found,"C:\Users\meggletona\UTC Sheffield\Computing Staff - General\Archives\Archive June 2026\Teaching Resources\T-Levels\Content bank\2024 - 2025 lessons and content (Production, Design and Development)\Resources\testing-ind-resource-links.pdf"
https://www.cisco.com/c/en/us/products/security/advanced-malware-protection/index.html,,<urlopen error [SSL: CERTIFICATE_VERIFY_FAILED] certificate verify failed: self-signed certificate in certificate chain (_ssl.c:1032)>,"C:\Users\meggletona\UTC Sheffield\Computing Staff - General\Archives\Archive June 2026\Teaching Resources\T-Levels\Content bank\2024 - 2025 lessons and content (Production, Design and Development)\Resources\security-intro-powerpoint.pptx"
https://www.cisco.com/c/en/us/products/security/advanced-malware-protection/what-is-malware.html,,<urlopen error [SSL: CERTIFICATE_VERIFY_FAILED] certificate verify failed: self-signed certificate in certificate chain (_ssl.c:1032)>,"C:\Users\meggletona\UTC Sheffield\Computing Staff - General\Archives\Archive June 2026\Teaching Resources\T-Levels\Content bank\2024 - 2025 lessons and content (Production, Design and Development)\Resources\security-intro-powerpoint.pptx"
https://www.cisco.com/c/en/us/solutions/small-business/resource-center/networking/wireless-network.html#~introduction,,<urlopen error [SSL: CERTIFICATE_VERIFY_FAILED] certificate verify failed: self-signed certificate in certificate chain (_ssl.c:1032)>,"C:\Users\meggletona\UTC Sheffield\Computing Staff - General\Archives\Archive June 2026\Teaching Resources\T-Levels\Content bank\2024 - 2025 lessons and content (Production, Design and Development)\Resources\t-level-digital-core-sow.docx"
https://www.cisco.com/c/en/us/support/docs/smb/wireless/cisco-small-business-100-series-wireless-access-points/smb5531-add-a-wireless-network-to-an-existing-wired-network-using-a.html,,<urlopen error [SSL: CERTIFICATE_VERIFY_FAILED] certificate verify failed: self-signed certificate in certificate chain (_ssl.c:1032)>,"C:\Users\meggletona\UTC Sheffield\Computing Staff - General\Archives\Archive June 2026\Teaching Resources\T-Levels\Content bank\2024 - 2025 lessons and content (Production, Design and Development)\Resources\digital-environments-intro-powerpoint (1).pptx"
https://www.cisco.com/c/en_uk/about/our-programmes.html#~apply-now,,<urlopen error [SSL: CERTIFICATE_VERIFY_FAILED] certificate verify failed: self-signed certificate in certificate chain (_ssl.c:1032)>,"C:\Users\meggletona\UTC Sheffield\Computing Staff - General\Archives\Archive June 2026\Teaching Resources\T-Levels\Content bank\2024 - 2025 lessons and content (Production, Design and Development)\Resources\t-level-digital-core-sow.docx"
https://www.cisco.com/c/en_uk/products/security/common-cyberattacks.html,,<urlopen error [SSL: CERTIFICATE_VERIFY_FAILED] certificate verify failed: self-signed certificate in certificate chain (_ssl.c:1032)>,"C:\Users\meggletona\UTC Sheffield\Computing Staff - General\Archives\Archive June 2026\Teaching Resources\T-Levels\Content bank\2024 - 2025 lessons and content (Production, Design and Development)\Resources\security-topic-lesson-plans.pdf"
https://www.cisco.com/c/en_uk/solutions/enterprise-networks/network-architecture-customer-success-stories.html#~featured,,<urlopen error [SSL: CERTIFICATE_VERIFY_FAILED] certificate verify failed: self-signed certificate in certificate chain (_ssl.c:1032)>,"C:\Users\meggletona\UTC Sheffield\Computing Staff - General\Archives\Archive June 2026\Teaching Resources\T-Levels\Content bank\2024 - 2025 lessons and content (Production, Design and Development)\Resources\digital-environments-intro-powerpoint (1).pptx"
https://www.cisco.com/c/en_uk/solutions/small-,,<urlopen error [SSL: CERTIFICATE_VERIFY_FAILED] certificate verify failed: self-signed certificate in certificate chain (_ssl.c:1032)>,"C:\Users\meggletona\UTC Sheffield\Computing Staff - General\Archives\Archive June 2026\Teaching Resources\T-Levels\Content bank\2024 - 2025 lessons and content (Production, Design and Development)\Resources\digital-enviro-topic-lesson-plans.pdf"
https://www.cloudflare.com/learning/ddos/glossary/open-,403,HTTP Error 403: Forbidden,"C:\Users\meggletona\UTC Sheffield\Computing Staff - General\Archives\Archive June 2026\Teaching Resources\T-Levels\Content bank\2024 - 2025 lessons and content (Production, Design and Development)\Resources\digital-enviro-topic-lesson-plans.pdf"
https://www.cloudflare.com/learning/ddos/glossary/open-systems-,403,HTTP Error 403: Forbidden,"C:\Users\meggletona\UTC Sheffield\Computing Staff - General\Archives\Archive June 2026\Teaching Resources\T-Levels\Content bank\2024 - 2025 lessons and content (Production, Design and Development)\Resources\digital-enviro-ind-resource-links.pdf"
https://www.cmswire.com/digital-workplace/the-role-,404,HTTP Error 404: Not Found,"C:\Users\meggletona\UTC Sheffield\Computing Staff - General\Archives\Archive June 2026\Teaching Resources\T-Levels\Content bank\2024 - 2025 lessons and content (Production, Design and Development)\Resources\bus-contexts-topic-lesson-plans.pdf"
https://www.cmswire.com/digital-workplace/the-role-of-technology-in-change-,404,HTTP Error 404: Not Found,"C:\Users\meggletona\UTC Sheffield\Computing Staff - General\Archives\Archive June 2026\Teaching Resources\T-Levels\Content bank\2024 - 2025 lessons and content (Production, Design and Development)\Resources\bus-contexts-ind-resource-links.pdf"
https://www.coe.int/en/web/conventions/full-list/-/conventions/rms/0900001680081561,403,HTTP Error 403: Forbidden,"C:\Users\meggletona\UTC Sheffield\Computing Staff - General\Archives\Archive June 2026\Teaching Resources\T-Levels\Content bank\2024 - 2025 lessons and content (Production, Design and Development)\Resources\leg-and-reg-requirements-intro-powerpoint.pptx"
https://www.cognitivesoftware.com/what-is-knowledge-engineering,,<urlopen error [SSL: CERTIFICATE_VERIFY_FAILED] certificate verify failed: unable to get local issuer certificate (_ssl.c:1032)>,"C:\Users\meggletona\UTC Sheffield\Computing Staff - General\Archives\Archive June 2026\Teaching Resources\T-Levels\Content bank\2024 - 2025 lessons and content (Production, Design and Development)\Resources\data-intro-powerpoint.pptx"
https://www.computerdisposals.co.uk/blog/how-to-create-an-it-acceptable-use-policy-for-employees/,,<urlopen error [Errno 11001] getaddrinfo failed>,"C:\Users\meggletona\UTC Sheffield\Computing Staff - General\Archives\Archive June 2026\Teaching Resources\T-Levels\Content bank\2024 - 2025 lessons and content (Production, Design and Development)\Resources\leg-and-reg-requirements-intro-powerpoint.pptx"
https://www.computernetworkingnotes.com/ccna-study-guide/types-of-,404,HTTP Error 404: Not Found,"C:\Users\meggletona\UTC Sheffield\Computing Staff - General\Archives\Archive June 2026\Teaching Resources\T-Levels\Content bank\2024 - 2025 lessons and content (Production, Design and Development)\Resources\digital-enviro-ind-resource-links.pdf"
https://www.computingatschool.org.uk/news-and-blogs/2022/december/coding-in-teams-to-get-ready-for-the-programming-project,404,HTTP Error 404: Not Found,"C:\Users\meggletona\UTC Sheffield\Computing Staff - General\Archives\Archive June 2026\Teaching Resources\T-Levels\Content bank\2024 - 2025 lessons and content (Production, Design and Development)\Resources\t-level-digital-core-sow.docx"
https://www.coursera.org/learn/introduction-,404,HTTP Error 404: Not Found,"C:\Users\meggletona\UTC Sheffield\Computing Staff - General\Archives\Archive June 2026\Teaching Resources\T-Levels\Content bank\2024 - 2025 lessons and content (Production, Design and Development)\Resources\testing-topic-lesson-plans.pdf"
https://www.coursera.org/lecture/health-informatics-,404,HTTP Error 404: Not Found,"C:\Users\meggletona\UTC Sheffield\Computing Staff - General\Archives\Archive June 2026\Teaching Resources\T-Levels\Content bank\2024 - 2025 lessons and content (Production, Design and Development)\Resources\data-topic-lesson-plans.pdf"
https://www.cpni.gov.uk/cyber-security,403,HTTP Error 403: Forbidden,"C:\Users\meggletona\UTC Sheffield\Computing Staff - General\Archives\Archive June 2026\Teaching Resources\T-Levels\Content bank\2024 - 2025 lessons and content (Production, Design and Development)\Resources\security-intro-powerpoint.pptx"
https://www.cps.gov.uk/legal-guidance/computer-,404,HTTP Error 404: Not Found,"C:\Users\meggletona\UTC Sheffield\Computing Staff - General\Archives\Archive June 2026\Teaching Resources\T-Levels\Content bank\2024 - 2025 lessons and content (Production, Design and Development)\Resources\leg-and-reg-requirements-topic-lesson-plans.pdf"
https://www.crest-approved.org/wp-content/uploads/2014/11/CSIR-Procurement-Guide.pdf,404,HTTP Error 404: Not Found,C:\Users\meggletona\UTC Sheffield\Computing Staff - General\Archives\Archive June 2026\Teaching Resources\Camb Tech Level 3\Unit 3\OCR-cybersecurity delivery guide.pdf
https://www.csnewbs.com/ctech-4-3-personalattributes,429,HTTP Error 429: Too Many Requests,C:\Users\meggletona\UTC Sheffield\Computing Staff - General\Archives\Archive June 2026\Teaching Resources\AAQ Data Analytics\F200 mandatory unit - Fundamentals of data analytics\Scheme of work Fundamentals of data analytics (F200).docx
https://www.csnewbs.com/ctech-5-4-physicalsecurity,429,HTTP Error 429: Too Many Requests,C:\Users\meggletona\UTC Sheffield\Computing Staff - General\Archives\Archive June 2026\Teaching Resources\AAQ Application Development\Application development - Docs and specs\F161 mandatory unit - Developing application software\Scheme of work Developing application software (F161).docx
https://www.ctrpartners.co.uk/articles/digital-transformation-vs-business-,404,HTTP Error 404: Not Found,"C:\Users\meggletona\UTC Sheffield\Computing Staff - General\Archives\Archive June 2026\Teaching Resources\T-Levels\Content bank\2024 - 2025 lessons and content (Production, Design and Development)\Resources\bus-contexts-ind-resource-links.pdf"
https://www.cybersecuritychallenge.org.uk/app/uploa,404,HTTP Error 404: Not Found,"C:\Users\meggletona\UTC Sheffield\Computing Staff - General\Archives\Archive June 2026\Teaching Resources\T-Levels\Content bank\2024 - 2025 lessons and content (Production, Design and Development)\Resources\digital-enviro-topic-lesson-plans.pdf"
https://www.cybersecuritychallenge.org.uk/resources/teachers,404,HTTP Error 404: Not Found,"C:\Users\meggletona\UTC Sheffield\Computing Staff - General\Archives\Archive June 2026\Teaching Resources\T-Levels\Content bank\2024 - 2025 lessons and content (Production, Design and Development)\Resources\digital-enviro-ind-resource-links.pdf"
https://www.cynexlink.com/2017/08/18/virtual-machines-pros-cons/,404,HTTP Error 404: Not Found,"C:\Users\meggletona\UTC Sheffield\Computing Staff - General\Archives\Archive June 2026\Teaching Resources\T-Levels\Content bank\2024 - 2025 lessons and content (Production, Design and Development)\Resources\digital-environments-intro-powerpoint (1).pptx"
https://www.datacamp.com/cheat-sheet/the-data-information-knowledge-wisdom-pyramid,403,HTTP Error 403: Forbidden,C:\Users\meggletona\UTC Sheffield\Computing Staff - General\Archives\Archive June 2026\Teaching Resources\AAQ Data Analytics\F200 mandatory unit - Fundamentals of data analytics\Scheme of work Fundamentals of data analytics (F200).docx
https://www.datacenters.com/news/your-guide-to-big-data-servers,429,HTTP Error 429: Too Many Requests,C:\Users\meggletona\UTC Sheffield\Computing Staff - General\Archives\Archive June 2026\Teaching Resources\AAQ Data Analytics\F201 mandatory unit - Big data and machine learning\Scheme of work Big data and machine learning (F201).docx
https://www.dataintegration.info/business-intelligence,404,HTTP Error 404: Not Found,"C:\Users\meggletona\UTC Sheffield\Computing Staff - General\Archives\Archive June 2026\Teaching Resources\T-Levels\Content bank\2024 - 2025 lessons and content (Production, Design and Development)\Resources\data-intro-powerpoint.pptx"
https://www.datto.com/library/whats-the-difference-between-cloud-and-virtualization,404,HTTP Error 404: Not Found,"C:\Users\meggletona\UTC Sheffield\Computing Staff - General\Archives\Archive June 2026\Teaching Resources\T-Levels\Content bank\2024 - 2025 lessons and content (Production, Design and Development)\Resources\digital-environments-intro-powerpoint (1).pptx"
https://www.digitaltrends.com/computing/how-to-build-,404,HTTP Error 404: Not Found,"C:\Users\meggletona\UTC Sheffield\Computing Staff - General\Archives\Archive June 2026\Teaching Resources\T-Levels\Content bank\2024 - 2025 lessons and content (Production, Design and Development)\Resources\digital-enviro-topic-lesson-plans.pdf"
https://www.domo.com/learn/article/data-storage,405,HTTP Error 405: Not Allowed,C:\Users\meggletona\UTC Sheffield\Computing Staff - General\Archives\Archive June 2026\Teaching Resources\AAQ Data Analytics\F200 mandatory unit - Fundamentals of data analytics\Scheme of work Fundamentals of data analytics (F200).docx
https://www.drawio.com/09:11,404,HTTP Error 404: Not Found,"C:\Users\meggletona\UTC Sheffield\Computing Staff - General\Archives\Archive June 2026\Teaching Resources\T-Levels\2025 - 2026 Year 2 (Production, Design and Development)\OSC - Past Papers\Leeds UTC example\Baxter Alexia - LL-000018219\Task 1\Task1_InternetLog_LL000018219_Baxter_A.pdf"
https://www.dropbox.com/official-teams-page?_tk=paid_sem_goog_biz_b&amp;_camp=103,400,HTTP Error 400: Bad Request,"C:\Users\meggletona\UTC Sheffield\Computing Staff - General\Archives\Archive June 2026\Teaching Resources\T-Levels\Content bank\2024 - 2025 lessons and content (Production, Design and Development)\Resources\t-level-digital-core-sow.docx"
https://www.dropbox.com/official-teams-page?_tk=paid_sem_goog_biz_b&amp;_camp=1033325405&amp;_kw=dropbox|e&amp;_ad=676295654132||c&amp;gad_source=1&amp;gclid=Cj0KCQiAnrOtBhDIARIsAFsSe53aSoWWyjHZknlbkoBM6XCf-KMTt-goVvZDj1m8gPv05ji-Fdl0b44aAlpJEALw_wcB,400,HTTP Error 400: Bad Request,"C:\Users\meggletona\UTC Sheffield\Computing Staff - General\Archives\Archive June 2026\Teaching Resources\T-Levels\Content bank\2024 - 2025 lessons and content (Production, Design and Development)\Resources\t-level-digital-core-sow.docx"
https://www.eatingwell.com/gallery/8048105/veggie-sandwiches-to-make-forever/,403,HTTP Error 403: Forbidden,C:\Users\meggletona\UTC Sheffield\Computing Staff - General\Archives\Archive June 2026\Teaching Resources\AAQ Application Development\F160 Fundamentals of application development\Topic area 1 - Types of software used in application design\1.1 - Programs and applications.pptx
https://www.edx.org/course/software-testing-,404,HTTP Error 404: Not Found,"C:\Users\meggletona\UTC Sheffield\Computing Staff - General\Archives\Archive June 2026\Teaching Resources\T-Levels\Content bank\2024 - 2025 lessons and content (Production, Design and Development)\Resources\testing-topic-lesson-plans.pdf"
https://www.electricpoint.com/ohme-home-pro-,404,HTTP Error 404: Not Found,"C:\Users\meggletona\UTC Sheffield\Computing Staff - General\Archives\Archive June 2026\Teaching Resources\T-Levels\2025 - 2026 Year 2 (Production, Design and Development)\OSC - Past Papers\Leeds UTC example\Barowik James - LL-000018220\Task 2\Task2_ContentAssetsLog_LL-000018220-Barowik_J.pdf"
https://www.england.nhs.uk/wp-content/uploads/2021/12/qsir-cause-and-effect-fishbone.pdf,404,HTTP Error 404: Not Found,"C:\Users\meggletona\UTC Sheffield\Computing Staff - General\Archives\Archive June 2026\Teaching Resources\T-Levels\Content bank\2024 - 2025 lessons and content (Production, Design and Development)\Resources\t-level-digital-core-sow.docx"
https://www.enterprisestorageforum.com/storage-networking/raid-vs-nas-how-they-differ-and-overlap.html,508,HTTP Error 508: Loop Detected,"C:\Users\meggletona\UTC Sheffield\Computing Staff - General\Archives\Archive June 2026\Teaching Resources\T-Levels\Content bank\2024 - 2025 lessons and content (Production, Design and Development)\Resources\digital-environments-intro-powerpoint (1).pptx"
https://www.equalityhumanrights.com/en/secondary-education-resources/lesson-plan-ideas/lesson-3-identity-and-characteristics,403,HTTP Error 403: Forbidden,"C:\Users\meggletona\UTC Sheffield\Computing Staff - General\Archives\Archive June 2026\Teaching Resources\T-Levels\Content bank\2024 - 2025 lessons and content (Production, Design and Development)\Resources\leg-and-reg-requirements-intro-powerpoint.pptx"
https://www.equalityhumanrights.com/equality/equality-act-2010/your-rights-under-equality-act-2010/terms-used-equality-act,403,HTTP Error 403: Forbidden,"C:\Users\meggletona\UTC Sheffield\Computing Staff - General\Archives\Archive June 2026\Teaching Resources\T-Levels\Content bank\2024 - 2025 lessons and content (Production, Design and Development)\Unit 4 - Legislation and Regulatory Requirements\4.1 - Legislation\4.1.4A - Equality Act.pptx"
https://www.esa.int/ESA_Multimedia/Terms_and_Conditions&#xA;&#xA;#ESA,400,HTTP Error 400: Bad Request,C:\Users\meggletona\UTC Sheffield\Computing Staff - General\Archives\Archive June 2026\Teaching Resources\Y9 IT\2024 - 2025\Astro Pi Challenge\AstroPi Challenge 2024-25.pptx
"https://www.ethics.org/resources/free-toolkit/code-of-conduct/#:~:text=A%20code%20encourages%20discussions%20of,to%20ethics%20within%20the%20organization",,<urlopen error [Errno 11002] getaddrinfo failed>,"C:\Users\meggletona\UTC Sheffield\Computing Staff - General\Archives\Archive June 2026\Teaching Resources\T-Levels\Content bank\2024 - 2025 lessons and content (Production, Design and Development)\Resources\t-level-digital-core-sow.docx"
https://www.ethics.org/resources/free-toolkit/decision-making-model/,,<urlopen error [Errno 11002] getaddrinfo failed>,"C:\Users\meggletona\UTC Sheffield\Computing Staff - General\Archives\Archive June 2026\Teaching Resources\T-Levels\Content bank\2024 - 2025 lessons and content (Production, Design and Development)\Resources\t-level-digital-core-sow.docx"
https://www.experian.co.uk/blogs/latest-,500,HTTP Error 500: Proxy Error,"C:\Users\meggletona\UTC Sheffield\Computing Staff - General\Archives\Archive June 2026\Teaching Resources\T-Levels\Content bank\2024 - 2025 lessons and content (Production, Design and Development)\Resources\data-topic-lesson-plans.pdf"
https://www.falconelectrical.co.uk/products/ohme-epod-7-4kw-type-,404,HTTP Error 404: Not Found,"C:\Users\meggletona\UTC Sheffield\Computing Staff - General\Archives\Archive June 2026\Teaching Resources\T-Levels\2025 - 2026 Year 2 (Production, Design and Development)\OSC - Past Papers\Leeds UTC example\Barowik James - LL-000018220\Task 2\Task2_ContentAssetsLog_LL-000018220-Barowik_J.pdf"
https://www.fishnetsecurity.com/6labs/blog/tip-spear-phishing-or-spearphishing,,<urlopen error [WinError 10061] No connection could be made because the target machine actively refused it>,C:\Users\meggletona\UTC Sheffield\Computing Staff - General\Archives\Archive June 2026\Teaching Resources\Camb Tech Level 3\Unit 3\OCR-cybersecurity delivery guide.pdf
https://www.flaticon.com/free-icon/facebook-,403,HTTP Error 403: Forbidden,"C:\Users\meggletona\UTC Sheffield\Computing Staff - General\Archives\Archive June 2026\Teaching Resources\T-Levels\2025 - 2026 Year 2 (Production, Design and Development)\OSC - Past Papers\OSC2022\2022_exemplification-os-digital-distinction.pdf"
https://www.flaticon.com/free-icon/instagram-,403,HTTP Error 403: Forbidden,"C:\Users\meggletona\UTC Sheffield\Computing Staff - General\Archives\Archive June 2026\Teaching Resources\T-Levels\2025 - 2026 Year 2 (Production, Design and Development)\OSC - Past Papers\OSC2022\2022_exemplification-os-digital-distinction.pdf"
https://www.forbes.com/advisor/business/company-culture/,403,HTTP Error 403: Forbidden,"C:\Users\meggletona\UTC Sheffield\Computing Staff - General\Archives\Archive June 2026\Teaching Resources\T-Levels\Content bank\2024 - 2025 lessons and content (Production, Design and Development)\Unit 3 - Emerging issues and impact of digital\3.1.2 Part 2 Ethical and moral issues in digital system design.pptx"
https://www.forbes.com/advisor/business/organizational-structure/,403,HTTP Error 403: Forbidden,"C:\Users\meggletona\UTC Sheffield\Computing Staff - General\Archives\Archive June 2026\Teaching Resources\T-Levels\Content bank\2024 - 2025 lessons and content (Production, Design and Development)\Unit 3 - Emerging issues and impact of digital\5.1.2 and 3.1.3 Departments, HR and situational awareness.pptx|C:\Users\meggletona\UTC Sheffield\Computing Staff - General\Archives\Archive June 2026\Teaching Resources\T-Levels\Content bank\2024 - 2025 lessons and content (Production, Design and Development)\Unit 5 - Business context\5.1 The business environment\5.1.2 Business departments and HR.pptx"
https://www.forbes.com/advisor/business/software/best-human-resource-management-systems/,403,HTTP Error 403: Forbidden,"C:\Users\meggletona\UTC Sheffield\Computing Staff - General\Archives\Archive June 2026\Teaching Resources\T-Levels\2025 - 2026 Year 1 (Software Development)\HCH - units 3, 5 and 6\Unit 5 - Business context\5.2 Digital value to organisations\5.2.1 Digital value to business - HR.pptx|C:\Users\meggletona\UTC Sheffield\Computing Staff - General\Archives\Archive June 2026\Teaching Resources\T-Levels\Content bank\2024 - 2025 lessons and content (Production, Design and Development)\Unit 3 - Emerging issues and impact of digital\5.1.2 and 3.1.3 Departments, HR and situational awareness.pptx|C:\Users\meggletona\UTC Sheffield\Computing Staff - General\Archives\Archive June 2026\Teaching Resources\T-Levels\Content bank\2024 - 2025 lessons and content (Production, Design and Development)\Unit 5 - Business context\5.1 The business environment\5.1.2 Business departments and HR.pptx"
https://www.forbes.com/sites/bernardmarr/2018/05/,404,HTTP Error 404: Not Found,"C:\Users\meggletona\UTC Sheffield\Computing Staff - General\Archives\Archive June 2026\Teaching Resources\T-Levels\Content bank\2024 - 2025 lessons and content (Production, Design and Development)\Resources\data-topic-lesson-plans.pdf"
https://www.forbes.com/sites/steveandriole/2023/03/05/how-ai-will-change-the-workplace/?sh=7a6b4f9a6fa1,404,HTTP Error 404: Not Found,"C:\Users\meggletona\UTC Sheffield\Computing Staff - General\Archives\Archive June 2026\Teaching Resources\T-Levels\2025 - 2026 Year 2 (Production, Design and Development)\HCH\Task 1 - Proposal (Activity A)\Correct the references ANSWERS.docx|C:\Users\meggletona\UTC Sheffield\Computing Staff - General\Archives\Archive June 2026\Teaching Resources\T-Levels\2025 - 2026 Year 2 (Production, Design and Development)\HCH\Task 1 - Proposal (Activity A)\Correct the references.docx"
https://www.forbes.com/uk/advisor/business/software/best-inventory-management-software/#cin7_section,403,HTTP Error 403: Forbidden,"C:\Users\meggletona\UTC Sheffield\Computing Staff - General\Archives\Archive June 2026\Teaching Resources\T-Levels\2025 - 2026 Year 1 (Software Development)\HCH - units 3, 5 and 6\Unit 5 - Business context\5.2 Digital value to organisations\5.2.1 Digital value to business - Logistics & stock control.pptx|C:\Users\meggletona\UTC Sheffield\Computing Staff - General\Archives\Archive June 2026\Teaching Resources\T-Levels\Content bank\2024 - 2025 lessons and content (Production, Design and Development)\Unit 5 - Business context\5.1 The business environment\5.1.3 Stock and inventory control.pptx"
https://www.freepik.com/free-,403,HTTP Error 403: Forbidden,"C:\Users\meggletona\UTC Sheffield\Computing Staff - General\Archives\Archive June 2026\Teaching Resources\T-Levels\2025 - 2026 Year 2 (Production, Design and Development)\OSC - Past Papers\OSC2022\2022_exemplification-os-digital-distinction.pdf"
https://www.freepik.com/photos/background,403,HTTP Error 403: Forbidden,C:\Users\meggletona\UTC Sheffield\Computing Staff - General\Archives\Archive June 2026\Teaching Resources\AAQ Application Development\F160 Fundamentals of application development\Topic area 3 - Planning application development projects\3.2 Project planning tools.pptx
https://www.freepik.com/premium-vector/different-types-utility-system-software-operating-system_133871439.htm,403,HTTP Error 403: Forbidden,C:\Users\meggletona\UTC Sheffield\Computing Staff - General\Archives\Archive June 2026\Teaching Resources\AAQ Application Development\F160 Fundamentals of application development\Topic area 1 - Types of software used in application design\1.3.1 - Application types.pptx
https://www.freepik.com/premium-vector/interior-designer-clients-communication-consultation-work-person-discussing-floor-plan-design-layout-drawing-with-people-flat-graphic-vector-illustration-isolated-white-background_44876212.htm,403,HTTP Error 403: Forbidden,C:\Users\meggletona\UTC Sheffield\Computing Staff - General\Archives\Archive June 2026\Teaching Resources\AAQ Application Development\F160 Fundamentals of application development\Topic area 1 - Types of software used in application design\1.3.2 - Client requirements.pptx
https://www.ft.com/content/5a364eb0-780c-11ea-bd25-7fd923850377,403,HTTP Error 403: Forbidden,"C:\Users\meggletona\UTC Sheffield\Computing Staff - General\Archives\Archive June 2026\Teaching Resources\T-Levels\Content bank\2024 - 2025 lessons and content (Production, Design and Development)\Resources\leg-and-reg-requirements-intro-powerpoint.pptx"
https://www.fullstackpython.com/integration-,403,HTTP Error 403: Forbidden,"C:\Users\meggletona\UTC Sheffield\Computing Staff - General\Archives\Archive June 2026\Teaching Resources\T-Levels\Content bank\2024 - 2025 lessons and content (Production, Design and Development)\Resources\testing-topic-lesson-plans.pdf"
https://www.futureoftech.org/,,"<urlopen error [SSL: CERTIFICATE_VERIFY_FAILED] certificate verify failed: Hostname mismatch, certificate is not valid for 'www.futureoftech.org'. (_ssl.c:1032)>",C:\Users\meggletona\UTC Sheffield\Computing Staff - General\Archives\Archive June 2026\Teaching Resources\AAQ Data Analytics\F201 mandatory unit - Big data and machine learning\Scheme of work Big data and machine learning (F201).docx
https://www.futureoftech.org/big-data/2-history-of-big-data/,,"<urlopen error [SSL: CERTIFICATE_VERIFY_FAILED] certificate verify failed: Hostname mismatch, certificate is not valid for 'www.futureoftech.org'. (_ssl.c:1032)>",C:\Users\meggletona\UTC Sheffield\Computing Staff - General\Archives\Archive June 2026\Teaching Resources\AAQ Data Analytics\F201 mandatory unit - Big data and machine learning\Scheme of work Big data and machine learning (F201).docx
https://www.futureoftech.org/big-data/4-impact-of-data-on-our-world/,,"<urlopen error [SSL: CERTIFICATE_VERIFY_FAILED] certificate verify failed: Hostname mismatch, certificate is not valid for 'www.futureoftech.org'. (_ssl.c:1032)>",C:\Users\meggletona\UTC Sheffield\Computing Staff - General\Archives\Archive June 2026\Teaching Resources\AAQ Data Analytics\F201 mandatory unit - Big data and machine learning\Scheme of work Big data and machine learning (F201).docx
https://www.futureoftech.org/internet-of-things/,,"<urlopen error [SSL: CERTIFICATE_VERIFY_FAILED] certificate verify failed: Hostname mismatch, certificate is not valid for 'www.futureoftech.org'. (_ssl.c:1032)>",C:\Users\meggletona\UTC Sheffield\Computing Staff - General\Archives\Archive June 2026\Teaching Resources\AAQ Data Analytics\F201 mandatory unit - Big data and machine learning\Scheme of work Big data and machine learning (F201).docx
https://www.g2.com/articles/discrete-vs-continuous-data,403,HTTP Error 403: Forbidden,C:\Users\meggletona\UTC Sheffield\Computing Staff - General\Archives\Archive June 2026\Teaching Resources\AAQ Data Analytics\F201 mandatory unit - Big data and machine learning\Scheme of work Big data and machine learning (F201).docx
https://www.gannons.co.uk/insights/employment-law-solicitors-employers-legal-monitoring-of-employees/,404,HTTP Error 404: Not Found,"C:\Users\meggletona\UTC Sheffield\Computing Staff - General\Archives\Archive June 2026\Teaching Resources\T-Levels\Content bank\2024 - 2025 lessons and content (Production, Design and Development)\Resources\t-level-digital-core-sow.docx"
https://www.gartner.com/en/newsroom/press-,403,HTTP Error 403: Forbidden,"C:\Users\meggletona\UTC Sheffield\Computing Staff - General\Archives\Archive June 2026\Teaching Resources\T-Levels\Content bank\2024 - 2025 lessons and content (Production, Design and Development)\Resources\bus-contexts-topic-lesson-plans.pdf"
https://www.gartner.com/smarterwithgartner/5-trends-drive-the-,403,HTTP Error 403: Forbidden,"C:\Users\meggletona\UTC Sheffield\Computing Staff - General\Archives\Archive June 2026\Teaching Resources\T-Levels\2025 - 2026 Year 2 (Production, Design and Development)\OSC - Past Papers\OSC\digital-production-design-and-development-project-delivery-guide-new-blue-1.pdf"
https://www.gchq.gov.uk/information/stay-at-home-,404,HTTP Error 404: Not Found,"C:\Users\meggletona\UTC Sheffield\Computing Staff - General\Archives\Archive June 2026\Teaching Resources\T-Levels\Content bank\2024 - 2025 lessons and content (Production, Design and Development)\Resources\problem-solving-topic-lesson-plans.pdf"
https://www.geeksforgeeks.org/threats-to-information-,404,HTTP Error 404: Not Found,"C:\Users\meggletona\UTC Sheffield\Computing Staff - General\Archives\Archive June 2026\Teaching Resources\T-Levels\Content bank\2024 - 2025 lessons and content (Production, Design and Development)\Resources\security-topic-lesson-plans.pdf"
https://www.getsafeonline.org/themes/site_themes/getsafeonline/download_centre/Sample_Acceptable_Usage_Policy.pdf,403,HTTP Error 403: Forbidden,"C:\Users\meggletona\UTC Sheffield\Computing Staff - General\Archives\Archive June 2026\Teaching Resources\T-Levels\Content bank\2024 - 2025 lessons and content (Production, Design and Development)\Resources\leg-and-reg-requirements-intro-powerpoint.pptx"
https://www.goanywhere.com/resources/training/how-to-read-json-and-insert-into-database,403,HTTP Error 403: Forbidden,"C:\Users\meggletona\UTC Sheffield\Computing Staff - General\Archives\Archive June 2026\Teaching Resources\T-Levels\2025 - 2026 Year 1 (Software Development)\HCH - units 3, 5 and 6\Unit 6 - Data\6.5 Data formats\6.5 Data formats.pptx"
https://www.google,,<urlopen error [Errno 11001] getaddrinfo failed>,"C:\Users\meggletona\UTC Sheffield\Computing Staff - General\Archives\Archive June 2026\Teaching Resources\T-Levels\2025 - 2026 Year 2 (Production, Design and Development)\OSC - Past Papers\OSC2023\t-level-digital-distinction_2023.pdf"
https://www.google.co.uk/forms/,404,HTTP Error 404: Not Found,"C:\Users\meggletona\UTC Sheffield\Computing Staff - General\Archives\Archive June 2026\Teaching Resources\T-Levels\2025 - 2026 Year 2 (Production, Design and Development)\OSC - Past Papers\OSC\digital-production-design-and-development-project-delivery-guide-new-blue-1.pdf"
https://www.goskills.com/Excel/Articles/How-to-create-,404,HTTP Error 404: Not Found,"C:\Users\meggletona\UTC Sheffield\Computing Staff - General\Archives\Archive June 2026\Teaching Resources\T-Levels\Content bank\2024 - 2025 lessons and content (Production, Design and Development)\Resources\digital-enviro-topic-lesson-plans.pdf"
https://www.gov.uk/government/uploads/system/uploads/attachment_data/file/400106/Common_,404,HTTP Error 404: Not Found,C:\Users\meggletona\UTC Sheffield\Computing Staff - General\Archives\Archive June 2026\Teaching Resources\Camb Tech Level 3\Unit 3\OCR-cybersecurity delivery guide.pdf
https://www.gov.uk/service-manual/measuring-success/using-data-to-,404,HTTP Error 404: Not Found,"C:\Users\meggletona\UTC Sheffield\Computing Staff - General\Archives\Archive June 2026\Teaching Resources\T-Levels\2025 - 2026 Year 2 (Production, Design and Development)\OSC - Past Papers\OSC\digital-production-design-and-development-project-delivery-guide-new-blue-1.pdf"
https://www.guru99.com/what-,404,HTTP Error 404: Not Found,"C:\Users\meggletona\UTC Sheffield\Computing Staff - General\Archives\Archive June 2026\Teaching Resources\T-Levels\Content bank\2024 - 2025 lessons and content (Production, Design and Development)\Resources\intro-to-programming-topic-lesson-plans.pdf"
https://www.guru99.com/what-everybody-ought-to-,404,HTTP Error 404: Not Found,"C:\Users\meggletona\UTC Sheffield\Computing Staff - General\Archives\Archive June 2026\Teaching Resources\T-Levels\Content bank\2024 - 2025 lessons and content (Production, Design and Development)\Resources\testing-topic-lesson-plans.pdf"
https://www.howtogeek.com/196060/beginner-geek-,404,HTTP Error 404: Not Found,"C:\Users\meggletona\UTC Sheffield\Computing Staff - General\Archives\Archive June 2026\Teaching Resources\T-Levels\Content bank\2024 - 2025 lessons and content (Production, Design and Development)\Resources\digital-enviro-topic-lesson-plans.pdf"
https://www.iap.org.uk/main/,404,HTTP Error 404: Not Found,"C:\Users\meggletona\UTC Sheffield\Computing Staff - General\Archives\Archive June 2026\Teaching Resources\T-Levels\Content bank\2024 - 2025 lessons and content (Production, Design and Development)\Resources\t-level-digital-core-sow.docx"
https://www.iap.org.uk/main/about/code-of-conduct-,404,HTTP Error 404: Not Found,"C:\Users\meggletona\UTC Sheffield\Computing Staff - General\Archives\Archive June 2026\Teaching Resources\T-Levels\Content bank\2024 - 2025 lessons and content (Production, Design and Development)\Resources\leg-and-reg-requirements-topic-lesson-plans.pdf"
https://www.iap.org.uk/main/about/code-of-conduct-for-members/,404,HTTP Error 404: Not Found,"C:\Users\meggletona\UTC Sheffield\Computing Staff - General\Archives\Archive June 2026\Teaching Resources\T-Levels\Content bank\2024 - 2025 lessons and content (Production, Design and Development)\Resources\t-level-digital-core-sow.docx"
https://www.iberdrola.com/sustainability/big-data-and-environment,403,HTTP Error 403: Forbidden,C:\Users\meggletona\UTC Sheffield\Computing Staff - General\Archives\Archive June 2026\Teaching Resources\AAQ Data Analytics\F201 mandatory unit - Big data and machine learning\Scheme of work Big data and machine learning (F201).docx
https://www.icas.com/news/10-companies-using-big-data,404,HTTP Error 404: Not Found,"C:\Users\meggletona\UTC Sheffield\Computing Staff - General\Archives\Archive June 2026\Teaching Resources\T-Levels\Content bank\2024 - 2025 lessons and content (Production, Design and Development)\Resources\t-level-digital-core-sow.docx"
https://www.ihasco.co.uk/blog/entry/2718/regulations-that-,404,HTTP Error 404: Not Found,"C:\Users\meggletona\UTC Sheffield\Computing Staff - General\Archives\Archive June 2026\Teaching Resources\T-Levels\2025 - 2026 Year 2 (Production, Design and Development)\OSC - Past Papers\OSC2022\grade-standard-exemplification-materials-2022-t-level-digital-distinction.pdf"
https://www.ilo.org/global/industries-and-sectors/lang--,404,HTTP Error 404: Not Found,"C:\Users\meggletona\UTC Sheffield\Computing Staff - General\Archives\Archive June 2026\Teaching Resources\T-Levels\Content bank\2024 - 2025 lessons and content (Production, Design and Development)\Resources\digital-enviro-topic-lesson-plans.pdf"
https://www.indeed.com/career-advice/career-development/data-science-healthcare,403,HTTP Error 403: Forbidden,C:\Users\meggletona\UTC Sheffield\Computing Staff - General\Archives\Archive June 2026\Teaching Resources\AAQ Data Analytics\F201 mandatory unit - Big data and machine learning\Scheme of work Big data and machine learning (F201).docx
"https://www.indeed.com/career-advice/career-development/examples-of-it-services#:~:text=IT%20services%20can%20monitor%20your,need%20software%20updates%20or%20modifications",403,HTTP Error 403: Forbidden,"C:\Users\meggletona\UTC Sheffield\Computing Staff - General\Archives\Archive June 2026\Teaching Resources\T-Levels\Content bank\2024 - 2025 lessons and content (Production, Design and Development)\Resources\t-level-digital-core-sow.docx"
https://www.indeed.com/career-advice/career-development/verbal-communication,403,HTTP Error 403: Forbidden,C:\Users\meggletona\UTC Sheffield\Computing Staff - General\Archives\Archive June 2026\Teaching Resources\AAQ Application Development\Application development - Docs and specs\F160 mandatory unit - Fundamentals of applications development\Scheme of work Fundamentals of application development (F160).docx|C:\Users\meggletona\UTC Sheffield\Computing Staff - General\Archives\Archive June 2026\Teaching Resources\AAQ Application Development\F160 Fundamentals of application development\Scheme of work Fundamentals of application development (F160).docx
https://www.infosecinstitute.com/resources/management-compliance-auditing/essentials-acceptable-use-policy/,403,HTTP Error 403: Forbidden,C:\Users\meggletona\UTC Sheffield\Computing Staff - General\Archives\Archive June 2026\Teaching Resources\AAQ Application Development\Application development - Docs and specs\F161 mandatory unit - Developing application software\Scheme of work Developing application software (F161).docx
https://www.infosecnews.org/emory-university-windows-network-wiped-out-blame-emps-cyberwar-squirrels-try-accidental-reformat/,,The read operation timed out,C:\Users\meggletona\UTC Sheffield\Computing Staff - General\Archives\Archive June 2026\Teaching Resources\Camb Tech Level 3\Unit 1\2023\Week06 - IT Errors.pptx
https://www.integratesun.com/post/enphase-micro-inverters-our-,429,HTTP Error 429: Too Many Requests,"C:\Users\meggletona\UTC Sheffield\Computing Staff - General\Archives\Archive June 2026\Teaching Resources\T-Levels\2025 - 2026 Year 2 (Production, Design and Development)\OSC - Past Papers\Leeds UTC example\Barowik James - LL-000018220\Task 2\Task2_ContentAssetsLog_LL-000018220-Barowik_J.pdf"
https://www.intel.com/content/www/us/en/internet-of-things/overview.html?cid=sem&amp;source=sa360&amp;campid=2019_ao_iotg_us_iotgtl_iotgao_enga_text-link_generic_bmm_cd_iot_O-1L4KT_google&amp;ad_group=IOT%5EGeneric%5EGenericBucket%5EBMM&amp;intel_term=%2Binternet+%2Bof+%2Bthings&amp;sa360id=43700039687885111&amp;gclid=EAIaIQobChMItLqn-rzG4gIVmFYNCh366gkKEAAYAiAAEgJ72vD_BwE&amp;gclsrc=aw.ds,,<urlopen error [SSL: CERTIFICATE_VERIFY_FAILED] certificate verify failed: unable to get local issuer certificate (_ssl.c:1032)>,"C:\Users\meggletona\UTC Sheffield\Computing Staff - General\Archives\Archive June 2026\Teaching Resources\T-Levels\Content bank\2024 - 2025 lessons and content (Production, Design and Development)\Resources\t-level-digital-core-sow.docx"
https://www.interaction-,,<urlopen error [Errno 11001] getaddrinfo failed>,"C:\Users\meggletona\UTC Sheffield\Computing Staff - General\Archives\Archive June 2026\Teaching Resources\T-Levels\Content bank\2024 - 2025 lessons and content (Production, Design and Development)\Resources\bus-contexts-topic-lesson-plans.pdf"
https://www.interserver.net/tips/kb/common-network-,403,HTTP Error 403: Forbidden,"C:\Users\meggletona\UTC Sheffield\Computing Staff - General\Archives\Archive June 2026\Teaching Resources\T-Levels\Content bank\2024 - 2025 lessons and content (Production, Design and Development)\Resources\digital-enviro-topic-lesson-plans.pdf"
https://www.interserver.net/tips/kb/common-network-protocols-ports/,403,HTTP Error 403: Forbidden,"C:\Users\meggletona\UTC Sheffield\Computing Staff - General\Archives\Archive June 2026\Teaching Resources\T-Levels\Content bank\2024 - 2025 lessons and content (Production, Design and Development)\Resources\digital-enviro-ind-resource-links.pdf"
https://www.investopedia.com/terms/b/blackbox.asp,403,HTTP Error 403: Forbidden,C:\Users\meggletona\UTC Sheffield\Computing Staff - General\Archives\Archive June 2026\Teaching Resources\AAQ Application Development\Application development - Docs and specs\F161 mandatory unit - Developing application software\Scheme of work Developing application software (F161).docx
https://www.investopedia.com/terms/c/code-of-,403,HTTP Error 403: Forbidden,"C:\Users\meggletona\UTC Sheffield\Computing Staff - General\Archives\Archive June 2026\Teaching Resources\T-Levels\Content bank\2024 - 2025 lessons and content (Production, Design and Development)\Resources\leg-and-reg-requirements-topic-lesson-plans.pdf"
https://www.investopedia.com/terms/c/code-of-ethics.asp,403,HTTP Error 403: Forbidden,"C:\Users\meggletona\UTC Sheffield\Computing Staff - General\Archives\Archive June 2026\Teaching Resources\T-Levels\Content bank\2024 - 2025 lessons and content (Production, Design and Development)\Resources\leg-and-reg-requirements-ind-resource-links.pdf"
https://www.investopedia.com/terms/d/data-analytics.asp,403,HTTP Error 403: Forbidden,C:\Users\meggletona\UTC Sheffield\Computing Staff - General\Archives\Archive June 2026\Teaching Resources\AAQ Data Analytics\F200 mandatory unit - Fundamentals of data analytics\Scheme of work Fundamentals of data analytics (F200).docx
https://www.investopedia.com/terms/m/montecarlosimulation.asp,403,HTTP Error 403: Forbidden,C:\Users\meggletona\UTC Sheffield\Computing Staff - General\Archives\Archive June 2026\Teaching Resources\AAQ Data Analytics\F201 mandatory unit - Big data and machine learning\Scheme of work Big data and machine learning (F201).docx
https://www.ipo.g,,<urlopen error [Errno 11001] getaddrinfo failed>,"C:\Users\meggletona\UTC Sheffield\Computing Staff - General\Archives\Archive June 2026\Teaching Resources\T-Levels\Content bank\2024 - 2025 lessons and content (Production, Design and Development)\Resources\t-level-digital-core-sow.docx"
https://www.ipo.gov.uk/ip-support/welcome,403,HTTP Error 403: Forbidden,"C:\Users\meggletona\UTC Sheffield\Computing Staff - General\Archives\Archive June 2026\Teaching Resources\T-Levels\Content bank\2024 - 2025 lessons and content (Production, Design and Development)\Resources\t-level-digital-core-sow.docx"
https://www.itpro.com/policy-legislation/computer-misuse-act/358280/two-,404,HTTP Error 404: Not Found,"C:\Users\meggletona\UTC Sheffield\Computing Staff - General\Archives\Archive June 2026\Teaching Resources\T-Levels\Content bank\2024 - 2025 lessons and content (Production, Design and Development)\Resources\t-level-digital-core-sow.docx"
https://www.itproportal.com/guides/best-cloud-,404,HTTP Error 404: Not Found,"C:\Users\meggletona\UTC Sheffield\Computing Staff - General\Archives\Archive June 2026\Teaching Resources\T-Levels\Content bank\2024 - 2025 lessons and content (Production, Design and Development)\Resources\digital-enviro-topic-lesson-plans.pdf"
https://www.javascripttutorial.net/javascript-,404,HTTP Error 404: Not Found,"C:\Users\meggletona\UTC Sheffield\Computing Staff - General\Archives\Archive June 2026\Teaching Resources\T-Levels\2025 - 2026 Year 2 (Production, Design and Development)\OSC - Past Papers\OSC2022\grade-standard-exemplification-materials-2022-t-level-digital-distinction.pdf"
https://www.javatpoint.com/computer-network-,,<urlopen error [Errno 11002] getaddrinfo failed>,"C:\Users\meggletona\UTC Sheffield\Computing Staff - General\Archives\Archive June 2026\Teaching Resources\T-Levels\Content bank\2024 - 2025 lessons and content (Production, Design and Development)\Resources\digital-enviro-topic-lesson-plans.pdf"
https://www.javatpoint.com/computer-network-components,,<urlopen error [Errno 11002] getaddrinfo failed>,"C:\Users\meggletona\UTC Sheffield\Computing Staff - General\Archives\Archive June 2026\Teaching Resources\T-Levels\Content bank\2024 - 2025 lessons and content (Production, Design and Development)\Resources\digital-enviro-ind-resource-links.pdf"
"https://www.jisc.ac.uk/guides/networking-computers-and-the-law/laws#:~:text=The%20UK%20has%20a%20number,interference%20with%20computers%20and%20data&amp;text=Investigatory%20Powers%20Act%202016%20%2D%20controls%20the%20interception%20of%20traffic%20on%20networks",,<urlopen error [SSL: CERTIFICATE_VERIFY_FAILED] certificate verify failed: unable to get local issuer certificate (_ssl.c:1032)>,"C:\Users\meggletona\UTC Sheffield\Computing Staff - General\Archives\Archive June 2026\Teaching Resources\T-Levels\Content bank\2024 - 2025 lessons and content (Production, Design and Development)\Resources\leg-and-reg-requirements-intro-powerpoint.pptx"
https://www.kaggle.com/datasets/whenamancodes/teaching-quality-evaluation,404,HTTP Error 404: Not Found,"C:\Users\meggletona\UTC Sheffield\Computing Staff - General\Archives\Archive June 2026\Teaching Resources\T-Levels\2025 - 2026 Year 1 (Software Development)\HCH - units 3, 5 and 6\Unit 6 - Data\6.1 Data, information and knowledge\6.1.3 Rate that Data.docx"
https://www.kaggle.com/stefanoleone992/fifa-20-,404,HTTP Error 404: Not Found,"C:\Users\meggletona\UTC Sheffield\Computing Staff - General\Archives\Archive June 2026\Teaching Resources\T-Levels\Content bank\2024 - 2025 lessons and content (Production, Design and Development)\Resources\digital-enviro-topic-lesson-plans.pdf"
https://www.katalon.com/resources-center/blog/recap-software-testing-,404,HTTP Error 404: Not Found,"C:\Users\meggletona\UTC Sheffield\Computing Staff - General\Archives\Archive June 2026\Teaching Resources\T-Levels\Content bank\2024 - 2025 lessons and content (Production, Design and Development)\Resources\testing-ind-resource-links.pdf"
https://www.lboro.ac.uk/services/it/staff/about/policie,404,HTTP Error 404: Not Found,"C:\Users\meggletona\UTC Sheffield\Computing Staff - General\Archives\Archive June 2026\Teaching Resources\T-Levels\Content bank\2024 - 2025 lessons and content (Production, Design and Development)\Resources\leg-and-reg-requirements-topic-lesson-plans.pdf"
https://www.learnitwithmrc.co.uk/KS5/BTEC_CS/Year12CS/C,404,HTTP Error 404: Not Found,"C:\Users\meggletona\UTC Sheffield\Computing Staff - General\Archives\Archive June 2026\Teaching Resources\T-Levels\Content bank\2024 - 2025 lessons and content (Production, Design and Development)\Resources\t-level-digital-core-sow.docx"
https://www.legaldive.com/news/return-to-office-policies-mental-health-discrimination-employment-law-eeoc-lenhart-disclo/698625/,403,HTTP Error 403: Forbidden,"C:\Users\meggletona\UTC Sheffield\Computing Staff - General\Archives\Archive June 2026\Teaching Resources\T-Levels\Content bank\2024 - 2025 lessons and content (Production, Design and Development)\Resources\t-level-digital-core-sow.docx"
https://www.liberty-human-rights.org.uk/human-rights/privacy/state-surveillance,,<urlopen error timed out>,C:\Users\meggletona\UTC Sheffield\Computing Staff - General\Archives\Archive June 2026\Teaching Resources\ALevel Computing\Comp1\Unit 9 Legal-moral-ethical-and-cultural-issues\Unit 9 Legal and cultural issues\T1 Computing related legislation\Unit 9 Worksheet 1 Answers.docx
https://www.lifewire.com/how-to-create-virtual-,403,HTTP Error 403: Forbidden,"C:\Users\meggletona\UTC Sheffield\Computing Staff - General\Archives\Archive June 2026\Teaching Resources\T-Levels\Content bank\2024 - 2025 lessons and content (Production, Design and Development)\Resources\digital-enviro-topic-lesson-plans.pdf"
https://www.lucidchart.com/blog/types-of-,404,HTTP Error 404: Not Found,"C:\Users\meggletona\UTC Sheffield\Computing Staff - General\Archives\Archive June 2026\Teaching Resources\T-Levels\Content bank\2024 - 2025 lessons and content (Production, Design and Development)\Resources\bus-contexts-topic-lesson-plans.pdf"
https://www.makeschool.com/gamernews/298/5-basic-elements-of-game-design,404,HTTP Error 404: Not Found,C:\Users\meggletona\UTC Sheffield\Computing Staff - General\Archives\Archive June 2026\Teaching Resources\Camb Tech Level 3\Unit 15 - Games Design and Prototyping\Sample Tasks from OCR.pdf
https://www.masterclass.com/articles/verbal-vs-nonverbal-communication,403,HTTP Error 403: Forbidden,C:\Users\meggletona\UTC Sheffield\Computing Staff - General\Archives\Archive June 2026\Teaching Resources\AAQ Application Development\Application development - Docs and specs\F160 mandatory unit - Fundamentals of applications development\Scheme of work Fundamentals of application development (F160).docx|C:\Users\meggletona\UTC Sheffield\Computing Staff - General\Archives\Archive June 2026\Teaching Resources\AAQ Application Development\F160 Fundamentals of application development\Scheme of work Fundamentals of application development (F160).docx
https://www.mckinsey.com/business-functions/mckinsey-digital/our-insights/digital-blog/digital-resilience-seven-practices-in-cybersecurity,,The read operation timed out,"C:\Users\meggletona\UTC Sheffield\Computing Staff - General\Archives\Archive June 2026\Teaching Resources\T-Levels\Content bank\2024 - 2025 lessons and content (Production, Design and Development)\Resources\digital-environments-intro-powerpoint (1).pptx"
https://www.mckinsey.com/~/media/McKinsey/Busine,,The read operation timed out,"C:\Users\meggletona\UTC Sheffield\Computing Staff - General\Archives\Archive June 2026\Teaching Resources\T-Levels\Content bank\2024 - 2025 lessons and content (Production, Design and Development)\Resources\data-topic-lesson-plans.pdf"
https://www.mckinsey.com/~/media/McKinsey/Business%20Functions/McKi,,The read operation timed out,"C:\Users\meggletona\UTC Sheffield\Computing Staff - General\Archives\Archive June 2026\Teaching Resources\T-Levels\Content bank\2024 - 2025 lessons and content (Production, Design and Development)\Resources\data-ind-resource-links.pdf"
https://www.microsoft.com/en-gb/home/digital-future-programme/internet-of-things/,403,HTTP Error 403: Forbidden,"C:\Users\meggletona\UTC Sheffield\Computing Staff - General\Archives\Archive June 2026\Teaching Resources\T-Levels\Content bank\2024 - 2025 lessons and content (Production, Design and Development)\Resources\t-level-digital-core-sow.docx"
https://www.microsoft.com/en-gb/security/online-privacy/phishing-symptoms.aspx,403,HTTP Error 403: Forbidden,C:\Users\meggletona\UTC Sheffield\Computing Staff - General\Archives\Archive June 2026\Teaching Resources\Camb Tech Level 3\Unit 3\OCR-cybersecurity delivery guide.pdf
https://www.microsoft.com/en-us/security/business/security-101/what-is-two-factor-authentication-2fa,403,HTTP Error 403: Forbidden,C:\Users\meggletona\UTC Sheffield\Computing Staff - General\Archives\Archive June 2026\Teaching Resources\AAQ Application Development\Application development - Docs and specs\F161 mandatory unit - Developing application software\Scheme of work Developing application software (F161).docx
https://www.ministryoftesting.com/dojo/courses/introduction-to-python-,404,HTTP Error 404: Not Found,"C:\Users\meggletona\UTC Sheffield\Computing Staff - General\Archives\Archive June 2026\Teaching Resources\T-Levels\Content bank\2024 - 2025 lessons and content (Production, Design and Development)\Resources\testing-ind-resource-links.pdf"
https://www.monash.edu/indonesia/news/the-differences-between-data-science-and-data-analytics,403,HTTP Error 403: Forbidden,C:\Users\meggletona\UTC Sheffield\Computing Staff - General\Archives\Archive June 2026\Teaching Resources\AAQ Data Analytics\F201 mandatory unit - Big data and machine learning\Scheme of work Big data and machine learning (F201).docx
https://www.morganstanley.com/articles/data-backup-importance-cybersecurity/,404,HTTP Error 404: Not Found,C:\Users\meggletona\UTC Sheffield\Computing Staff - General\Archives\Archive June 2026\Teaching Resources\AAQ Application Development\Application development - Docs and specs\F161 mandatory unit - Developing application software\Scheme of work Developing application software (F161).docx
https://www.motivaction.nl/en/news/blog/big-data-,404,HTTP Error 404: Not Found,"C:\Users\meggletona\UTC Sheffield\Computing Staff - General\Archives\Archive June 2026\Teaching Resources\T-Levels\Content bank\2024 - 2025 lessons and content (Production, Design and Development)\Resources\data-topic-lesson-plans.pdf"
https://www.nationalcrimeagency.gov.uk/who-we-are/publications/488-cyber-choices-hacking-it-legal/file,404,HTTP Error 404: Not Found,"C:\Users\meggletona\UTC Sheffield\Computing Staff - General\Archives\Archive June 2026\Teaching Resources\T-Levels\Content bank\2024 - 2025 lessons and content (Production, Design and Development)\Resources\t-level-digital-core-sow.docx"
https://www.ncesc.com/gaming-faq/should-i-use-tcp-or-udp-for-gaming/,403,HTTP Error 403: Forbidden,C:\Users\meggletona\UTC Sheffield\Computing Staff - General\Archives\Archive June 2026\Teaching Resources\AAQ Application Development\Application development - Docs and specs\F161 mandatory unit - Developing application software\Scheme of work Developing application software (F161).docx
https://www.nemogroup.co.uk/gdpr-the-facts/,,<urlopen error timed out>,"C:\Users\meggletona\UTC Sheffield\Computing Staff - General\Archives\Archive June 2026\Teaching Resources\T-Levels\Content bank\2024 - 2025 lessons and content (Production, Design and Development)\Resources\leg-and-reg-requirements-intro-powerpoint.pptx"
https://www.netsuite.com/portal/resource/articles/business-strategy/business-intelligence-examples.shtml,403,HTTP Error 403: Forbidden,"C:\Users\meggletona\UTC Sheffield\Computing Staff - General\Archives\Archive June 2026\Teaching Resources\T-Levels\Content bank\2024 - 2025 lessons and content (Production, Design and Development)\Resources\t-level-digital-core-sow.docx"
https://www.nfer.ac.uk/schools/developing-young-researchers/how-to-choose-your-research-methods/,404,HTTP Error 404: Not Found,C:\Users\meggletona\UTC Sheffield\Computing Staff - General\Archives\Archive June 2026\Teaching Resources\CyberEPQ\Using Research.pptx
https://www.ocr.org.uk/Images/697742-game-development.docx,404,HTTP Error 404: Not Found,C:\Users\meggletona\UTC Sheffield\Computing Staff - General\Archives\Archive June 2026\Teaching Resources\AAQ Application Development\Application development - Docs and specs\F161 mandatory unit - Developing application software\Scheme of work Developing application software (F161).docx
https://www.ocr.org.uk/Images/722887-exploring-our-exams-a-guide-to-our-sample-assessment-material-f201.pdf,404,HTTP Error 404: Not Found,C:\Users\meggletona\UTC Sheffield\Computing Staff - General\Archives\Archive June 2026\Teaching Resources\AAQ Data Analytics\F201 mandatory unit - Big data and machine learning\Scheme of work Big data and machine learning (F201).docx
https://www.open.edu/openlearn/education-development/education/developing-good-academic-practice/content-section-1,403,HTTP Error 403: Forbidden,"C:\Users\meggletona\UTC Sheffield\Computing Staff - General\Archives\Archive June 2026\Teaching Resources\T-Levels\2025 - 2026 Year 1 (Software Development)\HCH - units 3, 5 and 6\Unit 6 - Data\6.2 Methods of transforming data\6.2.1 Methods of transforming data.pptx"
https://www.open.edu/openlearn/mod/oucontent/view.php?id=48444&amp;section=3.10,403,HTTP Error 403: Forbidden,"C:\Users\meggletona\UTC Sheffield\Computing Staff - General\Archives\Archive June 2026\Teaching Resources\T-Levels\Content bank\2024 - 2025 lessons and content (Production, Design and Development)\Resources\t-level-digital-core-sow.docx"
https://www.ovoenergy.com/09:29,404,HTTP Error 404: Not Found,"C:\Users\meggletona\UTC Sheffield\Computing Staff - General\Archives\Archive June 2026\Teaching Resources\T-Levels\2025 - 2026 Year 2 (Production, Design and Development)\OSC - Past Papers\Leeds UTC example\Baxter Alexia - LL-000018219\Task 1\Task1_InternetLog_LL000018219_Baxter_A.pdf"
https://www.parallelprojecttraining.com/forums/topic/explain-5-benefits-of-a-lifecycle/,404,HTTP Error 404: Not Found,C:\Users\meggletona\UTC Sheffield\Computing Staff - General\Archives\Archive June 2026\Teaching Resources\Camb Tech Level 3\Unit 8 and 9\Sample Work\Unit 8 LO1.docx
https://www.parcelforce.com/,403,HTTP Error 403: Forbidden,C:\Users\meggletona\UTC Sheffield\Computing Staff - General\Archives\Archive June 2026\Teaching Resources\AAQ Application Development\F162 Designing and communicating UX UI solutions\Lesson slides\Lesson approach.docx
https://www.pcworld.com/article/115066/article.html,410,HTTP Error 410: Gone,"C:\Users\meggletona\UTC Sheffield\Computing Staff - General\Archives\Archive June 2026\Teaching Resources\T-Levels\Content bank\2024 - 2025 lessons and content (Production, Design and Development)\Resources\digital-enviro-topic-lesson-plans.pdf"
https://www.pcworld.com/article/194360/raid-made-easy.html,410,HTTP Error 410: Gone,"C:\Users\meggletona\UTC Sheffield\Computing Staff - General\Archives\Archive June 2026\Teaching Resources\T-Levels\Content bank\2024 - 2025 lessons and content (Production, Design and Development)\Resources\digital-environments-intro-powerpoint (1).pptx"
https://www.pcworld.com/article/2918397/how-to-get-,404,HTTP Error 404: Not Found,"C:\Users\meggletona\UTC Sheffield\Computing Staff - General\Archives\Archive June 2026\Teaching Resources\T-Levels\Content bank\2024 - 2025 lessons and content (Production, Design and Development)\Resources\digital-enviro-topic-lesson-plans.pdf"
https://www.peoplescollection.wales/sites/default/file,404,HTTP Error 404: Not Found,"C:\Users\meggletona\UTC Sheffield\Computing Staff - General\Archives\Archive June 2026\Teaching Resources\T-Levels\Content bank\2024 - 2025 lessons and content (Production, Design and Development)\Resources\data-topic-lesson-plans.pdf"
https://www.perfecto.io/resources/types-of-testing,403,HTTP Error 403: Forbidden,C:\Users\meggletona\UTC Sheffield\Computing Staff - General\Archives\Archive June 2026\Teaching Resources\AAQ Application Development\Application development - Docs and specs\F160 mandatory unit - Fundamentals of applications development\Scheme of work Fundamentals of application development (F160).docx|C:\Users\meggletona\UTC Sheffield\Computing Staff - General\Archives\Archive June 2026\Teaching Resources\AAQ Application Development\F160 Fundamentals of application development\Scheme of work Fundamentals of application development (F160).docx
https://www.pexels.com/photo/woman-writing-on-orange-paper-213015/,403,HTTP Error 403: Forbidden,C:\Users\meggletona\UTC Sheffield\Computing Staff - General\Archives\Archive June 2026\Teaching Resources\AAQ Application Development\F160 Fundamentals of application development\Topic area 3 - Planning application development projects\3.1 Planning projects.pptx
https://www.pharmasalmanac.com/articles/the-data-generation,429,HTTP Error 429: Too Many Requests,"C:\Users\meggletona\UTC Sheffield\Computing Staff - General\Archives\Archive June 2026\Teaching Resources\T-Levels\2025 - 2026 Year 1 (Software Development)\HCH - units 3, 5 and 6\Unit 6 - Data\6.1 Data, information and knowledge\6.1.2 Sources for generating data.pptx"
https://www.phgfoundation.org/wp-content/uploads/2024/07/DNA-as-data-storage.pdf,404,HTTP Error 404: Not Found,C:\Users\meggletona\UTC Sheffield\Computing Staff - General\Archives\Archive June 2026\Teaching Resources\AAQ Data Analytics\F201 mandatory unit - Big data and machine learning\Scheme of work Big data and machine learning (F201).docx
https://www.planet-source-code.com/vb/2010Redesign/images/LangugeHomePages/HTML5_CSS_JavaScript.png,,<urlopen error _ssl.c:1015: The handshake operation timed out>,C:\Users\meggletona\UTC Sheffield\Computing Staff - General\Archives\Archive June 2026\Teaching Resources\ALevel Computing\Comp1\Unit 5 Networks and web technologies\Topic 5 JavaScript\Networks T5 JavaScript.pptx
https://www.pmi.org/learning/library/project-managing-sdlc-8232,403,HTTP Error 403: Forbidden,"C:\Users\meggletona\UTC Sheffield\Computing Staff - General\Archives\Archive June 2026\Teaching Resources\T-Levels\2025 - 2026 Year 2 (Production, Design and Development)\OSC - Past Papers\OSC\digital-production-design-and-development-project-delivery-guide-new-blue-1.pdf"
https://www.pnwx.com/,,<urlopen error [SSL: DH_KEY_TOO_SMALL] dh key too small (_ssl.c:1032)>,"C:\Users\meggletona\UTC Sheffield\Computing Staff - General\Archives\Archive June 2026\Teaching Resources\AAQ Application Development\F162 Designing and communicating UX UI solutions\Lesson slides\1.3 UX and UI design principles.pptx|C:\Users\meggletona\UTC Sheffield\Computing Staff - General\Archives\Archive June 2026\Teaching Resources\T-Levels\2025 - 2026 Year 2 (Production, Design and Development)\HCH\Task 1 - Interface designs (Activity B)\L2 UX and UI design principles.pptx"
https://www.politico.com/news/magazine/2025/01/21/harris-column-trump-great-president-00199564,403,HTTP Error 403: Forbidden,"C:\Users\meggletona\UTC Sheffield\Computing Staff - General\Archives\Archive June 2026\Teaching Resources\T-Levels\2025 - 2026 Year 2 (Production, Design and Development)\HCH\Task 1 - Proposal (Activity A)\#1 - Task 1 - Activity A (i).pptx"
https://www.programiz.com/python-,404,HTTP Error 404: Not Found,"C:\Users\meggletona\UTC Sheffield\Computing Staff - General\Archives\Archive June 2026\Teaching Resources\T-Levels\Content bank\2024 - 2025 lessons and content (Production, Design and Development)\Resources\data-topic-lesson-plans.pdf"
https://www.programiz.com/sql/online-compliler,404,HTTP Error 404: Not Found,C:\Users\meggletona\UTC Sheffield\Computing Staff - General\Archives\Archive June 2026\Teaching Resources\Y9 Computer Science\2024-2025\BBC BASIC\Getting started with BBC Basic\L4 - if and else statements in BBC Basic.pptx|C:\Users\meggletona\UTC Sheffield\Computing Staff - General\Archives\Archive June 2026\Teaching Resources\Y9 Computer Science\2024-2025\Databases and SQL\3 - Structured Query Language - Create.pptx|C:\Users\meggletona\UTC Sheffield\Computing Staff - General\Archives\Archive June 2026\Teaching Resources\Y9 Computer Science\2024-2025\Databases and SQL\4 - Structured Query Language continued.pptx
https://www.prosci.com/resources/articles/the-what-why-and-how-of-,404,HTTP Error 404: Not Found,"C:\Users\meggletona\UTC Sheffield\Computing Staff - General\Archives\Archive June 2026\Teaching Resources\T-Levels\Content bank\2024 - 2025 lessons and content (Production, Design and Development)\Resources\bus-contexts-ind-resource-links.pdf"
https://www.pwc.ch/en/about-pwc/purpose-values-,404,HTTP Error 404: Not Found,"C:\Users\meggletona\UTC Sheffield\Computing Staff - General\Archives\Archive June 2026\Teaching Resources\T-Levels\Content bank\2024 - 2025 lessons and content (Production, Design and Development)\Resources\leg-and-reg-requirements-topic-lesson-plans.pdf"
https://www.pwc.ch/en/about-pwc/purpose-values-and-code-of-,404,HTTP Error 404: Not Found,"C:\Users\meggletona\UTC Sheffield\Computing Staff - General\Archives\Archive June 2026\Teaching Resources\T-Levels\Content bank\2024 - 2025 lessons and content (Production, Design and Development)\Resources\leg-and-reg-requirements-ind-resource-links.pdf"
https://www.pwc.com/m1/en/services/assurance/risk-assurance/data-assurance.html,404,HTTP Error 404: Not Found,"C:\Users\meggletona\UTC Sheffield\Computing Staff - General\Archives\Archive June 2026\Teaching Resources\T-Levels\Content bank\2024 - 2025 lessons and content (Production, Design and Development)\Resources\data-intro-powerpoint.pptx"
https://www.pwc.com/us/en/services/risk-assurance/digital-risk-,404,HTTP Error 404: Not Found,"C:\Users\meggletona\UTC Sheffield\Computing Staff - General\Archives\Archive June 2026\Teaching Resources\T-Levels\Content bank\2024 - 2025 lessons and content (Production, Design and Development)\Resources\bus-contexts-ind-resource-links.pdf"
https://www.pythagoras.co.uk/case-studies/easyjet/,,"<urlopen error [SSL: CERTIFICATE_VERIFY_FAILED] certificate verify failed: Hostname mismatch, certificate is not valid for 'www.pythagoras.co.uk'. (_ssl.c:1032)>","C:\Users\meggletona\UTC Sheffield\Computing Staff - General\Archives\Archive June 2026\Teaching Resources\T-Levels\Content bank\2024 - 2025 lessons and content (Production, Design and Development)\Resources\data-intro-powerpoint.pptx"
https://www.quora.com/What-are-your-top-5-,403,HTTP Error 403: Forbidden,"C:\Users\meggletona\UTC Sheffield\Computing Staff - General\Archives\Archive June 2026\Teaching Resources\T-Levels\2025 - 2026 Year 2 (Production, Design and Development)\OSC - Past Papers\OSC2022\2022_exemplification-os-digital-distinction.pdf"
https://www.ray-ban.com/uk/ray-ban-meta-smart-glasses,403,HTTP Error 403: Forbidden,C:\Users\meggletona\UTC Sheffield\Computing Staff - General\Archives\Archive June 2026\Teaching Resources\AAQ Application Development\Application development - Docs and specs\F161 mandatory unit - Developing application software\Scheme of work Developing application software (F161).docx
https://www.researchgate.net/figure/A-standard-risk-matrix_fig7_323570642,403,HTTP Error 403: Forbidden,"C:\Users\meggletona\UTC Sheffield\Computing Staff - General\Archives\Archive June 2026\Teaching Resources\T-Levels\2025 - 2026 Year 2 (Production, Design and Development)\OSC - Past Papers\Leeds UTC example\Witney Jack - LL-000018212 (Merit)\Task 1\My work\SUBMIT THIS!!!\TASK1_Web_Usage_List-Witney_J.pdf"
https://www.researchgate.net/figure/Six-Vs-of-big-,403,HTTP Error 403: Forbidden,"C:\Users\meggletona\UTC Sheffield\Computing Staff - General\Archives\Archive June 2026\Teaching Resources\T-Levels\Content bank\2024 - 2025 lessons and content (Production, Design and Development)\Resources\data-topic-lesson-plans.pdf"
https://www.researchgate.net/profile/Luciano-Floridi/publication/305813620_The_Ethics_of_Big_Data_Current_and_Foreseeable_Issues_in_Biomedical_Contexts/links/619104d6d7d1af224bea68f8/The-Ethics-of-Big-Data-Current-and-Foreseeable-Issues-in-Biomedical-Contexts.pdf,403,HTTP Error 403: Forbidden,C:\Users\meggletona\UTC Sheffield\Computing Staff - General\Archives\Archive June 2026\Teaching Resources\AAQ Data Analytics\F201 mandatory unit - Big data and machine learning\Scheme of work Big data and machine learning (F201).docx
https://www.researchgate.net/publication/220427690_Is,403,HTTP Error 403: Forbidden,"C:\Users\meggletona\UTC Sheffield\Computing Staff - General\Archives\Archive June 2026\Teaching Resources\T-Levels\Content bank\2024 - 2025 lessons and content (Production, Design and Development)\Resources\problem-solving-topic-lesson-plans.pdf"
https://www.researchgate.net/publication/336494686_,403,HTTP Error 403: Forbidden,"C:\Users\meggletona\UTC Sheffield\Computing Staff - General\Archives\Archive June 2026\Teaching Resources\T-Levels\Content bank\2024 - 2025 lessons and content (Production, Design and Development)\Resources\problem-solving-topic-lesson-plans.pdf"
https://www.researchgate.net/publication/352270890_The_Impact_of_Big_Data_on_Banking_Operations,403,HTTP Error 403: Forbidden,C:\Users\meggletona\UTC Sheffield\Computing Staff - General\Archives\Archive June 2026\Teaching Resources\AAQ Data Analytics\F201 mandatory unit - Big data and machine learning\Scheme of work Big data and machine learning (F201).docx
https://www.royalmail.com/find-a-postcode,403,HTTP Error 403: Forbidden,"C:\Users\meggletona\UTC Sheffield\Computing Staff - General\Archives\Archive June 2026\Teaching Resources\T-Levels\2025 - 2026 Year 2 (Production, Design and Development)\OSC - Past Papers\Leeds UTC example\Barowik James - LL-000018220\Task 1\Internet Log.docx|C:\Users\meggletona\UTC Sheffield\Computing Staff - General\Archives\Archive June 2026\Teaching Resources\T-Levels\2025 - 2026 Year 2 (Production, Design and Development)\OSC - Past Papers\Leeds UTC example\Barowik James - LL-000018220\Task 1\Task 1 Occ Spec\Task1_Internet_Log_LL-000018220-Barowik-J.pdf|C:\Users\meggletona\UTC Sheffield\Computing Staff - General\Archives\Archive June 2026\Teaching Resources\T-Levels\2025 - 2026 Year 2 (Production, Design and Development)\OSC - Past Papers\Leeds UTC example\McAllister Tom - LL-000018216 (Distinction)\Task 1\Internet_tracking.docx|C:\Users\meggletona\UTC Sheffield\Computing Staff - General\Archives\Archive June 2026\Teaching Resources\T-Levels\2025 - 2026 Year 2 (Production, Design and Development)\OSC - Past Papers\Leeds UTC example\McAllister Tom - LL-000018216 (Distinction)\Task 1\submit this\Task1_InternetTracking_LL-000018216_McAllister_T.pdf"
"https://www.salesforce.com/eu/learning-centre/crm/crm-systems/:~:text=A%20Customer%20Relationship%20Management%20(CRM,an%20ecosystem%20of%20bespoke%20apps",404,HTTP Error 404: Not Found,"C:\Users\meggletona\UTC Sheffield\Computing Staff - General\Archives\Archive June 2026\Teaching Resources\T-Levels\Content bank\2024 - 2025 lessons and content (Production, Design and Development)\Resources\data-intro-powerpoint.pptx"
https://www.sandtech.com/insight/from-big-data-to-big-benefits-how-utilities-can-leverage-data-for-success/,404,HTTP Error 404: Not Found,C:\Users\meggletona\UTC Sheffield\Computing Staff - General\Archives\Archive June 2026\Teaching Resources\AAQ Data Analytics\F201 mandatory unit - Big data and machine learning\Scheme of work Big data and machine learning (F201).docx
https://www.sap.com/uk/products/technology-platform/what-is-big-data.html?video=e8eb2a6d-7a7d-0010-87a3-c30de2ffd8ff,403,HTTP Error 403: Forbidden,C:\Users\meggletona\UTC Sheffield\Computing Staff - General\Archives\Archive June 2026\Teaching Resources\AAQ Data Analytics\F201 mandatory unit - Big data and machine learning\Scheme of work Big data and machine learning (F201).docx
https://www.sciencebuddies.org/science-fair-projects/references/ascii-table,403,HTTP Error 403: Forbidden,C:\Users\meggletona\UTC Sheffield\Computing Staff - General\Archives\Archive June 2026\Teaching Resources\AAQ Data Analytics\F200 mandatory unit - Fundamentals of data analytics\1 - Understanding Data\1.3.1 - Data and File Formats 1.pptx
https://www.sciencedirect.com/topics/computer-,403,HTTP Error 403: Forbidden,"C:\Users\meggletona\UTC Sheffield\Computing Staff - General\Archives\Archive June 2026\Teaching Resources\T-Levels\Content bank\2024 - 2025 lessons and content (Production, Design and Development)\Resources\digital-enviro-topic-lesson-plans.pdf"
https://www.sciencedirect.com/topics/computer-science/virtualized-,403,HTTP Error 403: Forbidden,"C:\Users\meggletona\UTC Sheffield\Computing Staff - General\Archives\Archive June 2026\Teaching Resources\T-Levels\Content bank\2024 - 2025 lessons and content (Production, Design and Development)\Resources\digital-enviro-ind-resource-links.pdf"
https://www.scl.org/articles/821-computer-misuse-prosecutions,403,HTTP Error 403: Forbidden,"C:\Users\meggletona\UTC Sheffield\Computing Staff - General\Archives\Archive June 2026\Teaching Resources\T-Levels\Content bank\2024 - 2025 lessons and content (Production, Design and Development)\Resources\t-level-digital-core-sow.docx"
https://www.selectonellc.com/blog/introducing-new-technology-to-your-,404,HTTP Error 404: Not Found,"C:\Users\meggletona\UTC Sheffield\Computing Staff - General\Archives\Archive June 2026\Teaching Resources\T-Levels\Content bank\2024 - 2025 lessons and content (Production, Design and Development)\Resources\bus-contexts-ind-resource-links.pdf"
https://www.shutterstock.com/image-photo/background-,403,HTTP Error 403: HTTP Forbidden,"C:\Users\meggletona\UTC Sheffield\Computing Staff - General\Archives\Archive June 2026\Teaching Resources\T-Levels\2025 - 2026 Year 2 (Production, Design and Development)\OSC - Past Papers\Leeds UTC example\Barowik James - LL-000018220\Task 2\Task2_ContentAssetsLog_LL-000018220-Barowik_J.pdf"
https://www.simplilearn.com/tutorials/networking-tutorial/importance-of-types-of-,404,HTTP Error 404: Not Found,"C:\Users\meggletona\UTC Sheffield\Computing Staff - General\Archives\Archive June 2026\Teaching Resources\T-Levels\Content bank\2024 - 2025 lessons and content (Production, Design and Development)\Resources\t-level-digital-core-sow.docx"
https://www.skillsconverged.com/FreeTrainingMaterials/t,404,HTTP Error 404: Not Found,"C:\Users\meggletona\UTC Sheffield\Computing Staff - General\Archives\Archive June 2026\Teaching Resources\T-Levels\Content bank\2024 - 2025 lessons and content (Production, Design and Development)\Resources\digital-enviro-topic-lesson-plans.pdf"
https://www.sky.com/shop/terms-,404,HTTP Error 404: Not Found,"C:\Users\meggletona\UTC Sheffield\Computing Staff - General\Archives\Archive June 2026\Teaching Resources\T-Levels\Content bank\2024 - 2025 lessons and content (Production, Design and Development)\Resources\leg-and-reg-requirements-topic-lesson-plans.pdf"
https://www.softwareadvice.com/uk/bi/,403,HTTP Error 403: Forbidden,"C:\Users\meggletona\UTC Sheffield\Computing Staff - General\Archives\Archive June 2026\Teaching Resources\T-Levels\Content bank\2024 - 2025 lessons and content (Production, Design and Development)\Resources\data-intro-powerpoint.pptx"
https://www.softwaretestingclass.com/wp-,404,HTTP Error 404: Not Found,"C:\Users\meggletona\UTC Sheffield\Computing Staff - General\Archives\Archive June 2026\Teaching Resources\T-Levels\Content bank\2024 - 2025 lessons and content (Production, Design and Development)\Resources\testing-ind-resource-links.pdf"
https://www.solaredge.com/en/products/residential/smart-energy,403,HTTP Error 403: Forbidden,"C:\Users\meggletona\UTC Sheffield\Computing Staff - General\Archives\Archive June 2026\Teaching Resources\T-Levels\2025 - 2026 Year 2 (Production, Design and Development)\OSC - Past Papers\Leeds UTC example\Barowik James - LL-000018220\Task 1\Internet Log.docx|C:\Users\meggletona\UTC Sheffield\Computing Staff - General\Archives\Archive June 2026\Teaching Resources\T-Levels\2025 - 2026 Year 2 (Production, Design and Development)\OSC - Past Papers\Leeds UTC example\Barowik James - LL-000018220\Task 1\Task 1 Occ Spec\Task1_Internet_Log_LL-000018220-Barowik-J.pdf|C:\Users\meggletona\UTC Sheffield\Computing Staff - General\Archives\Archive June 2026\Teaching Resources\T-Levels\2025 - 2026 Year 2 (Production, Design and Development)\OSC - Past Papers\Leeds UTC example\Barowik James - LL-000018220\Task 2\Task2_ContentAssetsLog_LL-000018220-Barowik_J.pdf"
https://www.sophos.com/en-us/medialibrary/PDFs/other/sophosthreatsaurusaz.pdf?la=en,,The read operation timed out,C:\Users\meggletona\UTC Sheffield\Computing Staff - General\Archives\Archive June 2026\Teaching Resources\Camb Tech Level 3\Unit 3\OCR-cybersecurity delivery guide.pdf
https://www.sunpower-uk.com/contact/call-back/,404,HTTP Error 404: Not Found,"C:\Users\meggletona\UTC Sheffield\Computing Staff - General\Archives\Archive June 2026\Teaching Resources\T-Levels\2025 - 2026 Year 2 (Production, Design and Development)\OSC - Past Papers\Leeds UTC example\Witney Jack - LL-000018212 (Merit)\Task 1\My work\SUBMIT THIS!!!\TASK1_Web_Usage_List-Witney_J.pdf"
https://www.tableau.com/about/blog/2014/12/5-chart-types-youve-never-tried-tableau-35281,403,HTTP Error 403: Forbidden,"C:\Users\meggletona\UTC Sheffield\Computing Staff - General\Archives\Archive June 2026\Teaching Resources\T-Levels\Content bank\2024 - 2025 lessons and content (Production, Design and Development)\Resources\data-intro-powerpoint.pptx"
https://www.tableau.com/analytics/what-is-big-data-analytics,403,HTTP Error 403: Forbidden,C:\Users\meggletona\UTC Sheffield\Computing Staff - General\Archives\Archive June 2026\Teaching Resources\AAQ Data Analytics\F201 mandatory unit - Big data and machine learning\Scheme of work Big data and machine learning (F201).docx
https://www.tableau.com/en-gb/learn/articles/data-visualization%23:~:text=Data,403,HTTP Error 403: Forbidden,C:\Users\meggletona\UTC Sheffield\Computing Staff - General\Archives\Archive June 2026\Teaching Resources\AAQ Data Analytics\F201 mandatory unit - Big data and machine learning\Scheme of work Big data and machine learning (F201).docx
"https://www.tableau.com/en-gb/learn/articles/data-visualization%23:~:text=Data%20visualisation%20is%20the%20graphical,outliers%20and%20patterns%20in%20data",403,HTTP Error 403: Forbidden,C:\Users\meggletona\UTC Sheffield\Computing Staff - General\Archives\Archive June 2026\Teaching Resources\AAQ Data Analytics\F201 mandatory unit - Big data and machine learning\Scheme of work Big data and machine learning (F201).docx
https://www.tableau.com/learn/articles/business-intelligence,403,HTTP Error 403: Forbidden,"C:\Users\meggletona\UTC Sheffield\Computing Staff - General\Archives\Archive June 2026\Teaching Resources\T-Levels\Content bank\2024 - 2025 lessons and content (Production, Design and Development)\Unit 5 - Business context\5.2 Digital value to business\5.2.1 PART 4 - Ways digital adds value to a company.pptx"
https://www.tableau.com/learn/articles/what-is-data-cleaning,403,HTTP Error 403: Forbidden,C:\Users\meggletona\UTC Sheffield\Computing Staff - General\Archives\Archive June 2026\Teaching Resources\AAQ Data Analytics\F201 mandatory unit - Big data and machine learning\Scheme of work Big data and machine learning (F201).docx
https://www.teach-ict.com/gcse_new/computer,404,HTTP Error 404: Not Found,C:\Users\meggletona\UTC Sheffield\Computing Staff - General\Archives\Archive June 2026\Teaching Resources\AAQ Application Development\Application development - Docs and specs\F160 mandatory unit - Fundamentals of applications development\Scheme of work Fundamentals of application development (F160).docx|C:\Users\meggletona\UTC Sheffield\Computing Staff - General\Archives\Archive June 2026\Teaching Resources\AAQ Application Development\F160 Fundamentals of application development\Scheme of work Fundamentals of application development (F160).docx
https://www.teachcomputing.net/a-level/aqa/sorting-algorithms.php,,<urlopen error [Errno 11001] getaddrinfo failed>,"C:\Users\meggletona\UTC Sheffield\Computing Staff - General\Archives\Archive June 2026\Teaching Resources\T-Levels\Content bank\2024 - 2025 lessons and content (Production, Design and Development)\Resources\t-level-digital-core-sow.docx"
https://www.team17.com/careers/job/senior-qa/,404,HTTP Error 404: Not Found,"C:\Users\meggletona\UTC Sheffield\Computing Staff - General\Archives\Archive June 2026\Teaching Resources\T-Levels\Content bank\2024 - 2025 lessons and content (Production, Design and Development)\Unit 1, 2 Problem Solving and Programming\2024\wk12_Developing Software - Testing with Tasks.pptx"
https://www.techadvisor.co.uk/how-,404,HTTP Error 404: Not Found,"C:\Users\meggletona\UTC Sheffield\Computing Staff - General\Archives\Archive June 2026\Teaching Resources\T-Levels\Content bank\2024 - 2025 lessons and content (Production, Design and Development)\Resources\digital-enviro-topic-lesson-plans.pdf"
https://www.technologygee.com/common-computing-devices-their-purposes-comptia-it-fundamentals-fc0-u61-2-6/,404,HTTP Error 404: Not Found,C:\Users\meggletona\UTC Sheffield\Computing Staff - General\Archives\Archive June 2026\Teaching Resources\AAQ Application Development\Application development - Docs and specs\F160 mandatory unit - Fundamentals of applications development\Scheme of work Fundamentals of application development (F160).docx|C:\Users\meggletona\UTC Sheffield\Computing Staff - General\Archives\Archive June 2026\Teaching Resources\AAQ Application Development\F160 Fundamentals of application development\Scheme of work Fundamentals of application development (F160).docx
https://www.techopedia.com/definition/26551/cloudsourcing,404,HTTP Error 404: Not Found,"C:\Users\meggletona\UTC Sheffield\Computing Staff - General\Archives\Archive June 2026\Teaching Resources\T-Levels\Content bank\2024 - 2025 lessons and content (Production, Design and Development)\Resources\digital-environments-intro-powerpoint (1).pptx"
https://www.techradar.com/uk/best/best-online-,404,HTTP Error 404: Not Found,"C:\Users\meggletona\UTC Sheffield\Computing Staff - General\Archives\Archive June 2026\Teaching Resources\T-Levels\Content bank\2024 - 2025 lessons and content (Production, Design and Development)\Resources\bus-contexts-topic-lesson-plans.pdf"
https://www.techradar.com/uk/how-to/how-to-build-a-,404,HTTP Error 404: Not Found,"C:\Users\meggletona\UTC Sheffield\Computing Staff - General\Archives\Archive June 2026\Teaching Resources\T-Levels\Content bank\2024 - 2025 lessons and content (Production, Design and Development)\Resources\digital-enviro-topic-lesson-plans.pdf"
https://www.ted,,<urlopen error [Errno 11001] getaddrinfo failed>,"C:\Users\meggletona\UTC Sheffield\Computing Staff - General\Archives\Archive June 2026\Teaching Resources\T-Levels\Content bank\2024 - 2025 lessons and content (Production, Design and Development)\Resources\security-intro-powerpoint.pptx"
https://www.ted.com/talks/alexander_wagner_what_really_motivates_peo,404,HTTP Error 404: Not Found,"C:\Users\meggletona\UTC Sheffield\Computing Staff - General\Archives\Archive June 2026\Teaching Resources\T-Levels\Content bank\2024 - 2025 lessons and content (Production, Design and Development)\Resources\leg-and-reg-requirements-ind-resource-links.pdf"
https://www.ted.com/talks/anne_milgram_why_smart,404,HTTP Error 404: Not Found,"C:\Users\meggletona\UTC Sheffield\Computing Staff - General\Archives\Archive June 2026\Teaching Resources\T-Levels\Content bank\2024 - 2025 lessons and content (Production, Design and Development)\Resources\data-topic-lesson-plans.pdf"
https://www.ted.com/talks/anne_milgram_why_smart_statistics_are_the_ke,404,HTTP Error 404: Not Found,"C:\Users\meggletona\UTC Sheffield\Computing Staff - General\Archives\Archive June 2026\Teaching Resources\T-Levels\Content bank\2024 - 2025 lessons and content (Production, Design and Development)\Resources\data-ind-resource-links.pdf"
https://www.ted.com/talks/david_j_malan_what_s_an_alg,404,HTTP Error 404: Not Found,"C:\Users\meggletona\UTC Sheffield\Computing Staff - General\Archives\Archive June 2026\Teaching Resources\T-Levels\Content bank\2024 - 2025 lessons and content (Production, Design and Development)\Resources\problem-solving-topic-lesson-plans.pdf"
https://www.ted.com/talks/david_mccandless_the_be,404,HTTP Error 404: Not Found,"C:\Users\meggletona\UTC Sheffield\Computing Staff - General\Archives\Archive June 2026\Teaching Resources\T-Levels\Content bank\2024 - 2025 lessons and content (Production, Design and Development)\Resources\data-topic-lesson-plans.pdf"
https://www.ted.com/talks/david_mccandless_the_beauty_of_data_visualiza,404,HTTP Error 404: Not Found,"C:\Users\meggletona\UTC Sheffield\Computing Staff - General\Archives\Archive June 2026\Teaching Resources\T-Levels\Content bank\2024 - 2025 lessons and content (Production, Design and Development)\Resources\data-ind-resource-links.pdf"
https://www.ted.com/talks/eugenia_cheng_how_abstrac,404,HTTP Error 404: Not Found,"C:\Users\meggletona\UTC Sheffield\Computing Staff - General\Archives\Archive June 2026\Teaching Resources\T-Levels\Content bank\2024 - 2025 lessons and content (Production, Design and Development)\Resources\problem-solving-topic-lesson-plans.pdf"
https://www.ted.com/talks/kevin_slavin_how_algorithms_,404,HTTP Error 404: Not Found,"C:\Users\meggletona\UTC Sheffield\Computing Staff - General\Archives\Archive June 2026\Teaching Resources\T-Levels\Content bank\2024 - 2025 lessons and content (Production, Design and Development)\Resources\problem-solving-topic-lesson-plans.pdf"
https://www.ted.com/talks/mark_sylvester_see_what_y,404,HTTP Error 404: Not Found,"C:\Users\meggletona\UTC Sheffield\Computing Staff - General\Archives\Archive June 2026\Teaching Resources\T-Levels\Content bank\2024 - 2025 lessons and content (Production, Design and Development)\Resources\problem-solving-topic-lesson-plans.pdf"
https://www.ted.com/talks/michael_shermer_the_patt,404,HTTP Error 404: Not Found,"C:\Users\meggletona\UTC Sheffield\Computing Staff - General\Archives\Archive June 2026\Teaching Resources\T-Levels\Content bank\2024 - 2025 lessons and content (Production, Design and Development)\Resources\problem-solving-topic-lesson-plans.pdf"
https://www.teiss.co.uk/covid-19-the-role-of-security-teams-and-the-emerging-cyber-threats/,404,HTTP Error 404: ,"C:\Users\meggletona\UTC Sheffield\Computing Staff - General\Archives\Archive June 2026\Teaching Resources\T-Levels\Content bank\2024 - 2025 lessons and content (Production, Design and Development)\Resources\security-intro-powerpoint.pptx"
https://www.teiss.co.uk/public-flags-suspicious-emails-ncsc/,404,HTTP Error 404: ,"C:\Users\meggletona\UTC Sheffield\Computing Staff - General\Archives\Archive June 2026\Teaching Resources\T-Levels\Content bank\2024 - 2025 lessons and content (Production, Design and Development)\Resources\security-ind-resource-links.pdf"
https://www.template.net/business/plan-,404,HTTP Error 404: Not Found,"C:\Users\meggletona\UTC Sheffield\Computing Staff - General\Archives\Archive June 2026\Teaching Resources\T-Levels\Content bank\2024 - 2025 lessons and content (Production, Design and Development)\Resources\testing-topic-lesson-plans.pdf"
https://www.tes.com/teaching-resource/data-types-in-,404,HTTP Error 404: Not Found,"C:\Users\meggletona\UTC Sheffield\Computing Staff - General\Archives\Archive June 2026\Teaching Resources\T-Levels\Content bank\2024 - 2025 lessons and content (Production, Design and Development)\Resources\data-topic-lesson-plans.pdf"
https://www.tes.com/teaching-resource/decomposition-computational-,404,HTTP Error 404: Not Found,"C:\Users\meggletona\UTC Sheffield\Computing Staff - General\Archives\Archive June 2026\Teaching Resources\T-Levels\Content bank\2024 - 2025 lessons and content (Production, Design and Development)\Resources\problem-solving-ind-resource-links.pdf"
https://www.tes.com/teaching-resource/python-data-,404,HTTP Error 404: Not Found,"C:\Users\meggletona\UTC Sheffield\Computing Staff - General\Archives\Archive June 2026\Teaching Resources\T-Levels\Content bank\2024 - 2025 lessons and content (Production, Design and Development)\Resources\data-topic-lesson-plans.pdf"
https://www.theknowledgeacademy.com/blog/advantages-and-disadvantages-of-big-data/,403,HTTP Error 403: Forbidden,C:\Users\meggletona\UTC Sheffield\Computing Staff - General\Archives\Archive June 2026\Teaching Resources\AAQ Data Analytics\F201 mandatory unit - Big data and machine learning\Scheme of work Big data and machine learning (F201).docx
https://www.theknowledgeacademy.com/blog/big-data-in-education/,403,HTTP Error 403: Forbidden,C:\Users\meggletona\UTC Sheffield\Computing Staff - General\Archives\Archive June 2026\Teaching Resources\AAQ Data Analytics\F201 mandatory unit - Big data and machine learning\Scheme of work Big data and machine learning (F201).docx
https://www.theknowledgeacademy.com/blog/big-data-in-urban-planning/%23:~:text=Big,403,HTTP Error 403: Forbidden,C:\Users\meggletona\UTC Sheffield\Computing Staff - General\Archives\Archive June 2026\Teaching Resources\AAQ Data Analytics\F201 mandatory unit - Big data and machine learning\Scheme of work Big data and machine learning (F201).docx
"https://www.theknowledgeacademy.com/blog/big-data-in-urban-planning/%23:~:text=Big%20Data%20in%20Urban%20Planning%20analyses%20massive%20amount%20of%20data,housing%20to%20develop%20sustainable%20cities",403,HTTP Error 403: Forbidden,C:\Users\meggletona\UTC Sheffield\Computing Staff - General\Archives\Archive June 2026\Teaching Resources\AAQ Data Analytics\F201 mandatory unit - Big data and machine learning\Scheme of work Big data and machine learning (F201).docx
https://www.theknowledgeacademy.com/blog/big-data-infrastructure/,403,HTTP Error 403: Forbidden,C:\Users\meggletona\UTC Sheffield\Computing Staff - General\Archives\Archive June 2026\Teaching Resources\AAQ Data Analytics\F201 mandatory unit - Big data and machine learning\Scheme of work Big data and machine learning (F201).docx
https://www.theknowledgeacademy.com/blog/history-of-big-data/,403,HTTP Error 403: Forbidden,C:\Users\meggletona\UTC Sheffield\Computing Staff - General\Archives\Archive June 2026\Teaching Resources\AAQ Data Analytics\F201 mandatory unit - Big data and machine learning\Scheme of work Big data and machine learning (F201).docx
https://www.theknowledgeacademy.com/blog/itil-change-management/,403,HTTP Error 403: Forbidden,"C:\Users\meggletona\UTC Sheffield\Computing Staff - General\Archives\Archive June 2026\Teaching Resources\T-Levels\2025 - 2026 Year 1 (Software Development)\HCH - units 3, 5 and 6\Unit 5 - Business context\5.4 Technical change management\5.4.4 The technical change management process.pptx|C:\Users\meggletona\UTC Sheffield\Computing Staff - General\Archives\Archive June 2026\Teaching Resources\T-Levels\Content bank\2024 - 2025 lessons and content (Production, Design and Development)\Unit 5 - Business context\5.3 Technical change management\5.3.2 AtkinsRealis and technical change.pptx|C:\Users\meggletona\UTC Sheffield\Computing Staff - General\Archives\Archive June 2026\Teaching Resources\T-Levels\Content bank\2024 - 2025 lessons and content (Production, Design and Development)\Unit 5 - Business context\5.3 Technical change management\5.3.2 The technical change management process.pptx"
https://www.thirdstage-consulting.com/top-10-digital-transformation-failures-of-all-time-selected-by-an-erp-expert-witness/,403,HTTP Error 403: Forbidden,"C:\Users\meggletona\UTC Sheffield\Computing Staff - General\Archives\Archive June 2026\Teaching Resources\T-Levels\Content bank\2024 - 2025 lessons and content (Production, Design and Development)\Resources\t-level-digital-core-sow.docx"
https://www.tibco.com/glossary/what-is-transactional-data,403,HTTP Error 403: Forbidden,C:\Users\meggletona\UTC Sheffield\Computing Staff - General\Archives\Archive June 2026\Teaching Resources\AAQ Data Analytics\F201 mandatory unit - Big data and machine learning\Scheme of work Big data and machine learning (F201).docx
https://www.tpsearchtool.com/images/what-is-metadata-with-examples-data-terminology,,<urlopen error [SSL: CERTIFICATE_VERIFY_FAILED] certificate verify failed: unable to get local issuer certificate (_ssl.c:1032)>,"C:\Users\meggletona\UTC Sheffield\Computing Staff - General\Archives\Archive June 2026\Teaching Resources\T-Levels\2025 - 2026 Year 1 (Software Development)\HCH - units 3, 5 and 6\Unit 6 - Data\6.6 Structures for storing data\6.6 Structures for storing data.pptx|C:\Users\meggletona\UTC Sheffield\Computing Staff - General\Archives\Archive June 2026\Teaching Resources\T-Levels\2025 - 2026 Year 1 (Software Development)\HCH - units 3, 5 and 6\Unit 6 - Data\6.7 Data dimensions and maintainance\6.7 Data dimensions and maintenance.pptx"
https://www.tutor2u.net/business/reference/the-difference-between-data-,404,HTTP Error 404: Not Found,"C:\Users\meggletona\UTC Sheffield\Computing Staff - General\Archives\Archive June 2026\Teaching Resources\T-Levels\Content bank\2024 - 2025 lessons and content (Production, Design and Development)\Resources\data-ind-resource-links.pdf"
https://www.tutorialspoint.com/tourism_management/t,404,HTTP Error 404: Not Found,"C:\Users\meggletona\UTC Sheffield\Computing Staff - General\Archives\Archive June 2026\Teaching Resources\T-Levels\Content bank\2024 - 2025 lessons and content (Production, Design and Development)\Resources\bus-contexts-topic-lesson-plans.pdf"
https://www.tutorialspoint.com/tourism_management/tourism_management_bus,404,HTTP Error 404: Not Found,"C:\Users\meggletona\UTC Sheffield\Computing Staff - General\Archives\Archive June 2026\Teaching Resources\T-Levels\Content bank\2024 - 2025 lessons and content (Production, Design and Development)\Resources\bus-contexts-ind-resource-links.pdf"
https://www.twinview.com/insights/uk-office-buildings-are-wasting-60m-of-energy-every-year,404,HTTP Error 404: Not Found,C:\Users\meggletona\UTC Sheffield\Computing Staff - General\Archives\Archive June 2026\Teaching Resources\Camb Tech Level 3\Unit 10\Unit 10 LO2 - Data Capture (1).pptx|C:\Users\meggletona\UTC Sheffield\Computing Staff - General\Archives\Archive June 2026\Teaching Resources\Camb Tech Level 3\Unit 10\Unit 10 Recap.pptx
https://www.tynker.com/blog/articles/ideas-and-tips/how-to-explain-,404,HTTP Error 404: Not Found,"C:\Users\meggletona\UTC Sheffield\Computing Staff - General\Archives\Archive June 2026\Teaching Resources\T-Levels\Content bank\2024 - 2025 lessons and content (Production, Design and Development)\Resources\problem-solving-ind-resource-links.pdf"
https://www.udemy.com/course/qa-software-testing-training-course/,403,HTTP Error 403: Forbidden,"C:\Users\meggletona\UTC Sheffield\Computing Staff - General\Archives\Archive June 2026\Teaching Resources\T-Levels\Content bank\2024 - 2025 lessons and content (Production, Design and Development)\Resources\testing-ind-resource-links.pdf"
https://www.ukposters.co.uk/service-engineer-inspects-and-,404,HTTP Error 404: Not Found,"C:\Users\meggletona\UTC Sheffield\Computing Staff - General\Archives\Archive June 2026\Teaching Resources\T-Levels\2025 - 2026 Year 2 (Production, Design and Development)\OSC - Past Papers\Leeds UTC example\Barowik James - LL-000018220\Task 2\Task2_ContentAssetsLog_LL-000018220-Barowik_J.pdf"
https://www.vecteezy.com/photo/28896852-modern-house-with-,403,HTTP Error 403: Forbidden,"C:\Users\meggletona\UTC Sheffield\Computing Staff - General\Archives\Archive June 2026\Teaching Resources\T-Levels\2025 - 2026 Year 2 (Production, Design and Development)\OSC - Past Papers\Leeds UTC example\Barowik James - LL-000018220\Task 2\Task2_ContentAssetsLog_LL-000018220-Barowik_J.pdf"
https://www.vecteezy.com/vector-art/10331884-code-review-vector-concept-color-illustration,403,HTTP Error 403: Forbidden,"C:\Users\meggletona\UTC Sheffield\Computing Staff - General\Archives\Archive June 2026\Teaching Resources\T-Levels\2025 - 2026 Year 2 (Production, Design and Development)\HCH\Task 3a - Gathering feedback\L7 Paired coding reviews.pptx"
https://www.vecteezy.com/vector-art/21534338-observe-user-actions-blue-gradient-concept-icon-provide-interaction-with-product-assess-user-behavior-abstract-idea-thin-line-illustration-isolated-outline-drawing,403,HTTP Error 403: Forbidden,"C:\Users\meggletona\UTC Sheffield\Computing Staff - General\Archives\Archive June 2026\Teaching Resources\T-Levels\2025 - 2026 Year 2 (Production, Design and Development)\HCH\Task 3a - Gathering feedback\L6 User observations (usability testing).pptx"
https://www.vecteezy.com/vector-art/695850-digital-technology-concept,403,HTTP Error 403: Forbidden,"C:\Users\meggletona\UTC Sheffield\Computing Staff - General\Archives\Archive June 2026\Teaching Resources\T-Levels\2025 - 2026 Year 1 (Software Development)\HCH - units 3, 5 and 6\Unit 3 - Emerging issues\3.1 Impact of digital technologies\3.1.1 Digital impact on culture.pptx|C:\Users\meggletona\UTC Sheffield\Computing Staff - General\Archives\Archive June 2026\Teaching Resources\T-Levels\2025 - 2026 Year 1 (Software Development)\HCH - units 3, 5 and 6\Unit 3 - Emerging issues\3.1 Impact of digital technologies\3.1.1 Digital impact on society (need exam questions - Pearson site down when making this!).pptx"
https://www.vertex42.com/ExcelTemplates/pros-and-,404,HTTP Error 404: Not Found,"C:\Users\meggletona\UTC Sheffield\Computing Staff - General\Archives\Archive June 2026\Teaching Resources\T-Levels\Content bank\2024 - 2025 lessons and content (Production, Design and Development)\Resources\data-topic-lesson-plans.pdf"
https://www.vertex42.com/ExcelTemplates/simple-,404,HTTP Error 404: Not Found,"C:\Users\meggletona\UTC Sheffield\Computing Staff - General\Archives\Archive June 2026\Teaching Resources\T-Levels\Content bank\2024 - 2025 lessons and content (Production, Design and Development)\Resources\data-topic-lesson-plans.pdf"
https://www.verywellmind.com/types-of-nonverbal-communication-2795397,403,HTTP Error 403: Forbidden,C:\Users\meggletona\UTC Sheffield\Computing Staff - General\Archives\Archive June 2026\Teaching Resources\AAQ Application Development\Application development - Docs and specs\F160 mandatory unit - Fundamentals of applications development\Scheme of work Fundamentals of application development (F160).docx|C:\Users\meggletona\UTC Sheffield\Computing Staff - General\Archives\Archive June 2026\Teaching Resources\AAQ Application Development\F160 Fundamentals of application development\Scheme of work Fundamentals of application development (F160).docx
https://www.vmware.com/uk/solutions/virtualization.html,404,HTTP Error 404: Not Found,"C:\Users\meggletona\UTC Sheffield\Computing Staff - General\Archives\Archive June 2026\Teaching Resources\T-Levels\Content bank\2024 - 2025 lessons and content (Production, Design and Development)\Resources\digital-environments-intro-powerpoint (1).pptx"
https://www.volkswagen.co.uk/en/electric-and-hybrid/electric-,404,HTTP Error 404: Not Found,"C:\Users\meggletona\UTC Sheffield\Computing Staff - General\Archives\Archive June 2026\Teaching Resources\T-Levels\2025 - 2026 Year 2 (Production, Design and Development)\OSC - Past Papers\Leeds UTC example\Barowik James - LL-000018220\Task 2\Task2_ContentAssetsLog_LL-000018220-Barowik_J.pdf"
https://www.w3resource.com/c-,404,HTTP Error 404: Not Found,"C:\Users\meggletona\UTC Sheffield\Computing Staff - General\Archives\Archive June 2026\Teaching Resources\T-Levels\Content bank\2024 - 2025 lessons and content (Production, Design and Development)\Resources\intro-to-programming-topic-lesson-plans.pdf"
https://www.w3resource.com/python-,404,HTTP Error 404: Not Found,"C:\Users\meggletona\UTC Sheffield\Computing Staff - General\Archives\Archive June 2026\Teaching Resources\T-Levels\Content bank\2024 - 2025 lessons and content (Production, Design and Development)\Resources\intro-to-programming-topic-lesson-plans.pdf"
https://www.w3schools.in/cloud-computing,500,HTTP Error 500: Internal Server Error,C:\Users\meggletona\UTC Sheffield\Computing Staff - General\Archives\Archive June 2026\Teaching Resources\AAQ Application Development\Application development - Docs and specs\F161 mandatory unit - Developing application software\Scheme of work Developing application software (F161).docx
https://www.webopedia.com/quick_ref/OSI_Layers.asp,403,HTTP Error 403: Forbidden,"C:\Users\meggletona\UTC Sheffield\Computing Staff - General\Archives\Archive June 2026\Teaching Resources\T-Levels\Content bank\2024 - 2025 lessons and content (Production, Design and Development)\Resources\digital-environments-intro-powerpoint (1).pptx"
https://www.whishworks.com/blog/big-data/understanding-the-3-vs-of-big-data-volume-velocity-and-variety,403,HTTP Error 403: Forbidden,"C:\Users\meggletona\UTC Sheffield\Computing Staff - General\Archives\Archive June 2026\Teaching Resources\T-Levels\Content bank\2024 - 2025 lessons and content (Production, Design and Development)\Resources\data-intro-powerpoint.pptx"
https://www.wired.co.uk/article/creepy-rise-bossware,404,HTTP Error 404: Not Found,"C:\Users\meggletona\UTC Sheffield\Computing Staff - General\Archives\Archive June 2026\Teaching Resources\T-Levels\Content bank\2024 - 2025 lessons and content (Production, Design and Development)\Resources\t-level-digital-core-sow.docx"
https://www.wired.com/insights/2014/09/artificial-,404,HTTP Error 404: Not Found,"C:\Users\meggletona\UTC Sheffield\Computing Staff - General\Archives\Archive June 2026\Teaching Resources\T-Levels\Content bank\2024 - 2025 lessons and content (Production, Design and Development)\Resources\problem-solving-topic-lesson-plans.pdf"
https://www.wix.com/,429,HTTP Error 429: Too Many Requests,"C:\Users\meggletona\UTC Sheffield\Computing Staff - General\Archives\Archive June 2026\Teaching Resources\T-Levels\2025 - 2026 Year 2 (Production, Design and Development)\OSC - Past Papers\OSC2022\2022_exemplification-os-digital-distinction.pdf"
https://www.youtube.com/playlist?list=PLS1QulWo1RIbfTjQvTdj8Y6yyq4R7,404,HTTP Error 404: Not Found,"C:\Users\meggletona\UTC Sheffield\Computing Staff - General\Archives\Archive June 2026\Teaching Resources\T-Levels\Content bank\2024 - 2025 lessons and content (Production, Design and Development)\Resources\intro-to-programming-ind-resource-links.pdf"
https://www.youtube.com/redirect?event=video_description&amp;v=dxgliYt4X-o&amp;redir_token=DoxocThW6Own4ULDB0FwcA5axZx8MTU5MzA1MDM5MEAxNTkyOTYzOTkw&amp;q=https://cutt.ly/CRM-presentation,404,HTTP Error 404: Not Found,"C:\Users\meggletona\UTC Sheffield\Computing Staff - General\Archives\Archive June 2026\Teaching Resources\T-Levels\Content bank\2024 - 2025 lessons and content (Production, Design and Development)\Resources\data-intro-powerpoint.pptx"
https://www.zendesk.com/blog/customer-feedback-forms/,404,HTTP Error 404: Not Found,"C:\Users\meggletona\UTC Sheffield\Computing Staff - General\Archives\Archive June 2026\Teaching Resources\T-Levels\2025 - 2026 Year 2 (Production, Design and Development)\OSC - Past Papers\OSC\digital-production-design-and-development-project-delivery-guide-new-blue-1.pdf"
https://www2.deloitte.com/content/dam/Deloitte/glob,404,HTTP Error 404: Not Found,"C:\Users\meggletona\UTC Sheffield\Computing Staff - General\Archives\Archive June 2026\Teaching Resources\T-Levels\Content bank\2024 - 2025 lessons and content (Production, Design and Development)\Resources\data-topic-lesson-plans.pdf"
https://www2.deloitte.com/content/dam/Deloitte/global/Documents/Deloitt,404,HTTP Error 404: Not Found,"C:\Users\meggletona\UTC Sheffield\Computing Staff - General\Archives\Archive June 2026\Teaching Resources\T-Levels\Content bank\2024 - 2025 lessons and content (Production, Design and Development)\Resources\data-ind-resource-links.pdf"
https://www2.deloitte.com/content/dam/Deloitte/mx/Documents/human-,404,HTTP Error 404: Not Found,"C:\Users\meggletona\UTC Sheffield\Computing Staff - General\Archives\Archive June 2026\Teaching Resources\T-Levels\Content bank\2024 - 2025 lessons and content (Production, Design and Development)\Resources\bus-contexts-ind-resource-links.pdf"
https://www.adobe.com/software/flash/about,,The read operation timed out,
https://www.adobe.com/uk/products/dreamweaver.html,,The read operation timed out,
https://www.altontowers.com,403,HTTP Error 403: Forbidden,
https://www.autodesk.co.uk,,The read operation timed out,
https://www.bbc.co.uk/careers/work-experience/,404,HTTP Error 404: Not Found,
https://www.bloglovin.com/en/blog/200459/yummy-fresh-grain-feed,404,HTTP Error 404: Not Found,
https://www.bullying.co.uk,521,HTTP Error 521: <none>,
https://www.cisco.com/UK,,<urlopen error [SSL: CERTIFICATE_VERIFY_FAILED] certificate verify failed: self-signed certificate in certificate chain (_ssl.c:1032)>,
https://www.creativeskillset.org/,403,HTTP Error 403: Forbidden,
https://www.freedom.charity,,<urlopen error [Errno 11001] getaddrinfo failed>,
https://www.getrevising.uk,,"<urlopen error [SSL: CERTIFICATE_VERIFY_FAILED] certificate verify failed: Hostname mismatch, certificate is not valid for 'www.getrevising.uk'. (_ssl.c:1032)>",
https://www.harmonypark.net,,<urlopen error [WinError 10061] No connection could be made because the target machine actively refused it>,
https://www.hilaryturnbull.co.uk,,<urlopen error [Errno 11001] getaddrinfo failed>,
https://www.hse.gov.uk/youngpeople/workexperience/index.htm,404,HTTP Error 404: Not Found,
https://www.irus.io,,<urlopen error [Errno 11001] getaddrinfo failed>,
https://www.jcq,,<urlopen error [Errno 11001] getaddrinfo failed>,
https://www.jcq.org.uk,403,HTTP Error 403: Forbidden,
https://www.jcq.org.uk/exams-,403,HTTP Error 403: Forbidden,
https://www.jcq.org.uk/exams-office/,403,HTTP Error 403: Forbidden,
https://www.jcq.org.uk/exams-office/malpractice,403,HTTP Error 403: Forbidden,
https://www.jcq.org.uk/exams-office/malpractice/,403,HTTP Error 403: Forbidden,
https://www.jcq.org.uk/exams-office/malpractice/plagiarism-in-,403,HTTP Error 403: Forbidden,
https://www.jcq.org.uk/malpractice,403,HTTP Error 403: Forbidden,
https://www.jcq.org.uk/wp-content/,403,HTTP Error 403: Forbidden,
https://www.jneb.org/article/S1499-4046(11)00648-8/abstract,403,HTTP Error 403: Forbidden,
https://www.megac,,<urlopen error [Errno 11001] getaddrinfo failed>,
https://www.megacheapprint.com,,<urlopen error [Errno 11001] getaddrinfo failed>,
https://www.ocr.org.uk/Images/253685-the-function-and-purpose-of-operating-systemsdelivery-guide.pdf,404,HTTP Error 404: Not Found,
https://www.pgonline.co.ukE,,<urlopen error [Errno 11001] getaddrinfo failed>,
https://www.technology,,"<urlopen error [SSL: CERTIFICATE_VERIFY_FAILED] certificate verify failed: Hostname mismatch, certificate is not valid for 'www.technology'. (_ssl.c:1032)>",
https://www.tianya.cn,,<urlopen error [Errno 11002] getaddrinfo failed>,
https://www.turnitin.com/solutions/topics/ai-,403,HTTP Error 403: Forbidden,
https://www.uk.indeed.com,,<urlopen error [Errno 11001] getaddrinfo failed>,
https://www.website.com/pizza.jpg,403,HTTP Error 403: Forbidden,
https://www.youtube.com/watch?v=DKzi5CYNFAg,429,HTTP Error 429: Too Many Requests,
https://www.youtube.com/watch?v=FmLOA06OmPY,429,HTTP Error 429: Too Many Requests,C:\Users\meggletona\UTC Sheffield\Computing Staff - General\Archives\Archive June 2026\Teaching Resources\Camb Tech Level 3\Unit 1\2023\Week14 - Redfields and Emergent Technology.pptx
https://www.youtube.com/watch?v=XkXNte4mzRc,429,HTTP Error 429: Too Many Requests,C:\Users\meggletona\UTC Sheffield\Computing Staff - General\Archives\Archive June 2026\Teaching Resources\Camb Tech Level 3\Unit 1\2023\Week14 - Redfields and Emergent Technology.pptx
https://www.youtube.com/watch?v=m01x91IB0lM,429,HTTP Error 429: Too Many Requests,
https://www.zodiaclaserprinting.com,,<urlopen error [Errno 11001] getaddrinfo failed>,
