url,block_reason,source_files
http://1.bp.blogspot.com/-,Blog/Forum,C:\Users\meggletona\UTC Sheffield\Science Team - Documents\General\2026-27\Lessons\Biology\Post 16\Assessments\Pastpapers\A2\2019\H420_01 QP Jun19_COPYRIGHT REDACTED.pdf
http://1.bp.blogspot.com/-tw7BXt9eG-8/VHANrYi9m4I/AAAAAAAAIak/n6baSOYOago/s1600/cyclic%2Bphotophosphorylation.jpg,Blog/Forum,C:\Users\meggletona\UTC Sheffield\Science Team - Documents\General\2026-27\Lessons\Biology\Post 16\Lessons\Archived\Module 5\Chapter 18\A5 Booklet Photosynthesis Notes final.docx|C:\Users\meggletona\UTC Sheffield\Science Team - Documents\General\2026-27\Lessons\Biology\Post 16\Lessons\Archived\Module 5\Chapter 18\Standard _ Photosynthesis Notes.docx|C:\Users\meggletona\UTC Sheffield\Science Team - Documents\General\2026-27\Lessons\Biology\Post 16\Lessons\Module 5 2025\18 - Respiration\A5 Booklet Photosynthesis Notes final.docx|C:\Users\meggletona\UTC Sheffield\Science Team - Documents\General\2026-27\Lessons\Biology\Post 16\Lessons\Module 5 2025\18 - Respiration\Standard _ Photosynthesis Notes.docx
http://1.bp.blogspot.com/_ZqSiUYOW1rY/Sl1QaxPGJBI/AAAAAAAAFvQ/9kdXedMOZHo/s400/Photosystems.png,Blog/Forum,C:\Users\meggletona\UTC Sheffield\Science Team - Documents\General\2026-27\Lessons\Biology\Post 16\Lessons\Archived\Module 5\Chapter 18\A5 Booklet Photosynthesis Notes final.docx|C:\Users\meggletona\UTC Sheffield\Science Team - Documents\General\2026-27\Lessons\Biology\Post 16\Lessons\Archived\Module 5\Chapter 18\Standard _ Photosynthesis Notes.docx|C:\Users\meggletona\UTC Sheffield\Science Team - Documents\General\2026-27\Lessons\Biology\Post 16\Lessons\Module 5 2025\18 - Respiration\A5 Booklet Photosynthesis Notes final.docx|C:\Users\meggletona\UTC Sheffield\Science Team - Documents\General\2026-27\Lessons\Biology\Post 16\Lessons\Module 5 2025\18 - Respiration\Standard _ Photosynthesis Notes.docx
http://2.bp.blogspot.com/-aLnrFZKa648/Uk5es0ltyRI/AAAAAAAAAFY/NLFB7jGpuqc/s1600/646px-Ribosome_mRNA_translation_en.svg.png,Blog/Forum,C:\Users\meggletona\UTC Sheffield\Science Team - Documents\General\2026-27\Lessons\Biology\Post 16\Lessons\Archived\Module 2\Chapter 4\LHeaton Lessons\Lesson 4 Enzymes.pptx
http://2.bp.blogspot.com/-no3oXE81GCE/TgQGXZLyhVI/AAAAAAAAJs8/sM6Ey8aVQVI/s1600/optical+isomers+3.jpg,Blog/Forum,"C:\Users\meggletona\UTC Sheffield\Science Team - Documents\General\2026-27\Lessons\Chemistry\Post 16\Module 6\27 Amines\27.2 Amino acids, Amides and Chirality.pptx"
http://2.bp.blogspot.com/_F4DSUSHHRxg/RopWd26-6tI/AAAAAAAAAEY/gq_vgdhi6b0/s1600/LeChatelier.jpg,Blog/Forum,C:\Users\meggletona\UTC Sheffield\Science Team - Documents\General\2026-27\Lessons\Chemistry\C5 Monitoring and Controlling Chemical Reactions\c5.3\C5.3.3. Choosing reaction conditions HIGHER.pptx|C:\Users\meggletona\UTC Sheffield\Science Team - Documents\General\2026-27\Lessons\Chemistry\Post 16\Module 3 Periodic table and energy\Chapter 10 reaction rates and equilibrium\10.4 Dynamic equilibrium and le Chatelier's principle.pptx|C:\Users\meggletona\UTC Sheffield\Science Team - Documents\General\2026-27\Lessons\Chemistry\Revision Lessons\Revision Lessons 2022_23\Chemistry Paper 2 Booster Session Higher.pptx|C:\Users\meggletona\UTC Sheffield\Science Team - Documents\General\2026-27\Lessons\Y11 Booster Lessons\Chemistry\Chemistry Paper 2 Booster Session Higher.pptx
http://3.bp.blogspot.com/-LgsuOHXc57M/TgveJVOIo-I/AAAAAAAAAPw/j6tazAu9MmQ/s1600/noncompetitive+inhibition.png,Blog/Forum,C:\Users\meggletona\UTC Sheffield\Science Team - Documents\General\2026-27\Lessons\Biology\Post 16\Lessons\Archived\Module 2\Chapter 4\LHeaton Lessons\Lesson 4 Enzymes.pptx
http://3.bp.blogspot.com/-lRHtu1lCUVI/U011V-L8zUI/AAAAAAAAAHg/vjYt9bzfyVQ/s1600/Enzymes+Types.png,Blog/Forum,C:\Users\meggletona\UTC Sheffield\Science Team - Documents\General\2026-27\Lessons\Biology\Post 16\Lessons\Archived\Module 2\Chapter 4\LHeaton Lessons\Lesson 4 Enzymes.pptx
http://3dprintingindustry.com/wp-content/uploads/2014/08/3D-printed-cart-for-disabled-chihuahua-turbo.png,Blog/Forum,C:\Users\meggletona\UTC Sheffield\Computing Staff - General\Archives\Archive July 2026\Teaching Resources\Y9 IT\2024 - 2025\Data and Excel skills (Prefect)\Week 1 - 3D printing in industry.pptx
http://4.bp.blogspot.com/-NodGhzsaReo/UGQRfq5cOvI/AAAAAAAAB4M/zOd5XaGM8pU/s1600/hello_in_many_languages_580.png,Blog/Forum,C:\Users\meggletona\UTC Sheffield\Computing Staff - General\Archives\Archive July 2026\Teaching Resources\Y9 Computer Science\2024-2025\BBC BASIC\Getting started with BBC Basic\L1 - HelloWorld and Shapes in BBC Basic.pptx|C:\Users\meggletona\UTC Sheffield\Computing Staff - General\Archives\Archive July 2026\Teaching Resources\Y9 Computer Science\2025-2026\BBC Basic & Coding\BBC Basic Skills\1 & 2) Shapes and Maths.pptx
http://4.bp.blogspot.com/-Xm6HU-1zfxc/TyHilN_MkKI/AAAAAAAABBw/XlhIHrpvUu0/s1600/molecules-and+-atoms.gif,Blog/Forum,"C:\Users\meggletona\UTC Sheffield\Science Team - Documents\General\2026-27\Lessons\Chemistry\C0 Y9\C0 13 elements, compounds and molecules.pptx|C:\Users\meggletona\UTC Sheffield\Science Team - Documents\General\2026-27\Lessons\Chemistry\C0 Y9\C0 5 Atomic structure.pptx"
http://9to5google.files.wordpress.com/2013/03/happy-5th-birthday-youtube-501ecffedf.jpg,Blog/Forum,C:\Users\meggletona\UTC Sheffield\Computing Staff - General\Archives\Archive July 2026\Teaching Resources\Camb Tech Level 3\Unit 1\2023\Week14 - Redfields and Emergent Technology.pptx
http://arduino.esp8266.com/stable/package_esp8266com_index.json,Blog/Forum,C:\Users\meggletona\UTC Sheffield\Computing Staff - General\Archives\Archive July 2026\Teaching Resources\Camb Tech Level 3\Unit 14\GUI Components Redux wkxx.pptx|C:\Users\meggletona\UTC Sheffield\Computing Staff - General\Archives\Archive July 2026\Teaching Resources\Camb Tech Level 3\Unit 14\GUI Components wkxx.pptx
http://bigdata-madesimple.com/5-advantages-and-disadvantages-of-cloud-storage/,Blog/Forum,"C:\Users\meggletona\UTC Sheffield\Computing Staff - General\Archives\Archive July 2026\Teaching Resources\Camb Tech Level 3\Unit 7\WVR\Admin (Course Handbook, etc)\Delivery Guide - Data analysis and design.pdf"
http://bio1151.nicerweb.com/Locked/media/ch06/06_21MotorProteins-L.jpg,Adult Content,C:\Users\meggletona\UTC Sheffield\Science Team - Documents\General\2026-27\Lessons\Biology\Post 16\Lessons\Archived\Module 2\Chapter 4\LHeaton Lessons\Lesson 4 Enzymes.pptx
http://bio1151.nicerweb.com/Locked/media/ch08/08_16EnzymeInducedFit_L.jpg,Adult Content,C:\Users\meggletona\UTC Sheffield\Science Team - Documents\General\2026-27\Lessons\Biology\Post 16\Lessons\Archived\Module 2\Chapter 4\LHeaton Lessons\Lesson 4 Enzymes.pptx
http://bio1152.nicerweb.com/Locked/media/ch10/10_19C4Pathway.jpg,Adult Content,C:\Users\meggletona\UTC Sheffield\Science Team - Documents\General\2026-27\Lessons\Biology\Post 16\Lessons\Archived\Module 5\Chapter 17\Energy for Biological Processes Ch. 17\Lesson 9 Factors affecting photosynthesis 17.4.pptx
http://biology-forums.com/gallery/2056_04_05_12_10_25_56.jpeg,Blog/Forum,C:\Users\meggletona\UTC Sheffield\Science Team - Documents\General\2026-27\Lessons\Biology\Post 16\Lessons\Archived\Module 5\Chapter 17\17.2 ATP Synthesis.pptx|C:\Users\meggletona\UTC Sheffield\Science Team - Documents\General\2026-27\Lessons\Biology\Post 16\Lessons\Archived\Module 5\Chapter 17\Energy for Biological Processes Ch. 17\Lesson 7 Energy Cycles and ATP Synthesis 17.1 and 17.2.pptx
http://biology-forums.com/gallery/33_20_06_11_5_47_59.jpeg,Blog/Forum,C:\Users\meggletona\UTC Sheffield\Science Team - Documents\General\2026-27\Lessons\Biology\Post 16\Lessons\Archived\Module 2\Chapter 4\LHeaton Lessons\Lesson 4 Enzymes.pptx
http://bit.ly/ESAonFacebook&#xA;On,Social Networking,C:\Users\meggletona\UTC Sheffield\Computing Staff - General\Archives\Archive July 2026\Teaching Resources\Y9 IT\2024 - 2025\Astro Pi Challenge\AstroPi Challenge 2024-25.pptx
http://bit.ly/ESAonInstagram&#xA;On,Social Networking,C:\Users\meggletona\UTC Sheffield\Computing Staff - General\Archives\Archive July 2026\Teaching Resources\Y9 IT\2024 - 2025\Astro Pi Challenge\AstroPi Challenge 2024-25.pptx
http://bit.ly/ESAonTwitter&#xA;On,Social Networking,C:\Users\meggletona\UTC Sheffield\Computing Staff - General\Archives\Archive July 2026\Teaching Resources\Y9 IT\2024 - 2025\Astro Pi Challenge\AstroPi Challenge 2024-25.pptx
http://bluesquarething.co.uk/geography/kite.htm,Blog/Forum,C:\Users\meggletona\UTC Sheffield\Science Team - Documents\General\2026-27\Lessons\Biology\Post 16\Assessments\Practical Endorsement\PAG Documents OCR\PAG 3\PAG3.2 Teacher Distribution and Abundance of Plants_v2.0.docx|C:\Users\meggletona\UTC Sheffield\Science Team - Documents\General\2026-27\Lessons\Biology\Post 16\Assessments\Practical Endorsement\PAG3.2\PAG3.2 Teacher Distribution and Abundance of Plants_v2.0.docx
http://chrisbiology.blogspot.co.uk/2012/02/58-interpret-and-label-diagram-of.html,Blog/Forum,C:\Users\meggletona\UTC Sheffield\Science Team - Documents\General\2026-27\Lessons\Applied Science\Old Applied Science Qualification\18 - Microbiology Delivery Guide.pdf
http://cool-timer.en.uptodown.com,Software Download,"C:\Users\meggletona\UTC Sheffield\Computing Staff - General\Archives\Archive July 2026\Teaching Resources\AAQ Application Development\F160 Fundamentals of application development\Topic area 2 - Software development models\The Tower Game\The Tower Game - Manual.pdf|C:\Users\meggletona\UTC Sheffield\Computing Staff - General\Archives\Archive July 2026\Teaching Resources\T-Levels\2025 - 2026 Year 1 (Software Development)\ESP\HCH - Task 1 (planning)\The Tower Game\The Tower Game - Manual.pdf|C:\Users\meggletona\UTC Sheffield\Computing Staff - General\Archives\Archive July 2026\Teaching Resources\T-Levels\Content bank\2024 - 2025 lessons and content (Production, Design and Development)\Unit 5 - Business context\5.1 The business environment\5.1.4 The Tower Game\The Tower Game - Manual.pdf"
http://cool-timer.en.uptodown.com/,Software Download,"C:\Users\meggletona\UTC Sheffield\Computing Staff - General\Archives\Archive July 2026\Teaching Resources\AAQ Application Development\F160 Fundamentals of application development\Topic area 2 - Software development models\The Tower Game\The Tower Game - Presentation.pptx|C:\Users\meggletona\UTC Sheffield\Computing Staff - General\Archives\Archive July 2026\Teaching Resources\T-Levels\2025 - 2026 Year 1 (Software Development)\ESP\HCH - Task 1 (planning)\The Tower Game\The Tower Game - Presentation.pptx|C:\Users\meggletona\UTC Sheffield\Computing Staff - General\Archives\Archive July 2026\Teaching Resources\T-Levels\Content bank\2024 - 2025 lessons and content (Production, Design and Development)\Unit 5 - Business context\5.1 The business environment\5.1.4 The Tower Game\The Tower Game - Presentation.pptx"
http://deredactie.be/cm/vrtnieuws.english/Politics/1.2065775,Streaming &amp; Downloadable Video,C:\Users\meggletona\UTC Sheffield\Computing Staff - General\Archives\Archive July 2026\Teaching Resources\Camb Tech Level 3\Unit 1\2023\Week12 - Computer Disposal - student.pptx|C:\Users\meggletona\UTC Sheffield\Computing Staff - General\Archives\Archive July 2026\Teaching Resources\Camb Tech Level 3\Unit 1\2023\Week12 - Computer Disposal.pptx
http://fc00.deviantart.com/fs15/i/2007/113/0/0/Evening_at_Rydal_Water_by_scotto.jpg,Adult Content,C:\Users\meggletona\UTC Sheffield\Science Team - Documents\General\2026-27\Lessons\Biology\Post 16\Lessons\Archived\Module 4\Chapter 11\11.7.8 Maintaning biodiversity.pptx|C:\Users\meggletona\UTC Sheffield\Science Team - Documents\General\2026-27\Lessons\Biology\Post 16\Lessons\Module 4\Chapter 11\11.7.8 Maintaning biodiversity.pptx
http://fernfortuniversity.com/term-papers/swot/nyse/6900-tesco-plc.php,Cheating/Plagarism,"C:\Users\meggletona\UTC Sheffield\Computing Staff - General\Archives\Archive July 2026\Teaching Resources\T-Levels\Content bank\2024 - 2025 lessons and content (Production, Design and Development)\Resources\data-intro-powerpoint.pptx"
http://futureofworking.com/10-advantages-and-disadvantages-of-gmos/,Blog/Forum,C:\Users\meggletona\UTC Sheffield\Science Team - Documents\General\2026-27\Lessons\Applied Science\Old Applied Science Qualification\18 - Microbiology Delivery Guide.pdf
http://geekgirls.com/2011/09/databases-from-scratch-iii-relational-design-process/,Blog/Forum,"C:\Users\meggletona\UTC Sheffield\Computing Staff - General\Archives\Archive July 2026\Teaching Resources\ALevel Computing\Project\A Level  CS IT Design - Normalisation.pptx|C:\Users\meggletona\UTC Sheffield\Computing Staff - General\Archives\Archive July 2026\Teaching Resources\T-Levels\2025 - 2026 Year 2 (Production, Design and Development)\DPA\Part 3 - ToDoList Web Project\T2_WK07_DATA_ER_and_Normalisation.pptx|C:\Users\meggletona\UTC Sheffield\Computing Staff - General\Archives\Archive July 2026\Teaching Resources\T-Levels\2025 - 2026 Year 2 (Production, Design and Development)\DPA\Part 4 OSC Practice\OSC_Data.pptx"
http://gommavulcanizzata.deviantart.com/art/Inkscape-Lightbulb-94339717,Adult Content,C:\Users\meggletona\UTC Sheffield\Science Team - Documents\General\2026-27\Lessons\Physics\P7 Energy\P7.2 Power and Efficiency\Old PowerPoints\OLD P7.2.5 Efficiency.pptx
http://how-tofind.com/tube/2D6vtgwZvn0/mobile-device-security-comptia-,Parked Domains,C:\Users\meggletona\UTC Sheffield\Computing Staff - General\Archives\Archive July 2026\Teaching Resources\Camb Tech Level 3\Unit 3\OCR-cybersecurity delivery guide.pdf
http://i.dailymail.co.uk/i/pix/2009/04/20/article-0-02A68C8A000005DC-367_306x423.jpg,Streaming &amp; Downloadable Video,C:\Users\meggletona\UTC Sheffield\Science Team - Documents\General\2026-27\Lessons\Physics\P2 Forces\P2.2 Newton's Laws\P2.2.6a Momentum.pptx|C:\Users\meggletona\UTC Sheffield\Science Team - Documents\General\2026-27\Lessons\Physics\Revision Lessons\Paper One\Paper 1 Revision - P1 and P2.pptx|C:\Users\meggletona\UTC Sheffield\Science Team - Documents\General\2026-27\Lessons\Physics\Revision Lessons\Physics Assessment 7 Revision P1 and P2.pptx
http://i.dailymail.co.uk/i/pix/2014/08/18/1408368553550_wps_8_Pictured_is_Turbo_Roo_wit.jpg,Streaming &amp; Downloadable Video,C:\Users\meggletona\UTC Sheffield\Computing Staff - General\Archives\Archive July 2026\Teaching Resources\Y9 IT\2024 - 2025\Data and Excel skills (Prefect)\Week 1 - 3D printing in industry.pptx
http://i.huffpost.com/gen/1393583/thumbs/o-CLIMATE-CHANGE-CORAL-900.jpg?6,Streaming &amp; Downloadable Video,C:\Users\meggletona\UTC Sheffield\Science Team - Documents\General\2026-27\Lessons\Biology\Post 16\Lessons\Archived\Module 4\Chapter 11\11.7.8 Maintaning biodiversity.pptx|C:\Users\meggletona\UTC Sheffield\Science Team - Documents\General\2026-27\Lessons\Biology\Post 16\Lessons\Module 4\Chapter 11\11.7.8 Maintaning biodiversity.pptx
http://images.wisegeek.com/raw-iron-ore-nuggets.jpg,Blog/Forum,C:\Users\meggletona\UTC Sheffield\Science Team - Documents\General\2026-27\Lessons\Chemistry\C6 Global Challenges\C6.1 improving processes and products\C6.1 Revision combined.pptx|C:\Users\meggletona\UTC Sheffield\Science Team - Documents\General\2026-27\Lessons\Chemistry\C6 Global Challenges\C6.1 improving processes and products\C6.1 Revision.pptx|C:\Users\meggletona\UTC Sheffield\Science Team - Documents\General\2026-27\Lessons\Chemistry\C6 Global Challenges\C6.1 improving processes and products\C6.1.6 Extracting metals.pptx
http://indianexpress.com/article/india/india-news-india/anupriya-patel-cabinet-reshuffle-fake-twitter-handle-2898411/,Streaming &amp; Downloadable Video,C:\Users\meggletona\UTC Sheffield\Computing Staff - General\Archives\Archive July 2026\Teaching Resources\Camb Tech Level 3\Unit 1\2023\Week12 - Computer Disposal - student.pptx|C:\Users\meggletona\UTC Sheffield\Computing Staff - General\Archives\Archive July 2026\Teaching Resources\Camb Tech Level 3\Unit 1\2023\Week12 - Computer Disposal.pptx
http://matchthememory.com/hazardpictograms,Games,C:\Users\meggletona\UTC Sheffield\Science Team - Documents\General\2026-27\Lessons\Applied Science\Old Applied Science Qualification\6 - Control of Hazards Delivery Guide.pdf
http://mrmackenzie.co.uk/wp-content/uploads/2010/11/Z1-213x300.jpg,Blog/Forum,C:\Users\meggletona\UTC Sheffield\Science Team - Documents\General\2026-27\Lessons\Applied Science\Old Applied Science Qualification\Module 2 - Lab Techniques\4.2 Enhanced Visual Examination Techniques.pptx
http://oldcomputers.net/pics/kim1-a.jpg,Blog/Forum,C:\Users\meggletona\UTC Sheffield\Computing Staff - General\Archives\Archive July 2026\Teaching Resources\ALevel Computing\Comp2\2024\WK04 - Language Characteristics.pptx|C:\Users\meggletona\UTC Sheffield\Computing Staff - General\Archives\Archive July 2026\Teaching Resources\ALevel Computing\Comp2\2024\WK07 - Fundamentals of Programming 07 Language Generations.pptx|C:\Users\meggletona\UTC Sheffield\Computing Staff - General\Archives\Archive July 2026\Teaching Resources\ALevel Computing\Comp2\2024\WK11 - Language Characteristics.pptx|C:\Users\meggletona\UTC Sheffield\Computing Staff - General\Archives\Archive July 2026\Teaching Resources\ALevel Computing\Comp2\Year12\WK10 - Fundamentals of Programming 07 Language Generations.pptx|C:\Users\meggletona\UTC Sheffield\Computing Staff - General\Archives\Archive July 2026\Teaching Resources\ALevel Computing\Comp2\Year12\WK11 - Language Characteristics.pptx
http://papers.xtremepapers.com/CIE/Cambridge%20International%20A%20and%20AS%20Level/Chemistry%20(9701)/9701_nos_ps_3.pdf,Blog/Forum,C:\Users\meggletona\UTC Sheffield\Science Team - Documents\General\2026-27\Lessons\Chemistry\Post 16\Practical Endorsement\PAGs\GCE_Chemistry_PAG12 12.1\Chemistry PAG 12.1 Teacher v3.0.docx
http://philschatz.com/biology-book/resources/Figure_04_03_08.jpg,Blog/Forum,C:\Users\meggletona\UTC Sheffield\Science Team - Documents\General\2026-27\Lessons\Biology\Post 16\Lessons\Archived\Module 2\Chapter 2 CSL\LHeaton Lessons\Cytoskeleton and end of topic test.pptx
http://photos1.blogger.com/blogger/3193/2360/1600/thylakoid.jpg,Blog/Forum,C:\Users\meggletona\UTC Sheffield\Science Team - Documents\General\2026-27\Lessons\Biology\Post 16\Lessons\Archived\Module 5\Chapter 17\17.2 ATP Synthesis.pptx|C:\Users\meggletona\UTC Sheffield\Science Team - Documents\General\2026-27\Lessons\Biology\Post 16\Lessons\Archived\Module 5\Chapter 17\Energy for Biological Processes Ch. 17\Lesson 7 Energy Cycles and ATP Synthesis 17.1 and 17.2.pptx
http://pingmag.jp/images/article/storyboard05.jpg,Gambling,C:\Users\meggletona\UTC Sheffield\Computing Staff - General\Archives\Archive July 2026\Teaching Resources\NCFE\Unit 1\LO1\7 - Creative Processes.pptx
http://programarcadegames.com/index.php,Games,"C:\Users\meggletona\UTC Sheffield\Computing Staff - General\Archives\Archive July 2026\Teaching Resources\T-Levels\Content bank\2024 - 2025 lessons and content (Production, Design and Development)\Resources\t-level-digital-core-sow.docx"
http://richannel.org/christmas-lectures/2012/peter-wothers,Streaming &amp; Downloadable Video,C:\Users\meggletona\UTC Sheffield\Science Team - Documents\General\2026-27\Lessons\Applied Science\Old Applied Science Qualification\Module 1 - Science Fundamentals\1 - Science Fundementals Delivery Guide.pdf
http://softwaretestingfundamentals.com/black-box-testing/,Gambling,"C:\Users\meggletona\UTC Sheffield\Computing Staff - General\Archives\Archive July 2026\Teaching Resources\T-Levels\Content bank\2024 - 2025 lessons and content (Production, Design and Development)\Unit 1, 2 Problem Solving and Programming\2024\wk12_Developing Software - Testing with Tasks.pptx"
http://softwaretestingfundamentals.com/system-testing/,Gambling,"C:\Users\meggletona\UTC Sheffield\Computing Staff - General\Archives\Archive July 2026\Teaching Resources\T-Levels\Content bank\2024 - 2025 lessons and content (Production, Design and Development)\Resources\testing-intro-powerpoint.pptx"
http://softwaretestingfundamentals.com/test-,Gambling,"C:\Users\meggletona\UTC Sheffield\Computing Staff - General\Archives\Archive July 2026\Teaching Resources\T-Levels\Content bank\2024 - 2025 lessons and content (Production, Design and Development)\Resources\intro-to-programming-topic-lesson-plans.pdf"
"http://softwaretestingfundamentals.com/unit-testing/#:~:text=UNIT%20TESTING%20is%20a%20level,and%20usually%20a%20single%20output",Gambling,"C:\Users\meggletona\UTC Sheffield\Computing Staff - General\Archives\Archive July 2026\Teaching Resources\T-Levels\Content bank\2024 - 2025 lessons and content (Production, Design and Development)\Resources\testing-intro-powerpoint.pptx"
http://techblog.netflix.com/2016/02/recommending-for-world.html,Streaming &amp; Downloadable Video,C:\Users\meggletona\UTC Sheffield\Computing Staff - General\Archives\Archive July 2026\Teaching Resources\ALevel Computing\Comp1\Unit 9 Legal-moral-ethical-and-cultural-issues\Unit 9 Legal and cultural issues\T3 Privacy and censorship\Unit 9 Worksheet 3 Answers.docx
http://timetoeatthedogs.files.wordpress.com/2009/12/gray-wolf.jpg,Streaming &amp; Downloadable Video,C:\Users\meggletona\UTC Sheffield\Science Team - Documents\General\2026-27\Lessons\Biology\Post 16\Lessons\Archived\Module 4\Chapter 11\11.7.8 Maintaning biodiversity.pptx|C:\Users\meggletona\UTC Sheffield\Science Team - Documents\General\2026-27\Lessons\Biology\Post 16\Lessons\Module 4\Chapter 11\11.7.8 Maintaning biodiversity.pptx
http://weightology.net/weightologyweekly/wp-content/uploads/2010/07/Physically-Active-Energy-Expenditure1.png,Blog/Forum,C:\Users\meggletona\UTC Sheffield\Science Team - Documents\General\2026-27\Lessons\Biology\Post 16\Lessons\Archived\Module 5\Chapter 17\Energy for Biological Processes Ch. 17\Lesson 7 Energy Cycles and ATP Synthesis 17.1 and 17.2.pptx
http://worldartsme.com/images/bald-cartoon-faces-clipart-1.jpg,Parked Domains,C:\Users\meggletona\UTC Sheffield\Science Team - Documents\General\2026-27\Lessons\Applied Science\AAQ Applied Science\Unit F180 Fundamentals of science\Biology\1.1.2-Cell-Specialisation--Animals-PFR.pptx
http://www.aendom.com/,Blog/Forum,C:\Users\meggletona\UTC Sheffield\Computing Staff - General\Archives\Archive July 2026\Teaching Resources\Y9 IT\2025 - 2026\Blender\L4 Complex models and colours\L4 Complex models and colours.pptx
http://www.agricorner.com/wp-content/uploads/2013/12/sugar-cane-and-sugar-beet1.jpg,Parked Domains,C:\Users\meggletona\UTC Sheffield\Science Team - Documents\General\2026-27\Lessons\Chemistry\C6 Global Challenges\C6.1 improving processes and products\C6.1 Revision.pptx|C:\Users\meggletona\UTC Sheffield\Science Team - Documents\General\2026-27\Lessons\Chemistry\C6 Global Challenges\C6.1 improving processes and products\C6.1.5 ethanol TH.pptx
http://www.ambysoft.com/essays/agileLifecycle.html,Blog/Forum,C:\Users\meggletona\UTC Sheffield\Computing Staff - General\Archives\Archive July 2026\Teaching Resources\Camb Tech Level 3\Unit 8 and 9\Sample Work\Unit 9 LO1.docx
http://www.badscience.net/,Blog/Forum,C:\Users\meggletona\UTC Sheffield\Science Team - Documents\General\2026-27\Lessons\Biology\Post 16\Assessments\Practical Endorsement\PAG12.3\Harvard Referencing guide-2022.pdf
http://www.badscience.net/2008/05/dore-the-medias-miracle-cure-for-,Blog/Forum,C:\Users\meggletona\UTC Sheffield\Science Team - Documents\General\2026-27\Lessons\Biology\Post 16\Assessments\Practical Endorsement\PAG12.3\Harvard Referencing guide-2022.pdf
http://www.brainbashers.com/showpuzzles.asp?formpost=Y&amp;field=ctop10a&amp;page=1&amp;puzzletext=A,Games,C:\Users\meggletona\UTC Sheffield\Computing Staff - General\Archives\Archive July 2026\Teaching Resources\ALevel Computing\Comp1\Unit 10 Computational Thinking - MEG\Topic 5 Problem recognition\Computational thinking Homework 5 Answers.docx|C:\Users\meggletona\UTC Sheffield\Computing Staff - General\Archives\Archive July 2026\Teaching Resources\ALevel Computing\Comp1\Unit 10 Computational Thinking\Topic 5 Problem recognition\Computational thinking Homework 5 Answers.docx
http://www.chemistryrules.me.uk/images/titration.png,Gambling,C:\Users\meggletona\UTC Sheffield\Science Team - Documents\General\2026-27\Lessons\Chemistry\C5 Monitoring and Controlling Chemical Reactions\c5.1\C5.1.5+6 Titrations + calculations TH RP.pptx
http://www.cix.co.uk/~argus/shoresurvey_copy.jpg,Blog/Forum,C:\Users\meggletona\UTC Sheffield\Science Team - Documents\General\2026-27\Lessons\Biology\Post 16\Lessons\Archived\Module 4\Chapter 11\11.1 11.2 Biodiversity _ Sampling.pptx|C:\Users\meggletona\UTC Sheffield\Science Team - Documents\General\2026-27\Lessons\Biology\Post 16\Lessons\Module 4\Chapter 11\11.1 11.2 Biodiversity _ Sampling.pptx
http://www.cpcmania.com/My-Games/covers/big/Gauntlet%20II.jpg,Games,C:\Users\meggletona\UTC Sheffield\Computing Staff - General\Archives\Archive July 2026\Teaching Resources\Camb Tech Level 3\Unit 1\2023\Week07 - Protocols.pptx
http://www.ecouterre.com/wp-content/uploads/2010/05/iron-man-2-movie-1.jpg,Streaming &amp; Downloadable Video,C:\Users\meggletona\UTC Sheffield\Computing Staff - General\Archives\Archive July 2026\Teaching Resources\Y9 IT\2024 - 2025\Data and Excel skills (Prefect)\Week 1 - 3D printing in industry.pptx
http://www.ellenjmchenry.com/homeschool-freedownloads/lifesciences-games/documents/,Streaming &amp; Downloadable Video,C:\Users\meggletona\UTC Sheffield\Science Team - Documents\General\2026-27\Lessons\Applied Science\Old Applied Science Qualification\6 - Control of Hazards Delivery Guide.pdf
http://www.energylens.com/articles/kw-and-kwh,Software Download,C:\Users\meggletona\UTC Sheffield\Science Team - Documents\General\2026-27\Lessons\Applied Science\Old Applied Science Qualification\Module 1 - Science Fundamentals\1 - Science Fundementals Delivery Guide.pdf
http://www.facebook.com/sebvandenbrink&#xA;▶,Social Networking,C:\Users\meggletona\UTC Sheffield\Computing Staff - General\Archives\Archive July 2026\Teaching Resources\Y10 GCSE Computer Science\Paper 1\1.2 - Storage and Data Rep - to update\3) 1.2.2 - Secondary Storage\1.2.2 - Secondary Storage.pptx|C:\Users\meggletona\UTC Sheffield\Computing Staff - General\Archives\Archive July 2026\Teaching Resources\Y11 GCSE Computer Science\Paper 1\1.2 - Storage and Data Rep\3) 1.2.2 - Secondary Storage\1.2.2 - Secondary Storage.pptx
http://www.facebook.com/u/sebasvandenbrink&#xA;▶,Social Networking,C:\Users\meggletona\UTC Sheffield\Computing Staff - General\Archives\Archive July 2026\Teaching Resources\Y10 GCSE Computer Science\Paper 1\1.2 - Storage and Data Rep - to update\3) 1.2.2 - Secondary Storage\1.2.2 - Secondary Storage.pptx|C:\Users\meggletona\UTC Sheffield\Computing Staff - General\Archives\Archive July 2026\Teaching Resources\Y11 GCSE Computer Science\Paper 1\1.2 - Storage and Data Rep\3) 1.2.2 - Secondary Storage\1.2.2 - Secondary Storage.pptx
http://www.frankswebspace.org.uk/ScienceAndMaths/chemistry/alloy_files/atomLayers2.gif,Parked Domains,C:\Users\meggletona\UTC Sheffield\Science Team - Documents\General\2026-27\Lessons\Chemistry\C6 Global Challenges\C6.1 improving processes and products\C6.1.7 Blast furnace.pptx
http://www.freevideogamesonline.org/,Games,C:\Users\meggletona\UTC Sheffield\Computing Staff - General\Archives\Archive July 2026\Teaching Resources\Camb Tech Level 3\Unit 15 - Games Design and Prototyping\Sample Tasks from OCR.pdf
http://www.glutenfreehelp.info/wp-content/uploads/2010/08/EnzymeExample.jpg,Blog/Forum,C:\Users\meggletona\UTC Sheffield\Science Team - Documents\General\2026-27\Lessons\Biology\Post 16\Lessons\Archived\Module 2\Chapter 4\LHeaton Lessons\Lesson 4 Enzymes.pptx
http://www.helpsavetheclimate.com/chloroplast1.gif,Gambling,C:\Users\meggletona\UTC Sheffield\Science Team - Documents\General\2026-27\Lessons\Biology\Post 16\Lessons\Archived\Module 2\Chapter 2 CSL\LHeaton Lessons\Cell Ultrastructure LH.pptx
http://www.huffingtonpost.co.uk/david-emm/security-risks-facing-financial-,Streaming &amp; Downloadable Video,C:\Users\meggletona\UTC Sheffield\Computing Staff - General\Archives\Archive July 2026\Teaching Resources\Camb Tech Level 3\Unit 3\OCR-cybersecurity delivery guide.pdf
http://www.huffingtonpost.co.uk/news/cybersecurity/,Streaming &amp; Downloadable Video,C:\Users\meggletona\UTC Sheffield\Computing Staff - General\Archives\Archive July 2026\Teaching Resources\Camb Tech Level 3\Unit 3\OCR-cybersecurity delivery guide.pdf
http://www.huffingtonpost.com/greg-perreault/why-do-we-love-video-game_b_4740425.html,Streaming &amp; Downloadable Video,C:\Users\meggletona\UTC Sheffield\Computing Staff - General\Archives\Archive July 2026\Teaching Resources\Camb Tech Level 3\Unit 15 - Games Design and Prototyping\Sample Tasks from OCR.pdf
http://www.infogineering.net/data-information-knowledge.htm,Blog/Forum,"C:\Users\meggletona\UTC Sheffield\Computing Staff - General\Archives\Archive July 2026\Teaching Resources\T-Levels\Content bank\2024 - 2025 lessons and content (Production, Design and Development)\Resources\data-ind-resource-links.pdf"
http://www.instagram.com/sebvandenbrink&#xA;&#xA;Sources:&#xA;https://en.wikipedia.org/wiki/Optical_disc&#xA;http://electronics.howstuffworks.com/blu-ray1.htm&#xA;http://www.explainthatstuff.com/cdplayers.html,Social Networking,C:\Users\meggletona\UTC Sheffield\Computing Staff - General\Archives\Archive July 2026\Teaching Resources\Y10 GCSE Computer Science\Paper 1\1.2 - Storage and Data Rep - to update\3) 1.2.2 - Secondary Storage\1.2.2 - Secondary Storage.pptx|C:\Users\meggletona\UTC Sheffield\Computing Staff - General\Archives\Archive July 2026\Teaching Resources\Y11 GCSE Computer Science\Paper 1\1.2 - Storage and Data Rep\3) 1.2.2 - Secondary Storage\1.2.2 - Secondary Storage.pptx
http://www.kansascity.com/2012/01/28/3397752/phony-science-is-a-growing-concern.html,Streaming &amp; Downloadable Video,C:\Users\meggletona\UTC Sheffield\Science Team - Documents\General\2026-27\Lessons\Applied Science\Old Applied Science Qualification\Module 21 Lessons\21.1 Regulations.pptx
http://www.losandes.com.ar/fotografias/fotosnoticias/2011/9/2/int-408355.jpg,Streaming &amp; Downloadable Video,"C:\Users\meggletona\UTC Sheffield\Computing Staff - General\Archives\Archive July 2026\Teaching Resources\AAQ Application Development\F160 Fundamentals of application development\Topic area 2 - Software development models\The Tower Game\The Tower Game - Presentation.pptx|C:\Users\meggletona\UTC Sheffield\Computing Staff - General\Archives\Archive July 2026\Teaching Resources\T-Levels\2025 - 2026 Year 1 (Software Development)\ESP\HCH - Task 1 (planning)\The Tower Game\The Tower Game - Presentation.pptx|C:\Users\meggletona\UTC Sheffield\Computing Staff - General\Archives\Archive July 2026\Teaching Resources\T-Levels\Content bank\2024 - 2025 lessons and content (Production, Design and Development)\Unit 5 - Business context\5.1 The business environment\5.1.4 The Tower Game\The Tower Game - Presentation.pptx"
http://www.microbe.net/wp-content/uploads/2011/06/2000px-Phylogenetic_tree_scientific_names.svg_.png,Blog/Forum,C:\Users\meggletona\UTC Sheffield\Science Team - Documents\General\2026-27\Lessons\Biology\Post 16\Lessons\Archived\Module 4\Chapter 10\LHeaton Lessons\10.3 Phylogeny.pptx|C:\Users\meggletona\UTC Sheffield\Science Team - Documents\General\2026-27\Lessons\Biology\Post 16\Lessons\Module 4\Chapter 10\LHeaton Lessons\10.3 Phylogeny.pptx
http://www.nicerweb.com/bio1151/Locked/media/ch08/08_17CatalyticCycle.jpg,Adult Content,C:\Users\meggletona\UTC Sheffield\Science Team - Documents\General\2026-27\Lessons\Biology\Post 16\Lessons\Archived\Module 2\Chapter 4\Chapter 4 4_2 Factors Affecting Enzyme Activity.pptx|C:\Users\meggletona\UTC Sheffield\Science Team - Documents\General\2026-27\Lessons\Biology\Post 16\Lessons\Archived\Module 2\Chapter 4\LHeaton Lessons\Lesson 4 Enzymes.pptx|C:\Users\meggletona\UTC Sheffield\Science Team - Documents\General\2026-27\Lessons\Biology\Post 16\Lessons\Module 2 2025\Chapter 4\Chapter 4 4_2 Factors Affecting Enzyme Activity JTO.pptx
http://www.nuffieldfoundation.org/practical-biology,Blog/Forum,C:\Users\meggletona\UTC Sheffield\Science Team - Documents\General\2026-27\Lessons\Applied Science\AAQ Applied Science\Unit F180 Fundamentals of science\Biology\Practical skills booklet F180 Biology.docx
http://www.nuffieldfoundation.org/practical-biology/aseptic-techniques,Blog/Forum,C:\Users\meggletona\UTC Sheffield\Science Team - Documents\General\2026-27\Lessons\Applied Science\Old Applied Science Qualification\18 - Microbiology Delivery Guide.pdf
http://www.nuffieldfoundation.org/practical-biology/standard-techniques,Blog/Forum,C:\Users\meggletona\UTC Sheffield\Science Team - Documents\General\2026-27\Lessons\Applied Science\Old Applied Science Qualification\2 - Lab Techniques Delivery Guide.pdf
http://www.nuffieldfoundation.org/practical-chemistry/polymers-,Blog/Forum,C:\Users\meggletona\UTC Sheffield\Science Team - Documents\General\2026-27\Lessons\Applied Science\Old Applied Science Qualification\Module 1 - Science Fundamentals\1 - Science Fundementals Delivery Guide.pdf
http://www.nuffieldfoundation.org/practical-chemistry/preparing-salts-neutralisation-oxides-and-carbonates,Blog/Forum,C:\Users\meggletona\UTC Sheffield\Science Team - Documents\General\2026-27\Lessons\Chemistry\Post 16\Practical Endorsement\PAGs\GCE_Chemistry_PAG1 1.2\Chemistry PAG 1.2 Teacher v3.0.docx
http://www.nuffieldfoundation.org/sites/default/files/PB_fieldwork-using-your-school-playing-field-1.jpg,Blog/Forum,C:\Users\meggletona\UTC Sheffield\Science Team - Documents\General\2026-27\Lessons\Biology\Post 16\Assessments\Practical Endorsement\PAG Documents OCR\PAG 3\PAG3.1 Student The calculation of species diversity_v2.0.docx|C:\Users\meggletona\UTC Sheffield\Science Team - Documents\General\2026-27\Lessons\Biology\Post 16\Lessons\Archived\Module 4\Chapter 11\11.1 11.2 Biodiversity _ Sampling.pptx|C:\Users\meggletona\UTC Sheffield\Science Team - Documents\General\2026-27\Lessons\Biology\Post 16\Lessons\Module 4\Chapter 11\11.1 11.2 Biodiversity _ Sampling.pptx
http://www.nuffieldfoundation.org/sites/default/files/images/Falling%20through%20water_342.jpg,Blog/Forum,C:\Users\meggletona\UTC Sheffield\Science Team - Documents\General\2026-27\Lessons\Biology\Post 16\Assessments\Practical Endorsement\PAG Documents OCR\PAG 6\PAG6.1 Student Identification of amino acids by paper chromatography_v2.0.docx
http://www.nuffieldfoundation.org/sites/default/files/images/mg-and-hcl-acid-1.jpg,Blog/Forum,C:\Users\meggletona\UTC Sheffield\Science Team - Documents\General\2026-27\Lessons\Chemistry\C0 Y9\C0 23 rate of reaction - concentration and pressure.pptx
http://www.nuffieldfoundation.org/sites/default/files/images/pva-polymer-slime-125.jpg,Blog/Forum,"C:\Users\meggletona\UTC Sheffield\Science Team - Documents\General\2026-27\Lessons\Chemistry\C2 Elements, Compounds, and Mixtures\C2.2\C2.2.7 Polymers.pptx"
http://www.odeon.co.uk/films/black_panther/17642/,Streaming &amp; Downloadable Video,C:\Users\meggletona\UTC Sheffield\Computing Staff - General\Archives\Archive July 2026\Teaching Resources\NCFE\Unit 4\Other Sample.pdf
http://www.pcgamesn.com/the-100-best-mods-on-pc,Games,C:\Users\meggletona\UTC Sheffield\Computing Staff - General\Archives\Archive July 2026\Teaching Resources\Camb Tech Level 3\Unit 15 - Games Design and Prototyping\Sample Tasks from OCR.pdf
http://www.pngall.com/true-and-false-png/download/46207,Blog/Forum,"C:\Users\meggletona\UTC Sheffield\Science Team - Documents\General\2026-27\Lessons\Biology\B1 Cell-level Systems\B1.4 Photosynthesis\B1.4.4 Limiting Factors.pptx|C:\Users\meggletona\UTC Sheffield\Science Team - Documents\General\2026-27\Lessons\Biology\B2 Scaling Up\B2.1 Supplying the Cell\B2.1.2b Osmosis Practical.pptx|C:\Users\meggletona\UTC Sheffield\Science Team - Documents\General\2026-27\Lessons\Biology\B3 Organism-level Systems\B3.1 The Nervous System\B3.1.5 Nervous system damage H.T.pptx|C:\Users\meggletona\UTC Sheffield\Science Team - Documents\General\2026-27\Lessons\Biology\B3 Organism-level Systems\B3.2 The Endocrine System\B3.2.1 Hormones.pptx|C:\Users\meggletona\UTC Sheffield\Science Team - Documents\General\2026-27\Lessons\Biology\B3 Organism-level Systems\B3.2 The Endocrine System\B3.2.2 Negative feedback H.pptx|C:\Users\meggletona\UTC Sheffield\Science Team - Documents\General\2026-27\Lessons\Biology\B3 Organism-level Systems\B3.2 The Endocrine System\B3.2.3 Menstrual Cycle.pptx|C:\Users\meggletona\UTC Sheffield\Science Team - Documents\General\2026-27\Lessons\Biology\B3 Organism-level Systems\B3.2 The Endocrine System\B3.2.4 Controlling Reproduction.pptx|C:\Users\meggletona\UTC Sheffield\Science Team - Documents\General\2026-27\Lessons\Biology\B3 Organism-level Systems\B3.2 The Endocrine System\B3.2.5 Using hormones to treat infertility H.pptx|C:\Users\meggletona\UTC Sheffield\Science Team - Documents\General\2026-27\Lessons\Biology\B3 Organism-level Systems\B3.2 The Endocrine System\B3.2.6(7) Plant hormones T.pptx|C:\Users\meggletona\UTC Sheffield\Science Team - Documents\General\2026-27\Lessons\Biology\B3 Organism-level Systems\B3.3 Maintaining Internal Enviroments\B3.3.1 Controlling body temperature.pptx|C:\Users\meggletona\UTC Sheffield\Science Team - Documents\General\2026-27\Lessons\Biology\B3 Organism-level Systems\B3.3 Maintaining Internal Enviroments\B3.3.2 Controlling blood sugar.pptx|C:\Users\meggletona\UTC Sheffield\Science Team - Documents\General\2026-27\Lessons\Biology\B3 Organism-level Systems\B3.3 Maintaining Internal Enviroments\B3.3.3 Maintaining water balance T.pptx|C:\Users\meggletona\UTC Sheffield\Science Team - Documents\General\2026-27\Lessons\Biology\B3 Organism-level Systems\B3.3 Maintaining Internal Enviroments\B3.3.4 Inside the Kidney T.pptx|C:\Users\meggletona\UTC Sheffield\Science Team - Documents\General\2026-27\Lessons\Biology\B3 Organism-level Systems\B3.3 Maintaining Internal Enviroments\B3.3.5 Responding to Osmotic Challenges H.T - Copy.pptx|C:\Users\meggletona\UTC Sheffield\Science Team - Documents\General\2026-27\Lessons\Biology\B3 Organism-level Systems\B3.3 Maintaining Internal Enviroments\B3.3.5 Responding to Osmotic Challenges H.T.pptx|C:\Users\meggletona\UTC Sheffield\Science Team - Documents\General\2026-27\Lessons\Biology\B4 Community-level Systems\B4.1.4 Pyramid of Biomass.pptx|C:\Users\meggletona\UTC Sheffield\Science Team - Documents\General\2026-27\Lessons\Biology\B4 Community-level Systems\B4.1.5 Efficency of Biomass Transfer T.pptx|C:\Users\meggletona\UTC Sheffield\Science Team - Documents\General\2026-27\Lessons\Biology\B4 Community-level Systems\B4.1.6 Nutrient Cycling.pptx|C:\Users\meggletona\UTC Sheffield\Science Team - Documents\General\2026-27\Lessons\Biology\B4 Community-level Systems\B4.1.7 The Carbon Cycle LHE.pptx|C:\Users\meggletona\UTC Sheffield\Science Team - Documents\General\2026-27\Lessons\Biology\B4 Community-level Systems\B4.1.7 The Carbon Cycle.pptx|C:\Users\meggletona\UTC Sheffield\Science Team - Documents\General\2026-27\Lessons\Biology\B4 Community-level Systems\B4.1.8 Decomposers Triple.pptx|C:\Users\meggletona\UTC Sheffield\Science Team - Documents\General\2026-27\Lessons\Biology\B4 Community-level Systems\Composting.pptx|C:\Users\meggletona\UTC Sheffield\Science Team - Documents\General\2026-27\Lessons\Biology\B6 Global Challenges\B6.1\B6.1 Sampling Practical.pptx|C:\Users\meggletona\UTC Sheffield\Science Team - Documents\General\2026-27\Lessons\Biology\B6 Global Challenges\B6.1\B6.1.1 Sampling Techniques - Copy.pptx|C:\Users\meggletona\UTC Sheffield\Science Team - Documents\General\2026-27\Lessons\Biology\B6 Global Challenges\B6.1\B6.1.1 Sampling Techniques.pptx|C:\Users\meggletona\UTC Sheffield\Science Team - Documents\General\2026-27\Lessons\Biology\B6 Global Challenges\B6.1\B6.1.2 Sampling Techniques 2.pptx|C:\Users\meggletona\UTC Sheffield\Science Team - Documents\General\2026-27\Lessons\Biology\B6 Global Challenges\B6.1\B6.1.3 Loss of Biodiversity.pptx|C:\Users\meggletona\UTC Sheffield\Science Team - Documents\General\2026-27\Lessons\Biology\B6 Global Challenges\B6.1\B6.1.4 Increasing Biodiversity.pptx|C:\Users\meggletona\UTC Sheffield\Science Team - Documents\General\2026-27\Lessons\Biology\B6 Global Challenges\B6.1\B6.1.5 Maintaining Biodiversity.pptx|C:\Users\meggletona\UTC Sheffield\Science Team - Documents\General\2026-27\Lessons\Biology\Post 16\Lessons\Archived\A Level Biology Introduction .pptx|C:\Users\meggletona\UTC Sheffield\Science Team - Documents\General\2026-27\Lessons\Biology\Post 16\Lessons\Archived\A Level Biology Resources JTO\Chapter 2 - Basic components of living systems\2.1-2.3\2.2 LESSON Calculating Magnification.pptx|C:\Users\meggletona\UTC Sheffield\Science Team - Documents\General\2026-27\Lessons\Biology\Post 16\Lessons\Archived\A Level Biology Resources JTO\Chapter 2 - Basic components of living systems\2.1-2.3\2.3 LESSON More microscopy.pptx|C:\Users\meggletona\UTC Sheffield\Science Team - Documents\General\2026-27\Lessons\Biology\Post 16\Lessons\Archived\A Level Biology Resources JTO\Chapter 2 - Basic components of living systems\2.3-2.6\2.4-5 LESSON Organelles Working Together.pptx|C:\Users\meggletona\UTC Sheffield\Science Team - Documents\General\2026-27\Lessons\Biology\Post 16\Lessons\Archived\A Level Biology Resources JTO\Chapter 2 - Basic components of living systems\2.3-2.6\2.6 LESSON Prokaryotic Cells.pptx|C:\Users\meggletona\UTC Sheffield\Science Team - Documents\General\2026-27\Lessons\Biology\Post 16\Lessons\Archived\Introduction to Alevel Biology.pptx|C:\Users\meggletona\UTC Sheffield\Science Team - Documents\General\2026-27\Lessons\Biology\Post 16\Lessons\Archived\Module 2\Chapter 2 CSL\LHeaton Lessons\Cell Ultrastructure LH.pptx|C:\Users\meggletona\UTC Sheffield\Science Team - Documents\General\2026-27\Lessons\Biology\Post 16\Lessons\Archived\Module 2\Chapter 2 CSL\Lesson 1 Microscopes.pptx|C:\Users\meggletona\UTC Sheffield\Science Team - Documents\General\2026-27\Lessons\Biology\Post 16\Lessons\Archived\Module 2\Chapter 2 CSL\Lesson 2 Calculating Magnification.pptx|C:\Users\meggletona\UTC Sheffield\Science Team - Documents\General\2026-27\Lessons\Biology\Post 16\Lessons\Archived\Module 2\Chapter 2 CSL\Lesson 3 Cells & Orgenelles.pptx|C:\Users\meggletona\UTC Sheffield\Science Team - Documents\General\2026-27\Lessons\Biology\Post 16\Lessons\Archived\Module 2\Chapter 2 CSL\Lesson 4 Organelles Working Together.pptx|C:\Users\meggletona\UTC Sheffield\Science Team - Documents\General\2026-27\Lessons\Biology\Post 16\Lessons\Archived\Module 2\Chapter 2 CSL\Lesson 5 Prokaryotic Cells.pptx|C:\Users\meggletona\UTC Sheffield\Science Team - Documents\General\2026-27\Lessons\Biology\Post 16\Lessons\Archived\Module 2\Chapter 3\Chapter 3 3_1 Biological Molecules.pptx|C:\Users\meggletona\UTC Sheffield\Science Team - Documents\General\2026-27\Lessons\Biology\Post 16\Lessons\Archived\Module 2\Chapter 3\Chapter 3 3_10 Protein Synthesis.pptx|C:\Users\meggletona\UTC Sheffield\Science Team - Documents\General\2026-27\Lessons\Biology\Post 16\Lessons\Archived\Module 2\Chapter 3\Chapter 3 3_11 ATP.pptx|C:\Users\meggletona\UTC Sheffield\Science Team - Documents\General\2026-27\Lessons\Biology\Post 16\Lessons\Archived\Module 2\Chapter 3\Chapter 3 3_2 Water.pptx|C:\Users\meggletona\UTC Sheffield\Science Team - Documents\General\2026-27\Lessons\Biology\Post 16\Lessons\Archived\Module 2\Chapter 3\Chapter 3 3_3 Carbohydrates Teams Part a.pptx|C:\Users\meggletona\UTC Sheffield\Science Team - Documents\General\2026-27\Lessons\Biology\Post 16\Lessons\Archived\Module 2\Chapter 3\Chapter 3 3_3 Carbohydrates.pptx|C:\Users\meggletona\UTC Sheffield\Science Team - Documents\General\2026-27\Lessons\Biology\Post 16\Lessons\Archived\Module 2\Chapter 3\Chapter 3 3_4 Testing for Carbohydrates.pptx|C:\Users\meggletona\UTC Sheffield\Science Team - Documents\General\2026-27\Lessons\Biology\Post 16\Lessons\Archived\Module 2\Chapter 3\Chapter 3 3_5 Lipids.pptx|C:\Users\meggletona\UTC Sheffield\Science Team - Documents\General\2026-27\Lessons\Biology\Post 16\Lessons\Archived\Module 2\Chapter 3\Chapter 3 3_6 Structure of Proteins.pptx|C:\Users\meggletona\UTC Sheffield\Science Team - Documents\General\2026-27\Lessons\Biology\Post 16\Lessons\Archived\Module 2\Chapter 3\Chapter 3 3_7 Types of Proteins part1.pptx|C:\Users\meggletona\UTC Sheffield\Science Team - Documents\General\2026-27\Lessons\Biology\Post 16\Lessons\Archived\Module 2\Chapter 3\Chapter 3 3_7 Types of Proteins.pptx|C:\Users\meggletona\UTC Sheffield\Science Team - Documents\General\2026-27\Lessons\Biology\Post 16\Lessons\Archived\Module 2\Chapter 3\Chapter 3 3_8 Nucleic Acids.pptx|C:\Users\meggletona\UTC Sheffield\Science Team - Documents\General\2026-27\Lessons\Biology\Post 16\Lessons\Archived\Module 2\Chapter 3\Chapter 3 3_9 DNA replication and the genetic code copy.pptx|C:\Users\meggletona\UTC Sheffield\Science Team - Documents\General\2026-27\Lessons\Biology\Post 16\Lessons\Archived\Module 2\Chapter 3\Chapter 3 3_9 DNA replication and the genetic code.pptx|C:\Users\meggletona\UTC Sheffield\Science Team - Documents\General\2026-27\Lessons\Biology\Post 16\Lessons\Archived\Module 2\Chapter 4\Chapter 4 4_2 Factors Affecting Enzyme Activity.pptx|C:\Users\meggletona\UTC Sheffield\Science Team - Documents\General\2026-27\Lessons\Biology\Post 16\Lessons\Archived\Module 2\Chapter 4\Chapter 4 4_3 Enzyme Inhibitors.pptx|C:\Users\meggletona\UTC Sheffield\Science Team - Documents\General\2026-27\Lessons\Biology\Post 16\Lessons\Archived\Module 2\Chapter 4\Chapter 4 4_4 Enzyme Cofactors, Coenzymes,  and P Groups.pptx|C:\Users\meggletona\UTC Sheffield\Science Team - Documents\General\2026-27\Lessons\Biology\Post 16\Lessons\Archived\Module 2\Chapter 5\Chapter 5 5_1 The Plasma Membrane.pptx|C:\Users\meggletona\UTC Sheffield\Science Team - Documents\General\2026-27\Lessons\Biology\Post 16\Lessons\Archived\Module 2\Chapter 5\Chapter 5 5_2 Factors Affecting Membrane Structures.pptx|C:\Users\meggletona\UTC Sheffield\Science Team - Documents\General\2026-27\Lessons\Biology\Post 16\Lessons\Archived\Module 2\Chapter 5\Chapter 5 5_3 Diffusion.pptx|C:\Users\meggletona\UTC Sheffield\Science Team - Documents\General\2026-27\Lessons\Biology\Post 16\Lessons\Archived\Module 2\Chapter 5\Chapter 5 5_4 Active Transport.pptx|C:\Users\meggletona\UTC Sheffield\Science Team - Documents\General\2026-27\Lessons\Biology\Post 16\Lessons\Archived\Module 2\Chapter 5\Chapter 5 5_5 Osmosis.pptx|C:\Users\meggletona\UTC Sheffield\Science Team - Documents\General\2026-27\Lessons\Biology\Post 16\Lessons\Archived\Module 2\Chapter 6\Chapter 6 6.1 The Cell Cycle.pptx|C:\Users\meggletona\UTC Sheffield\Science Team - Documents\General\2026-27\Lessons\Biology\Post 16\Lessons\Archived\Module 2\Chapter 6\Chapter 6 6.2 Mitosis.pptx|C:\Users\meggletona\UTC Sheffield\Science Team - Documents\General\2026-27\Lessons\Biology\Post 16\Lessons\Archived\Module 2\Chapter 6\Chapter 6 6.3 Meiosis.pptx|C:\Users\meggletona\UTC Sheffield\Science Team - Documents\General\2026-27\Lessons\Biology\Post 16\Lessons\Archived\Module 2\Chapter 6\Chapter 6 6.4 The organisation and specilisation of cells.pptx|C:\Users\meggletona\UTC Sheffield\Science Team - Documents\General\2026-27\Lessons\Biology\Post 16\Lessons\Archived\Module 2\Chapter 6\Chapter 6 6.5 Stem Cells.pptx|C:\Users\meggletona\UTC Sheffield\Science Team - Documents\General\2026-27\Lessons\Biology\Post 16\Lessons\Archived\Module 3\Chapter 7\7.1 Specialised Exchange Surfaces.pptx|C:\Users\meggletona\UTC Sheffield\Science Team - Documents\General\2026-27\Lessons\Biology\Post 16\Lessons\Archived\Module 3\Chapter 7\7.2 The mammalian gaseous exchange system.pptx|C:\Users\meggletona\UTC Sheffield\Science Team - Documents\General\2026-27\Lessons\Biology\Post 16\Lessons\Archived\Module 3\Chapter 7\7.3 Measuring the process.pptx|C:\Users\meggletona\UTC Sheffield\Science Team - Documents\General\2026-27\Lessons\Biology\Post 16\Lessons\Archived\Module 3\Chapter 7\7.4a Ventilation and gas exhange - Insects.pptx|C:\Users\meggletona\UTC Sheffield\Science Team - Documents\General\2026-27\Lessons\Biology\Post 16\Lessons\Archived\Module 3\Chapter 7\7.4b Ventilation and gas exhange - Fish.pptx|C:\Users\meggletona\UTC Sheffield\Science Team - Documents\General\2026-27\Lessons\Biology\Post 16\Lessons\Archived\Module 3\Chapter 8\8.1 Transport Systems in multicellular animals..pptx|C:\Users\meggletona\UTC Sheffield\Science Team - Documents\General\2026-27\Lessons\Biology\Post 16\Lessons\Archived\Module 3\Chapter 8\8.2 Blood Vessels.pptx|C:\Users\meggletona\UTC Sheffield\Science Team - Documents\General\2026-27\Lessons\Biology\Post 16\Lessons\Archived\Module 3\Chapter 8\8.3 Blood, tissue fluid & lymph.pptx|C:\Users\meggletona\UTC Sheffield\Science Team - Documents\General\2026-27\Lessons\Biology\Post 16\Lessons\Archived\Module 3\Chapter 8\8.4 Transport of Oxygen.pptx|C:\Users\meggletona\UTC Sheffield\Science Team - Documents\General\2026-27\Lessons\Biology\Post 16\Lessons\Archived\Module 3\Chapter 8\Heart - Electrocardigrams .pptx|C:\Users\meggletona\UTC Sheffield\Science Team - Documents\General\2026-27\Lessons\Biology\Post 16\Lessons\Archived\Module 3\Chapter 8\Heart - The cardiac cycle and the heartneat.pptx|C:\Users\meggletona\UTC Sheffield\Science Team - Documents\General\2026-27\Lessons\Biology\Post 16\Lessons\Archived\Module 3\Chapter 8\Heart Lesson2 - The cardiac cycle and the heartneat.pptx|C:\Users\meggletona\UTC Sheffield\Science Team - Documents\General\2026-27\Lessons\Biology\Post 16\Lessons\Archived\Module 3\Chapter 8\Heart Structure and Disection.pptx|C:\Users\meggletona\UTC Sheffield\Science Team - Documents\General\2026-27\Lessons\Biology\Post 16\Lessons\Archived\Module 3\Chapter 9\9.1 Transport System in Plants.pptx|C:\Users\meggletona\UTC Sheffield\Science Team - Documents\General\2026-27\Lessons\Biology\Post 16\Lessons\Archived\Module 3\Chapter 9\9.2 Water Transport in Plants.pptx|C:\Users\meggletona\UTC Sheffield\Science Team - Documents\General\2026-27\Lessons\Biology\Post 16\Lessons\Archived\Module 3\Chapter 9\9.3 Transpiration.pptx|C:\Users\meggletona\UTC Sheffield\Science Team - Documents\General\2026-27\Lessons\Biology\Post 16\Lessons\Archived\Module 3\Chapter 9\9.4 Translocation.pptx|C:\Users\meggletona\UTC Sheffield\Science Team - Documents\General\2026-27\Lessons\Biology\Post 16\Lessons\Archived\Module 3\Chapter 9\9.5 Plant adaptations to water avalibility.pptx|C:\Users\meggletona\UTC Sheffield\Science Team - Documents\General\2026-27\Lessons\Biology\Post 16\Lessons\Archived\Module 3\Chapter 9\LHeaton Lessons\9.4 Phloem and translocation.pptx|C:\Users\meggletona\UTC Sheffield\Science Team - Documents\General\2026-27\Lessons\Biology\Post 16\Lessons\Archived\Module 4\Chapter 10\10.1 Classification Systems.pptx|C:\Users\meggletona\UTC Sheffield\Science Team - Documents\General\2026-27\Lessons\Biology\Post 16\Lessons\Archived\Module 4\Chapter 10\10.2 The five kingdoms.pptx|C:\Users\meggletona\UTC Sheffield\Science Team - Documents\General\2026-27\Lessons\Biology\Post 16\Lessons\Archived\Module 4\Chapter 10\10.3 Phylogeny.pptx|C:\Users\meggletona\UTC Sheffield\Science Team - Documents\General\2026-27\Lessons\Biology\Post 16\Lessons\Archived\Module 4\Chapter 10\10.5 10.6 Variation.pptx|C:\Users\meggletona\UTC Sheffield\Science Team - Documents\General\2026-27\Lessons\Biology\Post 16\Lessons\Archived\Module 4\Chapter 10\10.7 Adaptations.pptx|C:\Users\meggletona\UTC Sheffield\Science Team - Documents\General\2026-27\Lessons\Biology\Post 16\Lessons\Archived\Module 4\Chapter 10\10.8 Changing pop characterisitics.pptx|C:\Users\meggletona\UTC Sheffield\Science Team - Documents\General\2026-27\Lessons\Biology\Post 16\Lessons\Archived\Module 4\Chapter 10\LHeaton Lessons\10.7 and 10.8.pptx|C:\Users\meggletona\UTC Sheffield\Science Team - Documents\General\2026-27\Lessons\Biology\Post 16\Lessons\Archived\Module 4\Chapter 10\LHeaton Lessons\10.8 Changing pop characterisitics.pptx|C:\Users\meggletona\UTC Sheffield\Science Team - Documents\General\2026-27\Lessons\Biology\Post 16\Lessons\Archived\Module 4\Chapter 10\LHeaton Lessons\10.8 Changing population characteristics.pptx|C:\Users\meggletona\UTC Sheffield\Science Team - Documents\General\2026-27\Lessons\Biology\Post 16\Lessons\Archived\Module 4\Chapter 10\Spearmans's Rank.pptx|C:\Users\meggletona\UTC Sheffield\Science Team - Documents\General\2026-27\Lessons\Biology\Post 16\Lessons\Archived\Module 4\Chapter 11\11.1 11.2 Biodiversity _ Sampling.pptx|C:\Users\meggletona\UTC Sheffield\Science Team - Documents\General\2026-27\Lessons\Biology\Post 16\Lessons\Archived\Module 4\Chapter 11\11.3 Sampling Techniques.pptx|C:\Users\meggletona\UTC Sheffield\Science Team - Documents\General\2026-27\Lessons\Biology\Post 16\Lessons\Archived\Module 4\Chapter 11\11.4 Calculating Biodiversity.pptx|C:\Users\meggletona\UTC Sheffield\Science Team - Documents\General\2026-27\Lessons\Biology\Post 16\Lessons\Archived\Module 4\Chapter 11\11.5 Calculating Genetic Biodiversity.pptx|C:\Users\meggletona\UTC Sheffield\Science Team - Documents\General\2026-27\Lessons\Biology\Post 16\Lessons\Archived\Module 4\Chapter 11\11.6 Loss of Biodiversity.pptx|C:\Users\meggletona\UTC Sheffield\Science Team - Documents\General\2026-27\Lessons\Biology\Post 16\Lessons\Archived\Module 4\Chapter 11\11.7.8 Maintaning biodiversity.pptx|C:\Users\meggletona\UTC Sheffield\Science Team - Documents\General\2026-27\Lessons\Biology\Post 16\Lessons\Archived\Module 4\Chapter 12\12.1 Animal and Plant Pathogens.pptx|C:\Users\meggletona\UTC Sheffield\Science Team - Documents\General\2026-27\Lessons\Biology\Post 16\Lessons\Archived\Module 4\Chapter 12\12.2 Animal and Plant Disease.pptx|C:\Users\meggletona\UTC Sheffield\Science Team - Documents\General\2026-27\Lessons\Biology\Post 16\Lessons\Archived\Module 4\Chapter 12\12.3 The transmission of communicable diseases.pptx|C:\Users\meggletona\UTC Sheffield\Science Team - Documents\General\2026-27\Lessons\Biology\Post 16\Lessons\Archived\Module 4\Chapter 12\12.4 Plant defences againts pathogens.pptx|C:\Users\meggletona\UTC Sheffield\Science Team - Documents\General\2026-27\Lessons\Biology\Post 16\Lessons\Archived\Module 4\Chapter 12\12.5 Nonspecific animal defences againts pathogens.pptx|C:\Users\meggletona\UTC Sheffield\Science Team - Documents\General\2026-27\Lessons\Biology\Post 16\Lessons\Archived\Module 4\Chapter 12\12.6 The Specific Immune System.pptx|C:\Users\meggletona\UTC Sheffield\Science Team - Documents\General\2026-27\Lessons\Biology\Post 16\Lessons\Archived\Module 4\Chapter 12\12.7 Preventing and Treating Disease.pptx|C:\Users\meggletona\UTC Sheffield\Science Team - Documents\General\2026-27\Lessons\Biology\Post 16\Lessons\Archived\Module 4\Chapter 12\LHeaton Lessons\12.1 Animal and Plant Pathogens.pptx|C:\Users\meggletona\UTC Sheffield\Science Team - Documents\General\2026-27\Lessons\Biology\Post 16\Lessons\Archived\Module 4\Chapter 12\LHeaton Lessons\12.2 Animal and Plant Disease.pptx|C:\Users\meggletona\UTC Sheffield\Science Team - Documents\General\2026-27\Lessons\Biology\Post 16\Lessons\Archived\Module 4\Chapter 12\LHeaton Lessons\12.3 The transmission of communicable diseases.pptx|C:\Users\meggletona\UTC Sheffield\Science Team - Documents\General\2026-27\Lessons\Biology\Post 16\Lessons\Archived\Module 4\Chapter 12\LHeaton Lessons\12.4 Plant defences againts pathogens.pptx|C:\Users\meggletona\UTC Sheffield\Science Team - Documents\General\2026-27\Lessons\Biology\Post 16\Lessons\Archived\Module 4\Chapter 12\LHeaton Lessons\12.5 Nonspecific animal defences againts pathogens.pptx|C:\Users\meggletona\UTC Sheffield\Science Team - Documents\General\2026-27\Lessons\Biology\Post 16\Lessons\Archived\Module 4\Chapter 12\LHeaton Lessons\12.7 Preventing and Treating Disease.pptx|C:\Users\meggletona\UTC Sheffield\Science Team - Documents\General\2026-27\Lessons\Biology\Post 16\Lessons\Archived\Module 5\Chapter 13\13.10 Sliding filament model.pptx|C:\Users\meggletona\UTC Sheffield\Science Team - Documents\General\2026-27\Lessons\Biology\Post 16\Lessons\Archived\Module 5\Chapter 13\13.2 Neurones.pptx|C:\Users\meggletona\UTC Sheffield\Science Team - Documents\General\2026-27\Lessons\Biology\Post 16\Lessons\Archived\Module 5\Chapter 13\13.3 Sensory Receptors.pptx|C:\Users\meggletona\UTC Sheffield\Science Team - Documents\General\2026-27\Lessons\Biology\Post 16\Lessons\Archived\Module 5\Chapter 13\13.4 Nervous Transmission JTO.pptx|C:\Users\meggletona\UTC Sheffield\Science Team - Documents\General\2026-27\Lessons\Biology\Post 16\Lessons\Archived\Module 5\Chapter 13\13.4 Nervous Transmission print.pptx|C:\Users\meggletona\UTC Sheffield\Science Team - Documents\General\2026-27\Lessons\Biology\Post 16\Lessons\Archived\Module 5\Chapter 13\13.4 Nervous Transmission.pptx|C:\Users\meggletona\UTC Sheffield\Science Team - Documents\General\2026-27\Lessons\Biology\Post 16\Lessons\Archived\Module 5\Chapter 13\13.5 Synapses.pptx|C:\Users\meggletona\UTC Sheffield\Science Team - Documents\General\2026-27\Lessons\Biology\Post 16\Lessons\Archived\Module 5\Chapter 13\13.6 Organisation of the nervous system.pptx|C:\Users\meggletona\UTC Sheffield\Science Team - Documents\General\2026-27\Lessons\Biology\Post 16\Lessons\Archived\Module 5\Chapter 13\13.7 Structure and Function of the Brain.pptx|C:\Users\meggletona\UTC Sheffield\Science Team - Documents\General\2026-27\Lessons\Biology\Post 16\Lessons\Archived\Module 5\Chapter 13\13.8 Reflexes and 13.9 muscles.pptx|C:\Users\meggletona\UTC Sheffield\Science Team - Documents\General\2026-27\Lessons\Biology\Post 16\Lessons\Archived\Module 5\Chapter 14\14.1 Hormonal Communication.pptx|C:\Users\meggletona\UTC Sheffield\Science Team - Documents\General\2026-27\Lessons\Biology\Post 16\Lessons\Archived\Module 5\Chapter 14\14.2 The Pancreas.pptx|C:\Users\meggletona\UTC Sheffield\Science Team - Documents\General\2026-27\Lessons\Biology\Post 16\Lessons\Archived\Module 5\Chapter 14\14.3 Regulation of blood glucose concentration.pptx|C:\Users\meggletona\UTC Sheffield\Science Team - Documents\General\2026-27\Lessons\Biology\Post 16\Lessons\Archived\Module 5\Chapter 14\14.4 Diabetes.pptx|C:\Users\meggletona\UTC Sheffield\Science Team - Documents\General\2026-27\Lessons\Biology\Post 16\Lessons\Archived\Module 5\Chapter 14\14.5 Coordinated Response.pptx|C:\Users\meggletona\UTC Sheffield\Science Team - Documents\General\2026-27\Lessons\Biology\Post 16\Lessons\Archived\Module 5\Chapter 14\14.6 Controlling Heart Rate.pptx|C:\Users\meggletona\UTC Sheffield\Science Team - Documents\General\2026-27\Lessons\Biology\Post 16\Lessons\Archived\Module 5\Chapter 15\15.1 Homeostasis.pptx|C:\Users\meggletona\UTC Sheffield\Science Team - Documents\General\2026-27\Lessons\Biology\Post 16\Lessons\Archived\Module 5\Chapter 15\15.2 Thermoregulation in ectotherms.pptx|C:\Users\meggletona\UTC Sheffield\Science Team - Documents\General\2026-27\Lessons\Biology\Post 16\Lessons\Archived\Module 5\Chapter 15\15.3 Thermoregulation in endotherms.pptx|C:\Users\meggletona\UTC Sheffield\Science Team - Documents\General\2026-27\Lessons\Biology\Post 16\Lessons\Archived\Module 5\Chapter 15\15.4 Excretion Homeostasis and the Liver.pptx|C:\Users\meggletona\UTC Sheffield\Science Team - Documents\General\2026-27\Lessons\Biology\Post 16\Lessons\Archived\Module 5\Chapter 15\15.5 The Kidney JTO.pptx|C:\Users\meggletona\UTC Sheffield\Science Team - Documents\General\2026-27\Lessons\Biology\Post 16\Lessons\Archived\Module 5\Chapter 15\15.5 The Kidney.pptx|C:\Users\meggletona\UTC Sheffield\Science Team - Documents\General\2026-27\Lessons\Biology\Post 16\Lessons\Archived\Module 5\Chapter 16\16.1 Plant Hormones & Growth in plants.pptx|C:\Users\meggletona\UTC Sheffield\Science Team - Documents\General\2026-27\Lessons\Biology\Post 16\Lessons\Archived\Module 5\Chapter 16\16.1-16.2.pptx|C:\Users\meggletona\UTC Sheffield\Science Team - Documents\General\2026-27\Lessons\Biology\Post 16\Lessons\Archived\Module 5\Chapter 16\16.2 Plant Response to stress.pptx|C:\Users\meggletona\UTC Sheffield\Science Team - Documents\General\2026-27\Lessons\Biology\Post 16\Lessons\Archived\Module 5\Chapter 16\Plant Responses Ch. 16\Lesson 4 16.1 and 16.2 Plant Hormones & Growth in plants LH.pptx|C:\Users\meggletona\UTC Sheffield\Science Team - Documents\General\2026-27\Lessons\Biology\Post 16\Lessons\Archived\Module 5\Chapter 17\17.1 Energy Cycles .pptx|C:\Users\meggletona\UTC Sheffield\Science Team - Documents\General\2026-27\Lessons\Biology\Post 16\Lessons\Archived\Module 5\Chapter 17\17.2 ATP Synthesis.pptx|C:\Users\meggletona\UTC Sheffield\Science Team - Documents\General\2026-27\Lessons\Biology\Post 16\Lessons\Archived\Module 5\Chapter 17\17.3-4 Photosynthesis and Limiting factors.pptx|C:\Users\meggletona\UTC Sheffield\Science Team - Documents\General\2026-27\Lessons\Biology\Post 16\Lessons\Archived\Module 5\Chapter 18\18.1 Glycolysis.pptx|C:\Users\meggletona\UTC Sheffield\Science Team - Documents\General\2026-27\Lessons\Biology\Post 16\Lessons\Archived\Module 5\Chapter 18\18.2 The Link Reaction.pptx|C:\Users\meggletona\UTC Sheffield\Science Team - Documents\General\2026-27\Lessons\Biology\Post 16\Lessons\Archived\Module 5\Chapter 18\18.3 The Krebs Cycle.pptx|C:\Users\meggletona\UTC Sheffield\Science Team - Documents\General\2026-27\Lessons\Biology\Post 16\Lessons\Archived\Module 5\Chapter 18\18.4 Oxidative phosphorilation .pptx|C:\Users\meggletona\UTC Sheffield\Science Team - Documents\General\2026-27\Lessons\Biology\Post 16\Lessons\Archived\Module 5\Chapter 18\18.5 Anaerobic Respiration.pptx|C:\Users\meggletona\UTC Sheffield\Science Team - Documents\General\2026-27\Lessons\Biology\Post 16\Lessons\Archived\Module 5\Chapter 18\18.6 Respiratory Substrates .pptx|C:\Users\meggletona\UTC Sheffield\Science Team - Documents\General\2026-27\Lessons\Biology\Post 16\Lessons\Archived\Module 6\Chapter 19 JTO\19.1 Mutations and Variation .pptx|C:\Users\meggletona\UTC Sheffield\Science Team - Documents\General\2026-27\Lessons\Biology\Post 16\Lessons\Archived\Module 6\Chapter 19 JTO\19.2 Control of gene expression .pptx|C:\Users\meggletona\UTC Sheffield\Science Team - Documents\General\2026-27\Lessons\Biology\Post 16\Lessons\Archived\Module 6\Chapter 19 JTO\19.3 Body Plans.pptx|C:\Users\meggletona\UTC Sheffield\Science Team - Documents\General\2026-27\Lessons\Biology\Post 16\Lessons\Archived\Module 6\Chapter 20 JTO\20.1 Variation and inheritance.pptx|C:\Users\meggletona\UTC Sheffield\Science Team - Documents\General\2026-27\Lessons\Biology\Post 16\Lessons\Archived\Module 6\Chapter 20 JTO\20.2 Monogenetic inheritance.pptx|C:\Users\meggletona\UTC Sheffield\Science Team - Documents\General\2026-27\Lessons\Biology\Post 16\Lessons\Archived\Module 6\Chapter 20 JTO\20.3 Dihybrid inheritance.pptx|C:\Users\meggletona\UTC Sheffield\Science Team - Documents\General\2026-27\Lessons\Biology\Post 16\Lessons\Archived\Module 6\Chapter 20 JTO\20.4 Phenotypic Ratios .pptx|C:\Users\meggletona\UTC Sheffield\Science Team - Documents\General\2026-27\Lessons\Biology\Post 16\Lessons\Archived\Module 6\Chapter 20 JTO\20.5 Evolution.pptx|C:\Users\meggletona\UTC Sheffield\Science Team - Documents\General\2026-27\Lessons\Biology\Post 16\Lessons\Archived\Module 6\Chapter 20 JTO\20.6 Speciation and Artificial Selection.pptx|C:\Users\meggletona\UTC Sheffield\Science Team - Documents\General\2026-27\Lessons\Biology\Post 16\Lessons\Archived\Module 6\Chapter 21 JTO\21.1 DNA Profiling.pptx|C:\Users\meggletona\UTC Sheffield\Science Team - Documents\General\2026-27\Lessons\Biology\Post 16\Lessons\Archived\Module 6\Chapter 21 JTO\21.2 DNA Sequencing and Analysis.pptx|C:\Users\meggletona\UTC Sheffield\Science Team - Documents\General\2026-27\Lessons\Biology\Post 16\Lessons\Archived\Module 6\Chapter 21 JTO\21.3 Using DNA Sequencing.pptx|C:\Users\meggletona\UTC Sheffield\Science Team - Documents\General\2026-27\Lessons\Biology\Post 16\Lessons\Archived\Module 6\Chapter 21 JTO\21.4 Genetic Engineering.pptx|C:\Users\meggletona\UTC Sheffield\Science Team - Documents\General\2026-27\Lessons\Biology\Post 16\Lessons\Archived\Module 6\Chapter 21 JTO\21.5 Gene Technology and ethics.pptx|C:\Users\meggletona\UTC Sheffield\Science Team - Documents\General\2026-27\Lessons\Biology\Post 16\Lessons\Archived\Module 6\Chapter 22 JTO\22.1 Natural Cloning In Plants.pptx|C:\Users\meggletona\UTC Sheffield\Science Team - Documents\General\2026-27\Lessons\Biology\Post 16\Lessons\Archived\Module 6\Chapter 22 JTO\22.2 Artificial Cloning In Plants.pptx|C:\Users\meggletona\UTC Sheffield\Science Team - Documents\General\2026-27\Lessons\Biology\Post 16\Lessons\Archived\Module 6\Chapter 22 JTO\22.3 Cloning In Animals.pptx|C:\Users\meggletona\UTC Sheffield\Science Team - Documents\General\2026-27\Lessons\Biology\Post 16\Lessons\Archived\Module 6\Chapter 22 JTO\22.4 .pptx|C:\Users\meggletona\UTC Sheffield\Science Team - Documents\General\2026-27\Lessons\Biology\Post 16\Lessons\Archived\Module 6\Chapter 22 JTO\22.5.pptx|C:\Users\meggletona\UTC Sheffield\Science Team - Documents\General\2026-27\Lessons\Biology\Post 16\Lessons\Archived\Module 6\Chapter 22 JTO\22.6 Culturing Microorganisms in the Labatory - Student.pptx|C:\Users\meggletona\UTC Sheffield\Science Team - Documents\General\2026-27\Lessons\Biology\Post 16\Lessons\Archived\Module 6\Chapter 22 JTO\22.6 Culturing Microorganisms in the Labatory.pptx|C:\Users\meggletona\UTC Sheffield\Science Team - Documents\General\2026-27\Lessons\Biology\Post 16\Lessons\Archived\Module 6\Chapter 22 JTO\22.8 Using immobilised enzymes.pptx|C:\Users\meggletona\UTC Sheffield\Science Team - Documents\General\2026-27\Lessons\Biology\Post 16\Lessons\Archived\Module 6\Chapter 23 JTO\23.1 Ecosystems.pptx|C:\Users\meggletona\UTC Sheffield\Science Team - Documents\General\2026-27\Lessons\Biology\Post 16\Lessons\Archived\Module 6\Chapter 23 JTO\23.2 BiomassTransfer through an ecosystem.pptx|C:\Users\meggletona\UTC Sheffield\Science Team - Documents\General\2026-27\Lessons\Biology\Post 16\Lessons\Archived\Module 6\Chapter 23 JTO\23.3 Recycling within Ecosystems.pptx|C:\Users\meggletona\UTC Sheffield\Science Team - Documents\General\2026-27\Lessons\Biology\Post 16\Lessons\Archived\Module 6\Chapter 23 JTO\23.4 Succession.pptx|C:\Users\meggletona\UTC Sheffield\Science Team - Documents\General\2026-27\Lessons\Biology\Post 16\Lessons\Archived\Module 6\Chapter 23 JTO\23.5 measuring the distribution and abundance of organisms.pptx|C:\Users\meggletona\UTC Sheffield\Science Team - Documents\General\2026-27\Lessons\Biology\Post 16\Lessons\Archived\Module 6\Chapter 24 JTO\24.1 Population Size.pptx|C:\Users\meggletona\UTC Sheffield\Science Team - Documents\General\2026-27\Lessons\Biology\Post 16\Lessons\Archived\Module 6\Chapter 24 JTO\24.2 Competition.pptx|C:\Users\meggletona\UTC Sheffield\Science Team - Documents\General\2026-27\Lessons\Biology\Post 16\Lessons\Archived\Module 6\Chapter 24 JTO\24.3 Predator Prey Relationships.pptx|C:\Users\meggletona\UTC Sheffield\Science Team - Documents\General\2026-27\Lessons\Biology\Post 16\Lessons\Archived\Module 6\Chapter 24 JTO\24.4 Conservation and Preservation.pptx|C:\Users\meggletona\UTC Sheffield\Science Team - Documents\General\2026-27\Lessons\Biology\Post 16\Lessons\Archived\Module 6\Chapter 24 JTO\24.5 Sustainability.pptx|C:\Users\meggletona\UTC Sheffield\Science Team - Documents\General\2026-27\Lessons\Biology\Post 16\Lessons\Archived\Module 6\Chapter 24 JTO\24.6-8 - Masai Mara, Terai and Peat Bogs.pptx|C:\Users\meggletona\UTC Sheffield\Science Team - Documents\General\2026-27\Lessons\Biology\Post 16\Lessons\Archived\Module 6\Chapter 24 JTO\24.9 Enviromentally Sensitive Ecosystems.pptx|C:\Users\meggletona\UTC Sheffield\Science Team - Documents\General\2026-27\Lessons\Biology\Post 16\Lessons\Module 2 2025\Chapter 2\2.4 - 2.5 Eukaryotic Cell Structure.pptx|C:\Users\meggletona\UTC Sheffield\Science Team - Documents\General\2026-27\Lessons\Biology\Post 16\Lessons\Module 2 2025\Chapter 2\2.6 Prokaryotic and eukaryotic cells.pptx|C:\Users\meggletona\UTC Sheffield\Science Team - Documents\General\2026-27\Lessons\Biology\Post 16\Lessons\Module 2 2025\Chapter 3\Chapter 3 3_10 Protein Synthesis.pptx|C:\Users\meggletona\UTC Sheffield\Science Team - Documents\General\2026-27\Lessons\Biology\Post 16\Lessons\Module 2 2025\Chapter 3\Chapter 3 3_11 ATP.pptx|C:\Users\meggletona\UTC Sheffield\Science Team - Documents\General\2026-27\Lessons\Biology\Post 16\Lessons\Module 2 2025\Chapter 3\Chapter 3 3_4 Testing for Carbohydrates.pptx|C:\Users\meggletona\UTC Sheffield\Science Team - Documents\General\2026-27\Lessons\Biology\Post 16\Lessons\Module 2 2025\Chapter 3\Chapter 3 3_5 Lipids.pptx|C:\Users\meggletona\UTC Sheffield\Science Team - Documents\General\2026-27\Lessons\Biology\Post 16\Lessons\Module 2 2025\Chapter 3\Chapter 3 3_6 Structure of Proteins.pptx|C:\Users\meggletona\UTC Sheffield\Science Team - Documents\General\2026-27\Lessons\Biology\Post 16\Lessons\Module 2 2025\Chapter 3\Chapter 3 3_7 Types of Proteins.pptx|C:\Users\meggletona\UTC Sheffield\Science Team - Documents\General\2026-27\Lessons\Biology\Post 16\Lessons\Module 2 2025\Chapter 3\Chapter 3 3_8 Nucleic Acids.pptx|C:\Users\meggletona\UTC Sheffield\Science Team - Documents\General\2026-27\Lessons\Biology\Post 16\Lessons\Module 2 2025\Chapter 3\Chapter 3 3_9 DNA replication and the genetic code copy.pptx|C:\Users\meggletona\UTC Sheffield\Science Team - Documents\General\2026-27\Lessons\Biology\Post 16\Lessons\Module 2 2025\Chapter 3\Chapter 3 3_9 DNA replication and the genetic code.pptx|C:\Users\meggletona\UTC Sheffield\Science Team - Documents\General\2026-27\Lessons\Biology\Post 16\Lessons\Module 2 2025\Chapter 4\Chapter 4 4_1 Enzyme Action JTO.pptx|C:\Users\meggletona\UTC Sheffield\Science Team - Documents\General\2026-27\Lessons\Biology\Post 16\Lessons\Module 2 2025\Chapter 4\Chapter 4 4_2 Factors Affecting Enzyme Activity JTO.pptx|C:\Users\meggletona\UTC Sheffield\Science Team - Documents\General\2026-27\Lessons\Biology\Post 16\Lessons\Module 2 2025\Chapter 4\Chapter 4 4_3 Enzyme Inhibitors.pptx|C:\Users\meggletona\UTC Sheffield\Science Team - Documents\General\2026-27\Lessons\Biology\Post 16\Lessons\Module 2 2025\Chapter 4\Chapter 4 4_4 Enzyme Cofactors, Coenzymes,  and P Groups.pptx|C:\Users\meggletona\UTC Sheffield\Science Team - Documents\General\2026-27\Lessons\Biology\Post 16\Lessons\Module 3\Chapter 7\7.1 Specialised Exchange Surfaces.pptx|C:\Users\meggletona\UTC Sheffield\Science Team - Documents\General\2026-27\Lessons\Biology\Post 16\Lessons\Module 3\Chapter 7\7.2 The mammalian gaseous exchange system.pptx|C:\Users\meggletona\UTC Sheffield\Science Team - Documents\General\2026-27\Lessons\Biology\Post 16\Lessons\Module 3\Chapter 7\7.3 Measuring the process.pptx|C:\Users\meggletona\UTC Sheffield\Science Team - Documents\General\2026-27\Lessons\Biology\Post 16\Lessons\Module 3\Chapter 7\7.4a Ventilation and gas exhange - Insects.pptx|C:\Users\meggletona\UTC Sheffield\Science Team - Documents\General\2026-27\Lessons\Biology\Post 16\Lessons\Module 3\Chapter 7\7.4b Ventilation and gas exhange - Fish.pptx|C:\Users\meggletona\UTC Sheffield\Science Team - Documents\General\2026-27\Lessons\Biology\Post 16\Lessons\Module 3\Chapter 8\8.1 Transport Systems in multicellular animals..pptx|C:\Users\meggletona\UTC Sheffield\Science Team - Documents\General\2026-27\Lessons\Biology\Post 16\Lessons\Module 3\Chapter 8\8.2 Blood Vessels.pptx|C:\Users\meggletona\UTC Sheffield\Science Team - Documents\General\2026-27\Lessons\Biology\Post 16\Lessons\Module 3\Chapter 8\8.3 Blood, tissue fluid & lymph.pptx|C:\Users\meggletona\UTC Sheffield\Science Team - Documents\General\2026-27\Lessons\Biology\Post 16\Lessons\Module 3\Chapter 8\8.4 Transport of Oxygen.pptx|C:\Users\meggletona\UTC Sheffield\Science Team - Documents\General\2026-27\Lessons\Biology\Post 16\Lessons\Module 3\Chapter 8\8.5 The heart.pptx|C:\Users\meggletona\UTC Sheffield\Science Team - Documents\General\2026-27\Lessons\Biology\Post 16\Lessons\Module 3\Chapter 8\Heart - Electrocardigrams .pptx|C:\Users\meggletona\UTC Sheffield\Science Team - Documents\General\2026-27\Lessons\Biology\Post 16\Lessons\Module 3\Chapter 8\Heart - The cardiac cycle and the heartneat.pptx|C:\Users\meggletona\UTC Sheffield\Science Team - Documents\General\2026-27\Lessons\Biology\Post 16\Lessons\Module 3\Chapter 8\Heart Lesson2 - The cardiac cycle and the heartneat.pptx|C:\Users\meggletona\UTC Sheffield\Science Team - Documents\General\2026-27\Lessons\Biology\Post 16\Lessons\Module 3\Chapter 8\Heart Structure and Disection.pptx|C:\Users\meggletona\UTC Sheffield\Science Team - Documents\General\2026-27\Lessons\Biology\Post 16\Lessons\Module 3\Chapter 9\9.1 Transport System in Plants.pptx|C:\Users\meggletona\UTC Sheffield\Science Team - Documents\General\2026-27\Lessons\Biology\Post 16\Lessons\Module 3\Chapter 9\9.2 Water Transport in Plants.pptx|C:\Users\meggletona\UTC Sheffield\Science Team - Documents\General\2026-27\Lessons\Biology\Post 16\Lessons\Module 3\Chapter 9\9.3 Transpiration.pptx|C:\Users\meggletona\UTC Sheffield\Science Team - Documents\General\2026-27\Lessons\Biology\Post 16\Lessons\Module 3\Chapter 9\9.4 Translocation.pptx|C:\Users\meggletona\UTC Sheffield\Science Team - Documents\General\2026-27\Lessons\Biology\Post 16\Lessons\Module 3\Chapter 9\9.5 Plant adaptations to water avalibility.pptx|C:\Users\meggletona\UTC Sheffield\Science Team - Documents\General\2026-27\Lessons\Biology\Post 16\Lessons\Module 3\Chapter 9\LHeaton Lessons\9.4 Phloem and translocation.pptx|C:\Users\meggletona\UTC Sheffield\Science Team - Documents\General\2026-27\Lessons\Biology\Post 16\Lessons\Module 4\Chapter 10\10.1 Classification Systems.pptx|C:\Users\meggletona\UTC Sheffield\Science Team - Documents\General\2026-27\Lessons\Biology\Post 16\Lessons\Module 4\Chapter 10\10.2 The five kingdoms.pptx|C:\Users\meggletona\UTC Sheffield\Science Team - Documents\General\2026-27\Lessons\Biology\Post 16\Lessons\Module 4\Chapter 10\10.3 Phylogeny.pptx|C:\Users\meggletona\UTC Sheffield\Science Team - Documents\General\2026-27\Lessons\Biology\Post 16\Lessons\Module 4\Chapter 10\10.5 10.6 Variation.pptx|C:\Users\meggletona\UTC Sheffield\Science Team - Documents\General\2026-27\Lessons\Biology\Post 16\Lessons\Module 4\Chapter 10\10.7 Adaptations.pptx|C:\Users\meggletona\UTC Sheffield\Science Team - Documents\General\2026-27\Lessons\Biology\Post 16\Lessons\Module 4\Chapter 10\10.8 Changing pop characterisitics.pptx|C:\Users\meggletona\UTC Sheffield\Science Team - Documents\General\2026-27\Lessons\Biology\Post 16\Lessons\Module 4\Chapter 10\LHeaton Lessons\10.7 and 10.8.pptx|C:\Users\meggletona\UTC Sheffield\Science Team - Documents\General\2026-27\Lessons\Biology\Post 16\Lessons\Module 4\Chapter 10\LHeaton Lessons\10.8 Changing pop characterisitics.pptx|C:\Users\meggletona\UTC Sheffield\Science Team - Documents\General\2026-27\Lessons\Biology\Post 16\Lessons\Module 4\Chapter 10\LHeaton Lessons\10.8 Changing population characteristics.pptx|C:\Users\meggletona\UTC Sheffield\Science Team - Documents\General\2026-27\Lessons\Biology\Post 16\Lessons\Module 4\Chapter 10\Spearmans's Rank.pptx|C:\Users\meggletona\UTC Sheffield\Science Team - Documents\General\2026-27\Lessons\Biology\Post 16\Lessons\Module 4\Chapter 11\11.1 11.2 Biodiversity _ Sampling.pptx|C:\Users\meggletona\UTC Sheffield\Science Team - Documents\General\2026-27\Lessons\Biology\Post 16\Lessons\Module 4\Chapter 11\11.3 Sampling Techniques.pptx|C:\Users\meggletona\UTC Sheffield\Science Team - Documents\General\2026-27\Lessons\Biology\Post 16\Lessons\Module 4\Chapter 11\11.4 Calculating Biodiversity.pptx|C:\Users\meggletona\UTC Sheffield\Science Team - Documents\General\2026-27\Lessons\Biology\Post 16\Lessons\Module 4\Chapter 11\11.5 Calculating Genetic Biodiversity.pptx|C:\Users\meggletona\UTC Sheffield\Science Team - Documents\General\2026-27\Lessons\Biology\Post 16\Lessons\Module 4\Chapter 11\11.6 Loss of Biodiversity.pptx|C:\Users\meggletona\UTC Sheffield\Science Team - Documents\General\2026-27\Lessons\Biology\Post 16\Lessons\Module 4\Chapter 11\11.7.8 Maintaning biodiversity.pptx|C:\Users\meggletona\UTC Sheffield\Science Team - Documents\General\2026-27\Lessons\Biology\Post 16\Lessons\Module 4\Chapter 12\12.1 Animal and Plant Pathogens.pptx|C:\Users\meggletona\UTC Sheffield\Science Team - Documents\General\2026-27\Lessons\Biology\Post 16\Lessons\Module 4\Chapter 12\12.2 Animal and Plant Disease.pptx|C:\Users\meggletona\UTC Sheffield\Science Team - Documents\General\2026-27\Lessons\Biology\Post 16\Lessons\Module 4\Chapter 12\12.3 The transmission of communicable diseases.pptx|C:\Users\meggletona\UTC Sheffield\Science Team - Documents\General\2026-27\Lessons\Biology\Post 16\Lessons\Module 4\Chapter 12\12.4 Plant defences againts pathogens.pptx|C:\Users\meggletona\UTC Sheffield\Science Team - Documents\General\2026-27\Lessons\Biology\Post 16\Lessons\Module 4\Chapter 12\12.5 Nonspecific animal defences againts pathogens.pptx|C:\Users\meggletona\UTC Sheffield\Science Team - Documents\General\2026-27\Lessons\Biology\Post 16\Lessons\Module 4\Chapter 12\12.6 The Specific Immune System.pptx|C:\Users\meggletona\UTC Sheffield\Science Team - Documents\General\2026-27\Lessons\Biology\Post 16\Lessons\Module 4\Chapter 12\12.7 Preventing and Treating Disease.pptx|C:\Users\meggletona\UTC Sheffield\Science Team - Documents\General\2026-27\Lessons\Biology\Post 16\Lessons\Module 4\Chapter 12\LHeaton Lessons\12.1 Animal and Plant Pathogens.pptx|C:\Users\meggletona\UTC Sheffield\Science Team - Documents\General\2026-27\Lessons\Biology\Post 16\Lessons\Module 4\Chapter 12\LHeaton Lessons\12.2 Animal and Plant Disease.pptx|C:\Users\meggletona\UTC Sheffield\Science Team - Documents\General\2026-27\Lessons\Biology\Post 16\Lessons\Module 4\Chapter 12\LHeaton Lessons\12.3 The transmission of communicable diseases.pptx|C:\Users\meggletona\UTC Sheffield\Science Team - Documents\General\2026-27\Lessons\Biology\Post 16\Lessons\Module 4\Chapter 12\LHeaton Lessons\12.4 Plant defences againts pathogens.pptx|C:\Users\meggletona\UTC Sheffield\Science Team - Documents\General\2026-27\Lessons\Biology\Post 16\Lessons\Module 4\Chapter 12\LHeaton Lessons\12.5 Nonspecific animal defences againts pathogens.pptx|C:\Users\meggletona\UTC Sheffield\Science Team - Documents\General\2026-27\Lessons\Biology\Post 16\Lessons\Module 4\Chapter 12\LHeaton Lessons\12.7 Preventing and Treating Disease.pptx|C:\Users\meggletona\UTC Sheffield\Science Team - Documents\General\2026-27\Lessons\Biology\Post 16\Lessons\Module 5 2025\13 - Neuronal Communication\13.10 Sliding filament model.pptx|C:\Users\meggletona\UTC Sheffield\Science Team - Documents\General\2026-27\Lessons\Biology\Post 16\Lessons\Module 5 2025\13 - Neuronal Communication\13.4 Nervous Transmission JTO.pptx|C:\Users\meggletona\UTC Sheffield\Science Team - Documents\General\2026-27\Lessons\Biology\Post 16\Lessons\Module 5 2025\13 - Neuronal Communication\13.4 Nervous Transmission print.pptx|C:\Users\meggletona\UTC Sheffield\Science Team - Documents\General\2026-27\Lessons\Biology\Post 16\Lessons\Module 5 2025\13 - Neuronal Communication\13.5 Synapses.pptx|C:\Users\meggletona\UTC Sheffield\Science Team - Documents\General\2026-27\Lessons\Biology\Post 16\Lessons\Module 5 2025\13 - Neuronal Communication\13.6 Organisation of the nervous system.pptx|C:\Users\meggletona\UTC Sheffield\Science Team - Documents\General\2026-27\Lessons\Biology\Post 16\Lessons\Module 5 2025\13 - Neuronal Communication\13.7 Structure and Function of the Brain.pptx|C:\Users\meggletona\UTC Sheffield\Science Team - Documents\General\2026-27\Lessons\Biology\Post 16\Lessons\Module 5 2025\13 - Neuronal Communication\13.8 Reflexes and 13.9 muscles.pptx|C:\Users\meggletona\UTC Sheffield\Science Team - Documents\General\2026-27\Lessons\Biology\Post 16\Lessons\Module 5 2025\18 - Respiration\18.1 Glycolysis.pptx|C:\Users\meggletona\UTC Sheffield\Science Team - Documents\General\2026-27\Lessons\Biology\Post 16\Lessons\Module 5 2025\18 - Respiration\18.2 The Link Reaction.pptx|C:\Users\meggletona\UTC Sheffield\Science Team - Documents\General\2026-27\Lessons\Biology\Post 16\Lessons\Module 5 2025\18 - Respiration\18.3 The Krebs Cycle.pptx|C:\Users\meggletona\UTC Sheffield\Science Team - Documents\General\2026-27\Lessons\Biology\Post 16\Lessons\Module 5 2025\18 - Respiration\18.4 Oxidative phosphorilation .pptx|C:\Users\meggletona\UTC Sheffield\Science Team - Documents\General\2026-27\Lessons\Biology\Post 16\Lessons\Module 5 2025\18 - Respiration\18.5 Anaerobic Respiration.pptx|C:\Users\meggletona\UTC Sheffield\Science Team - Documents\General\2026-27\Lessons\Biology\Post 16\Lessons\Module 5 2025\18 - Respiration\18.6 Respiratory Substrates .pptx|C:\Users\meggletona\UTC Sheffield\Science Team - Documents\General\2026-27\Lessons\Biology\Post 16\Lessons\Module 6\Chapter 19 JTO\19.1 Mutations and Variation .pptx|C:\Users\meggletona\UTC Sheffield\Science Team - Documents\General\2026-27\Lessons\Biology\Post 16\Lessons\Module 6\Chapter 19 JTO\19.2 Control of gene expression .pptx|C:\Users\meggletona\UTC Sheffield\Science Team - Documents\General\2026-27\Lessons\Biology\Post 16\Lessons\Module 6\Chapter 19 JTO\19.3 Body Plans.pptx|C:\Users\meggletona\UTC Sheffield\Science Team - Documents\General\2026-27\Lessons\Biology\Post 16\Lessons\Module 6\Chapter 20 JTO\20.1 Variation and inheritance.pptx|C:\Users\meggletona\UTC Sheffield\Science Team - Documents\General\2026-27\Lessons\Biology\Post 16\Lessons\Module 6\Chapter 20 JTO\20.2 Monogenetic inheritance.pptx|C:\Users\meggletona\UTC Sheffield\Science Team - Documents\General\2026-27\Lessons\Biology\Post 16\Lessons\Module 6\Chapter 20 JTO\20.3 Dihybrid inheritance.pptx|C:\Users\meggletona\UTC Sheffield\Science Team - Documents\General\2026-27\Lessons\Biology\Post 16\Lessons\Module 6\Chapter 20 JTO\20.4 Phenotypic Ratios .pptx|C:\Users\meggletona\UTC Sheffield\Science Team - Documents\General\2026-27\Lessons\Biology\Post 16\Lessons\Module 6\Chapter 20 JTO\20.5 Evolution.pptx|C:\Users\meggletona\UTC Sheffield\Science Team - Documents\General\2026-27\Lessons\Biology\Post 16\Lessons\Module 6\Chapter 20 JTO\20.6 Speciation and Artificial Selection.pptx|C:\Users\meggletona\UTC Sheffield\Science Team - Documents\General\2026-27\Lessons\Biology\Post 16\Lessons\Module 6\Chapter 21 JTO\21.1 DNA Profiling.pptx|C:\Users\meggletona\UTC Sheffield\Science Team - Documents\General\2026-27\Lessons\Biology\Post 16\Lessons\Module 6\Chapter 21 JTO\21.2 DNA Sequencing and Analysis.pptx|C:\Users\meggletona\UTC Sheffield\Science Team - Documents\General\2026-27\Lessons\Biology\Post 16\Lessons\Module 6\Chapter 21 JTO\21.3 Using DNA Sequencing.pptx|C:\Users\meggletona\UTC Sheffield\Science Team - Documents\General\2026-27\Lessons\Biology\Post 16\Lessons\Module 6\Chapter 21 JTO\21.4 Genetic Engineering.pptx|C:\Users\meggletona\UTC Sheffield\Science Team - Documents\General\2026-27\Lessons\Biology\Post 16\Lessons\Module 6\Chapter 21 JTO\21.5 Gene Technology and ethics.pptx|C:\Users\meggletona\UTC Sheffield\Science Team - Documents\General\2026-27\Lessons\Biology\Post 16\Lessons\Module 6\Chapter 22 JTO\22.1 Natural Cloning In Plants.pptx|C:\Users\meggletona\UTC Sheffield\Science Team - Documents\General\2026-27\Lessons\Biology\Post 16\Lessons\Module 6\Chapter 22 JTO\22.2 Artificial Cloning In Plants.pptx|C:\Users\meggletona\UTC Sheffield\Science Team - Documents\General\2026-27\Lessons\Biology\Post 16\Lessons\Module 6\Chapter 22 JTO\22.3 Cloning In Animals.pptx|C:\Users\meggletona\UTC Sheffield\Science Team - Documents\General\2026-27\Lessons\Biology\Post 16\Lessons\Module 6\Chapter 22 JTO\22.4 .pptx|C:\Users\meggletona\UTC Sheffield\Science Team - Documents\General\2026-27\Lessons\Biology\Post 16\Lessons\Module 6\Chapter 22 JTO\22.5.pptx|C:\Users\meggletona\UTC Sheffield\Science Team - Documents\General\2026-27\Lessons\Biology\Post 16\Lessons\Module 6\Chapter 22 JTO\22.6 Culturing Microorganisms in the Labatory - Student.pptx|C:\Users\meggletona\UTC Sheffield\Science Team - Documents\General\2026-27\Lessons\Biology\Post 16\Lessons\Module 6\Chapter 22 JTO\22.6 Culturing Microorganisms in the Labatory.pptx|C:\Users\meggletona\UTC Sheffield\Science Team - Documents\General\2026-27\Lessons\Biology\Post 16\Lessons\Module 6\Chapter 22 JTO\22.7 Culturing on an industrial scale.pptx|C:\Users\meggletona\UTC Sheffield\Science Team - Documents\General\2026-27\Lessons\Biology\Post 16\Lessons\Module 6\Chapter 22 JTO\22.8 Using immobilised enzymes.pptx|C:\Users\meggletona\UTC Sheffield\Science Team - Documents\General\2026-27\Lessons\Biology\Post 16\Lessons\Module 6\Chapter 23 JTO\23.1 Ecosystems.pptx|C:\Users\meggletona\UTC Sheffield\Science Team - Documents\General\2026-27\Lessons\Biology\Post 16\Lessons\Module 6\Chapter 23 JTO\23.2 BiomassTransfer through an ecosystem.pptx|C:\Users\meggletona\UTC Sheffield\Science Team - Documents\General\2026-27\Lessons\Biology\Post 16\Lessons\Module 6\Chapter 23 JTO\23.3 Recycling within Ecosystems.pptx|C:\Users\meggletona\UTC Sheffield\Science Team - Documents\General\2026-27\Lessons\Biology\Post 16\Lessons\Module 6\Chapter 23 JTO\23.4 Succession.pptx|C:\Users\meggletona\UTC Sheffield\Science Team - Documents\General\2026-27\Lessons\Biology\Post 16\Lessons\Module 6\Chapter 23 JTO\23.5 measuring the distribution and abundance of organisms.pptx|C:\Users\meggletona\UTC Sheffield\Science Team - Documents\General\2026-27\Lessons\Biology\Post 16\Lessons\Module 6\Chapter 24 JTO\24.1 Population Size.pptx|C:\Users\meggletona\UTC Sheffield\Science Team - Documents\General\2026-27\Lessons\Biology\Post 16\Lessons\Module 6\Chapter 24 JTO\24.2 Competition.pptx|C:\Users\meggletona\UTC Sheffield\Science Team - Documents\General\2026-27\Lessons\Biology\Post 16\Lessons\Module 6\Chapter 24 JTO\24.3 Predator Prey Relationships.pptx|C:\Users\meggletona\UTC Sheffield\Science Team - Documents\General\2026-27\Lessons\Biology\Post 16\Lessons\Module 6\Chapter 24 JTO\24.4 Conservation and Preservation.pptx|C:\Users\meggletona\UTC Sheffield\Science Team - Documents\General\2026-27\Lessons\Biology\Post 16\Lessons\Module 6\Chapter 24 JTO\24.5 Sustainability.pptx|C:\Users\meggletona\UTC Sheffield\Science Team - Documents\General\2026-27\Lessons\Biology\Post 16\Lessons\Module 6\Chapter 24 JTO\24.6-8 - Masai Mara, Terai and Peat Bogs.pptx|C:\Users\meggletona\UTC Sheffield\Science Team - Documents\General\2026-27\Lessons\Biology\Post 16\Lessons\Module 6\Chapter 24 JTO\24.9 Enviromentally Sensitive Ecosystems.pptx|C:\Users\meggletona\UTC Sheffield\Science Team - Documents\General\2026-27\Lessons\Biology\Revision\10 X1 Assessment 5 Revision Lesson - Copy.pptx|C:\Users\meggletona\UTC Sheffield\Science Team - Documents\General\2026-27\Lessons\Biology\Revision\10X1 - Y1 Assessment 6 revision part 2.pptx|C:\Users\meggletona\UTC Sheffield\Science Team - Documents\General\2026-27\Lessons\Biology\Revision\2022_23 Revision Lessons\B4.1.6 Nutrient Cycling revision.pptx|C:\Users\meggletona\UTC Sheffield\Science Team - Documents\General\2026-27\Lessons\Biology\Revision\2026\B3.2.1 Hormones Revision.pptx|C:\Users\meggletona\UTC Sheffield\Science Team - Documents\General\2026-27\Lessons\Biology\Revision\2026\B3.3 Controlling blood sugar Revision.pptx|C:\Users\meggletona\UTC Sheffield\Science Team - Documents\General\2026-27\Lessons\Biology\Revision\2026\B6.1Sampling Techniques Revision.pptx|C:\Users\meggletona\UTC Sheffield\Science Team - Documents\General\2026-27\Lessons\Biology\Revision\Assessment 6 revision - Copy.pptx|C:\Users\meggletona\UTC Sheffield\Science Team - Documents\General\2026-27\Lessons\Biology\Revision\Assessment 6 revision.pptx|C:\Users\meggletona\UTC Sheffield\Science Team - Documents\General\2026-27\Lessons\Biology\Revision\Biology Assessment 5 Revision Lesson.pptx|C:\Users\meggletona\UTC Sheffield\Science Team - Documents\General\2026-27\Lessons\Biology\Revision\Paper 2 Booster June 2024.pptx|C:\Users\meggletona\UTC Sheffield\Science Team - Documents\General\2026-27\Lessons\Biology\Revision\Revision for Assessment 8.pptx|C:\Users\meggletona\UTC Sheffield\Science Team - Documents\General\2026-27\Lessons\Transition Lessons\Y12 - Biology.pptx|C:\Users\meggletona\UTC Sheffield\Science Team - Documents\General\2026-27\Lessons\Y11 Booster Lessons\Biology\Biology Paper 1 Combined Booster 13 June 2025.pptx|C:\Users\meggletona\UTC Sheffield\Science Team - Documents\General\2026-27\Lessons\Y11 Booster Lessons\Biology\Paper 2 Booster Foundation.pptx|C:\Users\meggletona\UTC Sheffield\Science Team - Documents\General\2026-27\Lessons\Y11 Booster Lessons\Biology\Paper 2 Booster Higher - Copy.pptx|C:\Users\meggletona\UTC Sheffield\Science Team - Documents\General\2026-27\Lessons\Y11 Booster Lessons\Biology\Paper 2 Booster Higher.pptx"
http://www.scottlab.com/uploads/documents/The%20Fermentation%20of%20Fructose%20in%20,Alcohol,C:\Users\meggletona\UTC Sheffield\Science Team - Documents\General\2026-27\Lessons\Applied Science\Old Applied Science Qualification\18 - Microbiology Delivery Guide.pdf
http://www.scq.ubc.ca/wp-content/uploads/2006/07/phosphopathway.gif,Blog/Forum,C:\Users\meggletona\UTC Sheffield\Science Team - Documents\General\2026-27\Lessons\Biology\Post 16\Lessons\Archived\Module 5\Chapter 17\17.2 ATP Synthesis.pptx|C:\Users\meggletona\UTC Sheffield\Science Team - Documents\General\2026-27\Lessons\Biology\Post 16\Lessons\Archived\Module 5\Chapter 17\Energy for Biological Processes Ch. 17\Lesson 7 Energy Cycles and ATP Synthesis 17.1 and 17.2.pptx
http://www.softwaretestinghelp.com/what-is-sdlc-waterfall-model/,Blog/Forum,C:\Users\meggletona\UTC Sheffield\Computing Staff - General\Archives\Archive July 2026\Teaching Resources\Camb Tech Level 3\Unit 8 and 9\Sample Work\Unit 9 LO1.docx
http://www.softwaretestingstudio.com/wp-content/uploads/2016/09/software-testing.jpg,Blog/Forum,"C:\Users\meggletona\UTC Sheffield\Computing Staff - General\Archives\Archive July 2026\Teaching Resources\T-Levels\Content bank\2024 - 2025 lessons and content (Production, Design and Development)\Unit 1, 2 Problem Solving and Programming\2024\wk12_Developing Software - Testing with Tasks.pptx"
http://www.sorting-algorithms.com/,Streaming &amp; Downloadable Video,C:\Users\meggletona\UTC Sheffield\Computing Staff - General\Archives\Archive July 2026\Teaching Resources\ALevel Computing\Comp1\Unit 10 Computational Thinking - MEG\Topic 6 Problem solving\Computational thinking Worksheet 6 Answers.docx|C:\Users\meggletona\UTC Sheffield\Computing Staff - General\Archives\Archive July 2026\Teaching Resources\ALevel Computing\Comp1\Unit 10 Computational Thinking - MEG\Topic 6 Problem solving\Computational thinking Worksheet 6 Problem solving.docx|C:\Users\meggletona\UTC Sheffield\Computing Staff - General\Archives\Archive July 2026\Teaching Resources\ALevel Computing\Comp1\Unit 10 Computational Thinking\Topic 6 Problem solving\Computational thinking Worksheet 6 Answers.docx|C:\Users\meggletona\UTC Sheffield\Computing Staff - General\Archives\Archive July 2026\Teaching Resources\ALevel Computing\Comp1\Unit 10 Computational Thinking\Topic 6 Problem solving\Computational thinking Worksheet 6 Problem solving.docx
http://www.twitter.com/sebvandenbrink&#xA;▶,Social Networking,C:\Users\meggletona\UTC Sheffield\Computing Staff - General\Archives\Archive July 2026\Teaching Resources\Y10 GCSE Computer Science\Paper 1\1.2 - Storage and Data Rep - to update\3) 1.2.2 - Secondary Storage\1.2.2 - Secondary Storage.pptx|C:\Users\meggletona\UTC Sheffield\Computing Staff - General\Archives\Archive July 2026\Teaching Resources\Y11 GCSE Computer Science\Paper 1\1.2 - Storage and Data Rep\3) 1.2.2 - Secondary Storage\1.2.2 - Secondary Storage.pptx
http://www.wallpapergate.com/data/media/1279/Penguin_010.jpg,Smoking/Tobacco,C:\Users\meggletona\UTC Sheffield\Science Team - Documents\General\2026-27\Lessons\Biology\Post 16\Lessons\Archived\Module 4\Chapter 10\LHeaton Lessons\10.1.pptx|C:\Users\meggletona\UTC Sheffield\Science Team - Documents\General\2026-27\Lessons\Biology\Post 16\Lessons\Module 4\Chapter 10\LHeaton Lessons\10.1.pptx
http://www.webdesigndev.com/25-clear-and-beautiful-comparison-tables/,Blog/Forum,"C:\Users\meggletona\UTC Sheffield\Computing Staff - General\Archives\Archive July 2026\Teaching Resources\Camb Tech Level 3\Unit 7\WVR\Admin (Course Handbook, etc)\Delivery Guide - Data analysis and design.pdf"
http://www.wired.com/2014/11/countdown-to-zero-day-stuxnet/,Streaming &amp; Downloadable Video,C:\Users\meggletona\UTC Sheffield\Computing Staff - General\Archives\Archive July 2026\Teaching Resources\Camb Tech Level 3\Unit 3\OCR-cybersecurity delivery guide.pdf
https://about.netflix.com/en/news/completing-the-netflix-cloud-migration,Streaming &amp; Downloadable Video,"C:\Users\meggletona\UTC Sheffield\Computing Staff - General\Archives\Archive July 2026\Teaching Resources\T-Levels\2025 - 2026 Year 1 (Software Development)\HCH - units 3, 5 and 6\Unit 5 - Business context\5.4 Technical change management\5.4.4 The technical change management process.pptx|C:\Users\meggletona\UTC Sheffield\Computing Staff - General\Archives\Archive July 2026\Teaching Resources\T-Levels\Content bank\2024 - 2025 lessons and content (Production, Design and Development)\Unit 5 - Business context\5.3 Technical change management\5.3.2 The technical change management process.pptx"
https://accessibilitygame.nl/en/,Games,"C:\Users\meggletona\UTC Sheffield\Computing Staff - General\Archives\Archive July 2026\Teaching Resources\T-Levels\2025 - 2026 Year 1 (Software Development)\HCH - units 3, 5 and 6\Unit 3 - Emerging issues\3.1 Impact of digital technologies\3.1.3 End user characteristics.pptx"
https://agustinburgos.com/,Blog/Forum,"C:\Users\meggletona\UTC Sheffield\Computing Staff - General\Archives\Archive July 2026\Teaching Resources\T-Levels\2025 - 2026 Year 2 (Production, Design and Development)\DPA\Part 1 - HTML and JS\T2_Wk01b.pptx"
https://alvarotrigo.com/blog/web-developer-portfolio-examples/,Blog/Forum,"C:\Users\meggletona\UTC Sheffield\Computing Staff - General\Archives\Archive July 2026\Teaching Resources\T-Levels\2025 - 2026 Year 2 (Production, Design and Development)\DPA\Part 1 - HTML and JS\T2_Wk01b.pptx"
https://andydengel.itch.io/bills-computer-workshop-en,Games,"C:\Users\meggletona\UTC Sheffield\Computing Staff - General\Archives\Archive July 2026\Teaching Resources\T-Levels\Content bank\2024 - 2025 lessons and content (Production, Design and Development)\Resources\t-level-digital-core-sow.docx"
https://appvn.onl/top-5-lifestyle-apps/,Software Download,C:\Users\meggletona\UTC Sheffield\Computing Staff - General\Archives\Archive July 2026\Teaching Resources\AAQ Application Development\F160 Fundamentals of application development\Topic area 1 - Types of software used in application design\1.3.1 - Application types.pptx
https://automatetheboringstuff.com/2e/chapter8/,Blog/Forum,"C:\Users\meggletona\UTC Sheffield\Computing Staff - General\Archives\Archive July 2026\Teaching Resources\T-Levels\Content bank\2024 - 2025 lessons and content (Production, Design and Development)\Resources\intro-to-programming-topic-lesson-plans.pdf"
https://bitesizebio.com/29685/determine-molecular-weight-gel-filtration-chromatogram/,Blog/Forum,C:\Users\meggletona\UTC Sheffield\Science Team - Documents\General\2026-27\Lessons\Applied Science\AAQ Applied Science\Unit F183 Analytical techniques in chemistry\Scheme of work (F183) Analytical techniques in chemistry.docx
https://bitesofwellness.com/,Blog/Forum,"C:\Users\meggletona\UTC Sheffield\Computing Staff - General\Archives\Archive July 2026\Teaching Resources\T-Levels\2025 - 2026 Year 2 (Production, Design and Development)\OSC - Past Papers\OSC2022\2022_exemplification-os-digital-distinction.pdf"
https://bitesofwellness.com/blog/,Blog/Forum,"C:\Users\meggletona\UTC Sheffield\Computing Staff - General\Archives\Archive July 2026\Teaching Resources\T-Levels\2025 - 2026 Year 2 (Production, Design and Development)\OSC - Past Papers\OSC2022\2022_exemplification-os-digital-distinction.pdf"
https://blog.hubspot.com/service/customer-needs,Blog/Forum,C:\Users\meggletona\UTC Sheffield\Computing Staff - General\Archives\Archive July 2026\Teaching Resources\Camb Nat Level 2\2024 - 2025\R060\SOW-data-manipulation-using-spreadsheets.docx
https://blog.hubspot.com/service/questionnaire,Blog/Forum,"C:\Users\meggletona\UTC Sheffield\Computing Staff - General\Archives\Archive July 2026\Teaching Resources\T-Levels\2025 - 2026 Year 2 (Production, Design and Development)\OSC - Past Papers\OSC\digital-production-design-and-development-project-delivery-guide-new-blue-1.pdf"
https://brainmass.com/computer-science/logic-design/data-flow-diagrams-dfds-black-box-concept-70145,Cheating/Plagarism,C:\Users\meggletona\UTC Sheffield\Computing Staff - General\Archives\Archive July 2026\Teaching Resources\AAQ Application Development\Application development - Docs and specs\F161 mandatory unit - Developing application software\Scheme of work Developing application software (F161).docx
https://callenhyde.blogspot.com/2024/05/custom-sneaker-design-ideas-to-inspire.html,Blog/Forum,C:\Users\meggletona\UTC Sheffield\Computing Staff - General\Archives\Archive July 2026\Teaching Resources\AAQ Application Development\F160 Fundamentals of application development\Topic area 1 - Types of software used in application design\1.3.3 - Application software types.pptx
https://chembam.com/online-resources/biro-column-chromatography/,Blog/Forum,C:\Users\meggletona\UTC Sheffield\Science Team - Documents\General\2026-27\Lessons\Applied Science\AAQ Applied Science\Unit F183 Analytical techniques in chemistry\Scheme of work (F183) Analytical techniques in chemistry.docx
https://chemguide.net/wp-content/uploads/2017/11/Separationtechniques_y9.pdf,Blog/Forum,C:\Users\meggletona\UTC Sheffield\Science Team - Documents\General\2026-27\Lessons\Applied Science\AAQ Applied Science\Unit F183 Analytical techniques in chemistry\Scheme of work (F183) Analytical techniques in chemistry.docx
https://codeopen.io,Parked Domains,"C:\Users\meggletona\UTC Sheffield\Computing Staff - General\Archives\Archive July 2026\Teaching Resources\T-Levels\2025 - 2026 Year 2 (Production, Design and Development)\OSC - Past Papers\OSC\digital-production-design-and-development-project-delivery-guide-new-blue-1.pdf"
https://coder.show/episodes/page/2,Streaming &amp; Downloadable Video,C:\Users\meggletona\UTC Sheffield\Computing Staff - General\Archives\Archive July 2026\Teaching Resources\AAQ Application Development\Application development - Docs and specs\F160 mandatory unit - Fundamentals of applications development\Scheme of work Fundamentals of application development (F160).docx|C:\Users\meggletona\UTC Sheffield\Computing Staff - General\Archives\Archive July 2026\Teaching Resources\AAQ Application Development\F160 Fundamentals of application development\Scheme of work Fundamentals of application development (F160).docx
https://craigndave.org/product/aqa-alevel-slr-17-internal-computer-architecture/,Blog/Forum,"C:\Users\meggletona\UTC Sheffield\Computing Staff - General\Archives\Archive July 2026\Teaching Resources\T-Levels\Content bank\2024 - 2025 lessons and content (Production, Design and Development)\Resources\t-level-digital-core-sow.docx"
https://craigndave.org/product/slr-01-structure-and-function-of-the-processor/,Blog/Forum,"C:\Users\meggletona\UTC Sheffield\Computing Staff - General\Archives\Archive July 2026\Teaching Resources\T-Levels\Content bank\2024 - 2025 lessons and content (Production, Design and Development)\Resources\t-level-digital-core-sow.docx"
https://craigndave.org/product/slr-03-input-output-storage/,Blog/Forum,"C:\Users\meggletona\UTC Sheffield\Computing Staff - General\Archives\Archive July 2026\Teaching Resources\T-Levels\Content bank\2024 - 2025 lessons and content (Production, Design and Development)\Resources\t-level-digital-core-sow.docx"
https://craigndave.org/product/slr5-network-and-cyber-security/,Blog/Forum,"C:\Users\meggletona\UTC Sheffield\Computing Staff - General\Archives\Archive July 2026\Teaching Resources\T-Levels\Content bank\2024 - 2025 lessons and content (Production, Design and Development)\Resources\t-level-digital-core-sow.docx"
https://creators.spotify.com/pod/show/clearpurpose/episodes/Episode-5-Data-vs--Information-vs--Knowledge-vs--Wisdom-efqq1h/a-a2hnnhr,Streaming &amp; Downloadable Video,C:\Users\meggletona\UTC Sheffield\Computing Staff - General\Archives\Archive July 2026\Teaching Resources\AAQ Data Analytics\F200 mandatory unit - Fundamentals of data analytics\Scheme of work Fundamentals of data analytics (F200).docx
https://creators.spotify.com/pod/show/ms-p-jennings/episodes/F4-Data-Types-and-Operators-e1o4avk/a-a8id8n6,Streaming &amp; Downloadable Video,C:\Users\meggletona\UTC Sheffield\Computing Staff - General\Archives\Archive July 2026\Teaching Resources\AAQ Data Analytics\F200 mandatory unit - Fundamentals of data analytics\Scheme of work Fundamentals of data analytics (F200).docx
https://crunchchemistry.co.uk/gas-volume-calculation/,Blog/Forum,C:\Users\meggletona\UTC Sheffield\Science Team - Documents\General\2026-27\Lessons\Applied Science\AAQ Applied Science\Unit F180 Fundamentals of science\Scheme of work Fundamentals of science (F180).docx
https://crunchchemistry.co.uk/identifying-anions-and-cations-using-chemical-tests/,Blog/Forum,C:\Users\meggletona\UTC Sheffield\Science Team - Documents\General\2026-27\Lessons\Applied Science\AAQ Applied Science\Unit F183 Analytical techniques in chemistry\Scheme of work (F183) Analytical techniques in chemistry.docx
https://crunchchemistry.co.uk/reacting-mass-calculations/,Blog/Forum,C:\Users\meggletona\UTC Sheffield\Science Team - Documents\General\2026-27\Lessons\Applied Science\AAQ Applied Science\Unit F183 Analytical techniques in chemistry\Scheme of work (F183) Analytical techniques in chemistry.docx
https://crunchchemistry.co.uk/redox-titration-exam-question-practice/,Blog/Forum,C:\Users\meggletona\UTC Sheffield\Science Team - Documents\General\2026-27\Lessons\Applied Science\AAQ Applied Science\Unit F183 Analytical techniques in chemistry\Scheme of work (F183) Analytical techniques in chemistry.docx
https://curiosidadesdelamicrobiologia.blogspot.com/2018/,Blog/Forum,C:\Users\meggletona\UTC Sheffield\Science Team - Documents\General\2026-27\Lessons\Applied Science\Old Applied Science Qualification\Module 18 - Microbiology\LO 1\2 Classification of bacteria\Presentation.pptx
https://dataedo.com/kb/data-glossary/what-is-metadata,Software Download,"C:\Users\meggletona\UTC Sheffield\Computing Staff - General\Archives\Archive July 2026\Teaching Resources\T-Levels\Content bank\2024 - 2025 lessons and content (Production, Design and Development)\Resources\data-intro-powerpoint.pptx"
https://datafloq.com/read/walt-disneys-magical-approach-to-big-data/,Blog/Forum,C:\Users\meggletona\UTC Sheffield\Computing Staff - General\Archives\Archive July 2026\Teaching Resources\AAQ Data Analytics\F201 mandatory unit - Big data and machine learning\Scheme of work Big data and machine learning (F201).docx
https://deepmind.google/,AI &amp; ML,"C:\Users\meggletona\UTC Sheffield\Computing Staff - General\Archives\Archive July 2026\Teaching Resources\T-Levels\Content bank\2024 - 2025 lessons and content (Production, Design and Development)\Resources\t-level-digital-core-sow.docx"
https://dev.to/buurzx/buble-sort-4jkc,Blog/Forum,C:\Users\meggletona\UTC Sheffield\Computing Staff - General\Archives\Archive July 2026\Teaching Resources\ALevel Computing\Comp2\Year13\WK06_Sorting Algorithms Revisied.pptx
https://dev.to/emeroid/abstraction-in-software-engineering-simplifying-complexity-for-efficient-solutions-30hj,Blog/Forum,C:\Users\meggletona\UTC Sheffield\Computing Staff - General\Archives\Archive July 2026\Teaching Resources\AAQ Application Development\Application development - Docs and specs\F160 mandatory unit - Fundamentals of applications development\Scheme of work Fundamentals of application development (F160).docx|C:\Users\meggletona\UTC Sheffield\Computing Staff - General\Archives\Archive July 2026\Teaching Resources\AAQ Application Development\F160 Fundamentals of application development\Scheme of work Fundamentals of application development (F160).docx
https://dev.to/favourmark05/writing-proper-error-messages-the-art-of-effective-communication-in-software-development-emj,Blog/Forum,C:\Users\meggletona\UTC Sheffield\Computing Staff - General\Archives\Archive July 2026\Teaching Resources\AAQ Application Development\Application development - Docs and specs\F160 mandatory unit - Fundamentals of applications development\Scheme of work Fundamentals of application development (F160).docx|C:\Users\meggletona\UTC Sheffield\Computing Staff - General\Archives\Archive July 2026\Teaching Resources\AAQ Application Development\F160 Fundamentals of application development\Scheme of work Fundamentals of application development (F160).docx
https://dev.to/mage_ai/how-does-tiktok-use-machine-learning-5b7i,Blog/Forum,C:\Users\meggletona\UTC Sheffield\Computing Staff - General\Archives\Archive July 2026\Teaching Resources\AAQ Data Analytics\F201 mandatory unit - Big data and machine learning\Scheme of work Big data and machine learning (F201).docx
https://diyi0t.com/wp-content/uploads/2019/08/Arduino-Uno-Pinout-1.png,Blog/Forum,C:\Users\meggletona\UTC Sheffield\Computing Staff - General\Archives\Archive July 2026\Teaching Resources\Camb Tech Level 3\Unit 14\Week 1 - Arduino Lesson 01.pptx
https://dzone.com/articles/10-interesting-use-cases-for-the-k-means-algorithm,Blog/Forum,C:\Users\meggletona\UTC Sheffield\Computing Staff - General\Archives\Archive July 2026\Teaching Resources\AAQ Data Analytics\F201 mandatory unit - Big data and machine learning\Scheme of work Big data and machine learning (F201).docx
https://edition.cnn.com/2024/02/14/europe/ukraine-war-latest-intl/index.html,Streaming &amp; Downloadable Video,"C:\Users\meggletona\UTC Sheffield\Computing Staff - General\Archives\Archive July 2026\Teaching Resources\T-Levels\2025 - 2026 Year 2 (Production, Design and Development)\HCH\Task 1 - Proposal (Activity A)\Correct the references ANSWERS.docx|C:\Users\meggletona\UTC Sheffield\Computing Staff - General\Archives\Archive July 2026\Teaching Resources\T-Levels\2025 - 2026 Year 2 (Production, Design and Development)\HCH\Task 1 - Proposal (Activity A)\Correct the references.docx"
https://educating-physics.com/gcse/electricity/i-v-characteristics/,Malicious Internet Activity,C:\Users\meggletona\UTC Sheffield\Science Team - Documents\General\2026-27\Lessons\Applied Science\AAQ Applied Science\Unit F180 Fundamentals of science\Scheme of work Fundamentals of science (F180).docx
https://embeddedinventor.com/embedded-software-explained-with-examples/,Blog/Forum,C:\Users\meggletona\UTC Sheffield\Computing Staff - General\Archives\Archive July 2026\Teaching Resources\AAQ Application Development\Application development - Docs and specs\F160 mandatory unit - Fundamentals of applications development\Scheme of work Fundamentals of application development (F160).docx|C:\Users\meggletona\UTC Sheffield\Computing Staff - General\Archives\Archive July 2026\Teaching Resources\AAQ Application Development\F160 Fundamentals of application development\Scheme of work Fundamentals of application development (F160).docx
https://essentialsdocs.fandom.com/wiki/Metadata,Streaming &amp; Downloadable Video,"C:\Users\meggletona\UTC Sheffield\Computing Staff - General\Archives\Archive July 2026\Teaching Resources\T-Levels\Content bank\2024 - 2025 lessons and content (Production, Design and Development)\Resources\data-intro-powerpoint.pptx"
https://fitsmallbusiness.com/encryption-at-rest-and-in-transit/,Blog/Forum,C:\Users\meggletona\UTC Sheffield\Computing Staff - General\Archives\Archive July 2026\Teaching Resources\AAQ Application Development\Application development - Docs and specs\F161 mandatory unit - Developing application software\Scheme of work Developing application software (F161).docx
https://fonts.googleleapis.com,Games,"C:\Users\meggletona\UTC Sheffield\Computing Staff - General\Archives\Archive July 2026\Teaching Resources\T-Levels\2025 - 2026 Year 2 (Production, Design and Development)\OSC - Past Papers\OSC2022\grade-standard-exemplification-materials-2022-t-level-digital-distinction.pdf"
https://fs.blog/confirmation-bias/,Streaming &amp; Downloadable Video,C:\Users\meggletona\UTC Sheffield\Science Team - Documents\General\2026-27\Lessons\Applied Science\AAQ Applied Science\Unit F181 Science in society\Scheme of work Science in society (F181) (1).docx
https://futureofworking.com/8-advantages-and-disadvantages-of-computer-networking/,Blog/Forum,"C:\Users\meggletona\UTC Sheffield\Computing Staff - General\Archives\Archive July 2026\Teaching Resources\T-Levels\Content bank\2024 - 2025 lessons and content (Production, Design and Development)\Resources\digital-environments-intro-powerpoint (1).pptx"
https://gafferongames.com/post/udp_vs_tcp/,Games,C:\Users\meggletona\UTC Sheffield\Computing Staff - General\Archives\Archive July 2026\Teaching Resources\AAQ Application Development\Application development - Docs and specs\F161 mandatory unit - Developing application software\Scheme of work Developing application software (F161).docx
https://geekymedics.com/a-beginners-guide-to-ultrasound/,Streaming &amp; Downloadable Video,C:\Users\meggletona\UTC Sheffield\Science Team - Documents\General\2026-27\Lessons\Applied Science\AAQ Applied Science\Unit F180 Fundamentals of science\Scheme of work Fundamentals of science (F180).docx
https://geekymedics.com/basics-of-ultrasound/,Streaming &amp; Downloadable Video,C:\Users\meggletona\UTC Sheffield\Science Team - Documents\General\2026-27\Lessons\Applied Science\AAQ Applied Science\Unit F180 Fundamentals of science\Scheme of work Fundamentals of science (F180).docx
https://gemini.google.com/,Online Chat,C:\Users\meggletona\UTC Sheffield\Science Team - Documents\General\2026-27\Lessons\Physics\P8 Global Challenges\P8.4 Science Week\Homework Activity.docx
https://gitter.im/matplotlib/matplotlib,Online Chat,C:\Users\meggletona\UTC Sheffield\Computing Staff - General\Archives\Archive July 2026\Teaching Resources\T-Levels\2025 - 2026 Year 1 (Software Development)\DPA - units 1 and 2\Half Term 2\Week10 - Data Analysis\Extra Handouts\cheatsheets.pdf
https://grammar.org.uk/wp/wp-content/uploads/2016/05/Researching-Chemistry-Notes-from-Glow.pdf,Blog/Forum,C:\Users\meggletona\UTC Sheffield\Science Team - Documents\General\2026-27\Lessons\Applied Science\AAQ Applied Science\Unit F183 Analytical techniques in chemistry\Scheme of work (F183) Analytical techniques in chemistry.docx
https://handmade.network/p/293/netsim/,Blog/Forum,"C:\Users\meggletona\UTC Sheffield\Computing Staff - General\Archives\Archive July 2026\Teaching Resources\T-Levels\Content bank\2024 - 2025 lessons and content (Production, Design and Development)\Resources\t-level-digital-core-sow.docx"
https://ifoodreal.com/clean-eating-recipes-dinners/,Blog/Forum,"C:\Users\meggletona\UTC Sheffield\Computing Staff - General\Archives\Archive July 2026\Teaching Resources\T-Levels\2025 - 2026 Year 2 (Production, Design and Development)\OSC - Past Papers\OSC2022\2022_exemplification-os-digital-distinction.pdf"
https://informationisbeautiful.net/,Blog/Forum,"C:\Users\meggletona\UTC Sheffield\Computing Staff - General\Archives\Archive July 2026\Teaching Resources\AAQ Data Analytics\F202 - Spreadsheet Data Modelling\Lesson slides\AAQ coursework introduction.pptx|C:\Users\meggletona\UTC Sheffield\Computing Staff - General\Archives\Archive July 2026\Teaching Resources\T-Levels\2025 - 2026 Year 1 (Software Development)\HCH - units 3, 5 and 6\Unit 6 - Data\6.1 Data, information and knowledge\6.1.1 Data, information and knowledge.pptx|C:\Users\meggletona\UTC Sheffield\Computing Staff - General\Archives\Archive July 2026\Teaching Resources\T-Levels\2025 - 2026 Year 1 (Software Development)\HCH - units 3, 5 and 6\Unit 6 - Data\6.1 Data, information and knowledge\6.1.4 How organisations use data and information.pptx|C:\Users\meggletona\UTC Sheffield\Computing Staff - General\Archives\Archive July 2026\Teaching Resources\T-Levels\2025 - 2026 Year 1 (Software Development)\HCH - units 3, 5 and 6\Unit 6 - Data\6.9 Data visualisation\Data science.pptx|C:\Users\meggletona\UTC Sheffield\Computing Staff - General\Archives\Archive July 2026\Teaching Resources\T-Levels\2025 - 2026 Year 1 (Software Development)\HCH - units 3, 5 and 6\Unit 6 - Data\6.9 Data visualisation\Planetary data task.docx|C:\Users\meggletona\UTC Sheffield\Computing Staff - General\Archives\Archive July 2026\Teaching Resources\T-Levels\Content bank\2024 - 2025 lessons and content (Production, Design and Development)\Resources\data-topic-lesson-plans.pdf|C:\Users\meggletona\UTC Sheffield\Computing Staff - General\Archives\Archive July 2026\Teaching Resources\Y9 IT\2024 - 2025\Data and Excel skills (Prefect)\Week 2 & 3 - Prefect and data science\Data science.pptx|C:\Users\meggletona\UTC Sheffield\Computing Staff - General\Archives\Archive July 2026\Teaching Resources\Y9 IT\2024 - 2025\Data and Excel skills (Prefect)\Week 2 & 3 - Prefect and data science\Planetary data task Y9.docx"
https://informationisbeautiful.net/topic/nature-climate/,Blog/Forum,C:\Users\meggletona\UTC Sheffield\Computing Staff - General\Archives\Archive July 2026\Teaching Resources\Y9 IT\2024 - 2025\Data and Excel skills (Prefect)\Extension lesson (if needed)\L2 Slides - Data science - Y9.pptx
https://informationisbeautiful.net/visualizations/worl,Blog/Forum,"C:\Users\meggletona\UTC Sheffield\Computing Staff - General\Archives\Archive July 2026\Teaching Resources\T-Levels\Content bank\2024 - 2025 lessons and content (Production, Design and Development)\Resources\leg-and-reg-requirements-topic-lesson-plans.pdf"
https://informationisbeautiful.net/visualizations/worlds-biggest-data-breaches-hacks/,Blog/Forum,"C:\Users\meggletona\UTC Sheffield\Computing Staff - General\Archives\Archive July 2026\Teaching Resources\T-Levels\Content bank\2024 - 2025 lessons and content (Production, Design and Development)\Resources\digital-environments-intro-powerpoint (1).pptx"
https://julius.ai/articles/cluster-analysis-guide,AI &amp; ML,C:\Users\meggletona\UTC Sheffield\Computing Staff - General\Archives\Archive July 2026\Teaching Resources\AAQ Data Analytics\F201 mandatory unit - Big data and machine learning\Scheme of work Big data and machine learning (F201).docx
https://keydifferences.com/difference-between-goods-and-services.html,Blog/Forum,"C:\Users\meggletona\UTC Sheffield\Computing Staff - General\Archives\Archive July 2026\Teaching Resources\T-Levels\Content bank\2024 - 2025 lessons and content (Production, Design and Development)\Resources\t-level-digital-core-sow.docx"
https://library.fiveable.me/data-inference-and-decisions/unit-1/types-data-characteristics/study-guide/YlM6XQ9qH4zqlduM,Cheating/Plagarism,C:\Users\meggletona\UTC Sheffield\Computing Staff - General\Archives\Archive July 2026\Teaching Resources\AAQ Application Development\Application development - Docs and specs\F161 mandatory unit - Developing application software\Scheme of work Developing application software (F161).docx
https://matrixread.com/freemium-is-the-new-premium-idea/,Blog/Forum,C:\Users\meggletona\UTC Sheffield\Computing Staff - General\Archives\Archive July 2026\Teaching Resources\AAQ Application Development\F160 Fundamentals of application development\Topic area 1 - Types of software used in application design\1.3.2 - Application software categories.pptx
https://michaeltoth.me/detailed-guide-to-the-bar-chart-in-r-with-ggplot.html,Blog/Forum,C:\Users\meggletona\UTC Sheffield\Computing Staff - General\Archives\Archive July 2026\Teaching Resources\Camb Nat Level 2\STO Resources\R060\2023-2024 Sample Planning.docx
https://mrayton.com/uploads/3/4/2/3/34236437/gravimetric_analysis_sample_problems_solution_guide.pdf,Blog/Forum,C:\Users\meggletona\UTC Sheffield\Science Team - Documents\General\2026-27\Lessons\Applied Science\AAQ Applied Science\Unit F183 Analytical techniques in chemistry\Scheme of work (F183) Analytical techniques in chemistry.docx
https://neal.fun/design-the-next-iphone/,Games,C:\Users\meggletona\UTC Sheffield\Computing Staff - General\Archives\Archive July 2026\Teaching Resources\Y9 IT\2024 - 2025\Basic IT skills\10 - EU Code week.pptx
https://open.spotify.com/show/3GoSpQqvZUXTorK6gSvLs7,Streaming &amp; Downloadable Video,C:\Users\meggletona\UTC Sheffield\Science Team - Documents\General\2026-27\Lessons\Applied Science\AAQ Applied Science\Unit F183 Analytical techniques in chemistry\Scheme of work (F183) Analytical techniques in chemistry.docx
https://open.spotify.com/show/6UCtBYL29hwhw4YbTdX83N,Streaming &amp; Downloadable Video,C:\Users\meggletona\UTC Sheffield\Computing Staff - General\Archives\Archive July 2026\Teaching Resources\AAQ Application Development\Application development - Docs and specs\F160 mandatory unit - Fundamentals of applications development\Scheme of work Fundamentals of application development (F160).docx|C:\Users\meggletona\UTC Sheffield\Computing Staff - General\Archives\Archive July 2026\Teaching Resources\AAQ Application Development\F160 Fundamentals of application development\Scheme of work Fundamentals of application development (F160).docx
https://open.spotify.com/show/6pU6p5BYWY783iaiGQgguN,Streaming &amp; Downloadable Video,C:\Users\meggletona\UTC Sheffield\Computing Staff - General\Archives\Archive July 2026\Teaching Resources\AAQ Application Development\Application development - Docs and specs\F160 mandatory unit - Fundamentals of applications development\Scheme of work Fundamentals of application development (F160).docx|C:\Users\meggletona\UTC Sheffield\Computing Staff - General\Archives\Archive July 2026\Teaching Resources\AAQ Application Development\F160 Fundamentals of application development\Scheme of work Fundamentals of application development (F160).docx
https://personal.utdallas.edu/~scortes/ochem/OChem_Lab1/recit_notes/ir_presentation.pdf,Blog/Forum,C:\Users\meggletona\UTC Sheffield\Science Team - Documents\General\2026-27\Lessons\Applied Science\AAQ Applied Science\Unit F183 Analytical techniques in chemistry\Scheme of work (F183) Analytical techniques in chemistry.docx
https://phoenixdex.alteredorigin.net/pokemon/meta/,Games,"C:\Users\meggletona\UTC Sheffield\Computing Staff - General\Archives\Archive July 2026\Teaching Resources\T-Levels\Content bank\2024 - 2025 lessons and content (Production, Design and Development)\Resources\data-intro-powerpoint.pptx"
https://pokeapi.co/,Games,C:\Users\meggletona\UTC Sheffield\Computing Staff - General\Archives\Archive July 2026\Teaching Resources\AAQ Application Development\Application development - Docs and specs\F161 mandatory unit - Developing application software\Scheme of work Developing application software (F161).docx
https://quizizz.com/,AI &amp; ML,"C:\Users\meggletona\UTC Sheffield\Computing Staff - General\Archives\Archive July 2026\Teaching Resources\AAQ Application Development\Application development - Docs and specs\F160 mandatory unit - Fundamentals of applications development\Scheme of work Fundamentals of application development (F160).docx|C:\Users\meggletona\UTC Sheffield\Computing Staff - General\Archives\Archive July 2026\Teaching Resources\AAQ Application Development\F160 Fundamentals of application development\Scheme of work Fundamentals of application development (F160).docx|C:\Users\meggletona\UTC Sheffield\Computing Staff - General\Archives\Archive July 2026\Teaching Resources\AAQ Data Analytics\F200 mandatory unit - Fundamentals of data analytics\Scheme of work Fundamentals of data analytics (F200).docx|C:\Users\meggletona\UTC Sheffield\Computing Staff - General\Archives\Archive July 2026\Teaching Resources\T-Levels\2025 - 2026 Year 2 (Production, Design and Development)\OSC - Past Papers\OSC2022\grade-standard-exemplification-materials-2022-t-level-digital-distinction.pdf"
https://randomnumbergenerator.org/,Games,C:\Users\meggletona\UTC Sheffield\Science Team - Documents\General\2026-27\Lessons\Applied Science\AAQ Applied Science\Unit F180 Fundamentals of science\Biology\Practical skills booklet F180 Biology.docx
https://s-media-cache-ak0.pinimg.com/736x/20/e2/96/20e296f1658fe8b083f31836245c7fc9.jpg,Social Networking,C:\Users\meggletona\UTC Sheffield\Science Team - Documents\General\2026-27\Lessons\Biology\Post 16\Lessons\Archived\Module 5\Chapter 17\Energy for Biological Processes Ch. 17\Lesson 7 Energy Cycles and ATP Synthesis 17.1 and 17.2.pptx
https://s-media-cache-ak0.pinimg.com/736x/9d/9a/99/9d9a99ec6f68c63783c7f1a444bc632f.jpg,Social Networking,C:\Users\meggletona\UTC Sheffield\Science Team - Documents\General\2026-27\Lessons\Biology\Post 16\Lessons\Archived\Module 4\Chapter 11\11.1 11.2 Biodiversity _ Sampling.pptx|C:\Users\meggletona\UTC Sheffield\Science Team - Documents\General\2026-27\Lessons\Biology\Post 16\Lessons\Module 4\Chapter 11\11.1 11.2 Biodiversity _ Sampling.pptx
https://salmanzafar.me/modern-entertainment-applications/,Blog/Forum,C:\Users\meggletona\UTC Sheffield\Computing Staff - General\Archives\Archive July 2026\Teaching Resources\AAQ Application Development\Application development - Docs and specs\F160 mandatory unit - Fundamentals of applications development\Scheme of work Fundamentals of application development (F160).docx|C:\Users\meggletona\UTC Sheffield\Computing Staff - General\Archives\Archive July 2026\Teaching Resources\AAQ Application Development\F160 Fundamentals of application development\Scheme of work Fundamentals of application development (F160).docx
https://scaleofuniverse.com/en-gb,Blog/Forum,C:\Users\meggletona\UTC Sheffield\Science Team - Documents\General\2026-27\Lessons\Applied Science\AAQ Applied Science\Unit F180 Fundamentals of science\Scheme of work Fundamentals of science (F180).docx
https://sheffield.digital/slack/,Streaming &amp; Downloadable Video,"C:\Users\meggletona\UTC Sheffield\Computing Staff - General\Archives\Archive July 2026\Teaching Resources\T-Levels\Content bank\2024 - 2025 lessons and content (Production, Design and Development)\Unit 5 - Business context\5.2 Digital value to business\5.2.1 PART 3 - Supporting processes, context and market environment.pptx"
https://slidelizard.com,Software Download,C:\Users\meggletona\UTC Sheffield\Computing Staff - General\Archives\Archive July 2026\Teaching Resources\AAQ Application Development\F161 Developing application software\2) Jeopardy - Devices Quiz\Jeopardy - Devices Quiz.pptx
https://slidelizard.com/blog/jeopardy-powerpoint-template,Software Download,C:\Users\meggletona\UTC Sheffield\Computing Staff - General\Archives\Archive July 2026\Teaching Resources\AAQ Application Development\F161 Developing application software\2) Jeopardy - Devices Quiz\Jeopardy - Devices Quiz.pptx
https://smashinglogo.com/en/logo-maker,Software Download,C:\Users\meggletona\UTC Sheffield\Computing Staff - General\Archives\Archive July 2026\Teaching Resources\Y9 IT\2025 - 2026\Theme park project\HCH & DPA - Theme park design\L2 Design a theme park.pptx
https://socratic.org/organic-chemistry-1/nuclear-magnetic-resonance-nmr/carbon-13-nmr,Software Download,C:\Users\meggletona\UTC Sheffield\Science Team - Documents\General\2026-27\Lessons\Applied Science\AAQ Applied Science\Unit F183 Analytical techniques in chemistry\Scheme of work (F183) Analytical techniques in chemistry.docx
https://socratic.org/questions/how-do-you-do-serial-dilution-calculations,Software Download,C:\Users\meggletona\UTC Sheffield\Science Team - Documents\General\2026-27\Lessons\Applied Science\AAQ Applied Science\Unit F183 Analytical techniques in chemistry\Scheme of work (F183) Analytical techniques in chemistry.docx
https://sourcedaddy.com/networking/building-your-,Software Download,"C:\Users\meggletona\UTC Sheffield\Computing Staff - General\Archives\Archive July 2026\Teaching Resources\T-Levels\Content bank\2024 - 2025 lessons and content (Production, Design and Development)\Resources\digital-enviro-topic-lesson-plans.pdf"
https://spreadsheeto.com/gantt-chart/,Software Download,C:\Users\meggletona\UTC Sheffield\Computing Staff - General\Archives\Archive July 2026\Teaching Resources\AAQ Application Development\Application development - Docs and specs\F160 mandatory unit - Fundamentals of applications development\Scheme of work Fundamentals of application development (F160).docx|C:\Users\meggletona\UTC Sheffield\Computing Staff - General\Archives\Archive July 2026\Teaching Resources\AAQ Application Development\F160 Fundamentals of application development\Scheme of work Fundamentals of application development (F160).docx
https://stackoverflow.com,Blog/Forum,C:\Users\meggletona\UTC Sheffield\Computing Staff - General\Archives\Archive July 2026\Teaching Resources\AAQ Application Development\Application development - Docs and specs\F161 mandatory unit - Developing application software\Scheme of work Developing application software (F161).docx
"https://stackoverflow.com/questions/2695024/array-list-vs-dictionary-why-we-have-them-at-first-place#:~:text=Arraylists%20just%20store%20a%20set,between%20a%20pair%20of%20objects",Blog/Forum,"C:\Users\meggletona\UTC Sheffield\Computing Staff - General\Archives\Archive July 2026\Teaching Resources\T-Levels\Content bank\2024 - 2025 lessons and content (Production, Design and Development)\Resources\intro-to-programming-intro-powerpoint.pptx"
https://stackoverflow.com/questions/34915869/example-of-big-o-of-2n,Blog/Forum,C:\Users\meggletona\UTC Sheffield\Computing Staff - General\Archives\Archive July 2026\Teaching Resources\ALevel Computing\Comp2\2024\WK21 Data Structures and Algorithms -  Big O.pptx|C:\Users\meggletona\UTC Sheffield\Computing Staff - General\Archives\Archive July 2026\Teaching Resources\ALevel Computing\Comp2\Year13\WK06_Data Structures and Algorithms -  Big O.pptx
https://stackoverflow.com/questions/42238323/how-is-on-log-n-different-then-olog-n,Blog/Forum,C:\Users\meggletona\UTC Sheffield\Computing Staff - General\Archives\Archive July 2026\Teaching Resources\ALevel Computing\Comp2\2024\WK21 Data Structures and Algorithms -  Big O.pptx|C:\Users\meggletona\UTC Sheffield\Computing Staff - General\Archives\Archive July 2026\Teaching Resources\ALevel Computing\Comp2\Year13\WK06_Data Structures and Algorithms -  Big O.pptx
https://student.craigndave.org/videos/ocr-alevel-slr06-development-methodologies-part-1,Blog/Forum,C:\Users\meggletona\UTC Sheffield\Computing Staff - General\Archives\Archive July 2026\Teaching Resources\AAQ Application Development\Application development - Docs and specs\F160 mandatory unit - Fundamentals of applications development\Scheme of work Fundamentals of application development (F160).docx|C:\Users\meggletona\UTC Sheffield\Computing Staff - General\Archives\Archive July 2026\Teaching Resources\AAQ Application Development\F160 Fundamentals of application development\Scheme of work Fundamentals of application development (F160).docx
https://studyrocket.co.uk/revision/a-level-chemistry-b-ocr/colour-by-design/gas-liquid-chromatography,Software Download,C:\Users\meggletona\UTC Sheffield\Science Team - Documents\General\2026-27\Lessons\Applied Science\AAQ Applied Science\Unit F183 Analytical techniques in chemistry\Scheme of work (F183) Analytical techniques in chemistry.docx
https://studyrocket.co.uk/revision/a-level-chemistry-b-ocr/developing-metals/colorimetry-and-visible-spectroscopy,Software Download,C:\Users\meggletona\UTC Sheffield\Science Team - Documents\General\2026-27\Lessons\Applied Science\AAQ Applied Science\Unit F183 Analytical techniques in chemistry\Scheme of work (F183) Analytical techniques in chemistry.docx
https://studyrocket.co.uk/revision/a-level-chemistry-b-ocr/elements-of-life/giant-covalent-and-metallic-structures,Software Download,C:\Users\meggletona\UTC Sheffield\Science Team - Documents\General\2026-27\Lessons\Applied Science\AAQ Applied Science\Unit F183 Analytical techniques in chemistry\Scheme of work (F183) Analytical techniques in chemistry.docx
https://studyrocket.co.uk/revision/a-level-chemistry-b-ocr/elements-of-life/titration-calculations,Software Download,C:\Users\meggletona\UTC Sheffield\Science Team - Documents\General\2026-27\Lessons\Applied Science\AAQ Applied Science\Unit F183 Analytical techniques in chemistry\Scheme of work (F183) Analytical techniques in chemistry.docx
https://studyrocket.co.uk/revision/a-level-chemistry-b-ocr/polymers-and-life/mass-spectrometry,Software Download,C:\Users\meggletona\UTC Sheffield\Science Team - Documents\General\2026-27\Lessons\Applied Science\AAQ Applied Science\Unit F183 Analytical techniques in chemistry\Scheme of work (F183) Analytical techniques in chemistry.docx
https://studyrocket.co.uk/revision/a-level-chemistry-b-ocr/practical-skills/evaluating-experiments,Software Download,C:\Users\meggletona\UTC Sheffield\Science Team - Documents\General\2026-27\Lessons\Applied Science\AAQ Applied Science\Unit F181 Science in society\Scheme of work Science in society (F181) (1).docx
https://studyrocket.co.uk/revision/level-3-applied-science-btec/practical-chemical-analysis/high-performance-liquid-chromatography-hplc,Software Download,C:\Users\meggletona\UTC Sheffield\Science Team - Documents\General\2026-27\Lessons\Applied Science\AAQ Applied Science\Unit F183 Analytical techniques in chemistry\Scheme of work (F183) Analytical techniques in chemistry.docx
https://support.twitter.com/articles/15789,Social Networking,C:\Users\meggletona\UTC Sheffield\Computing Staff - General\Archives\Archive July 2026\Teaching Resources\ALevel Computing\Comp1\Unit 9 Legal-moral-ethical-and-cultural-issues\Unit 9 Legal and cultural issues\T3 Privacy and censorship\Unit 9 Worksheet 3 Answers.docx
https://tacticalhyve.com/14-ways-to-improve-your-situational-awareness/,Weapons/Violence,"C:\Users\meggletona\UTC Sheffield\Computing Staff - General\Archives\Archive July 2026\Teaching Resources\T-Levels\Content bank\2024 - 2025 lessons and content (Production, Design and Development)\Resources\t-level-digital-core-sow.docx"
https://tangerinedev.com/projects/uranium-decay-chain-game,Games,C:\Users\meggletona\UTC Sheffield\Science Team - Documents\General\2026-27\Lessons\Applied Science\AAQ Applied Science\Unit F180 Fundamentals of science\Scheme of work Fundamentals of science (F180).docx
https://technologyadvice.com/business-intelligence/,Blog/Forum,"C:\Users\meggletona\UTC Sheffield\Computing Staff - General\Archives\Archive July 2026\Teaching Resources\T-Levels\Content bank\2024 - 2025 lessons and content (Production, Design and Development)\Unit 5 - Business context\5.2 Digital value to business\5.2.1 PART 4 - Ways digital adds value to a company.pptx"
https://textadventures.co.uk/games/play/5zyoqrsugeopel3ffhz_vq,Blog/Forum,C:\Users\meggletona\UTC Sheffield\Computing Staff - General\Archives\Archive July 2026\Teaching Resources\Y9 Computer Science\2024-2025\BBC BASIC\Text-based adventure game\L1 - Plan and program the text adventure.pptx
https://thechronicleflask.files.wordpress.com/2015/04/blue-balloon1.jpeg,Blog/Forum,C:\Users\meggletona\UTC Sheffield\Science Team - Documents\General\2026-27\Lessons\Chemistry\C6 Global Challenges\C6.1 improving processes and products\C6.1 Revision combined.pptx|C:\Users\meggletona\UTC Sheffield\Science Team - Documents\General\2026-27\Lessons\Chemistry\C6 Global Challenges\C6.1 improving processes and products\C6.1 Revision.pptx|C:\Users\meggletona\UTC Sheffield\Science Team - Documents\General\2026-27\Lessons\Chemistry\C6 Global Challenges\C6.1 improving processes and products\C6.1.6 Extracting metals.pptx|C:\Users\meggletona\UTC Sheffield\Science Team - Documents\General\2026-27\Lessons\Chemistry\C6 Global Challenges\C6.1 improving processes and products\C6.1.7 Blast furnace.pptx
https://thenewstack.io/deployment-strategies/,Blog/Forum,"C:\Users\meggletona\UTC Sheffield\Computing Staff - General\Archives\Archive July 2026\Teaching Resources\T-Levels\2025 - 2026 Year 2 (Production, Design and Development)\OSC - Past Papers\OSC\digital-production-design-and-development-project-delivery-guide-new-blue-1.pdf"
https://uk-podcasts.co.uk/podcast/revise-a-level-chemistry-revision,Streaming &amp; Downloadable Video,C:\Users\meggletona\UTC Sheffield\Science Team - Documents\General\2026-27\Lessons\Applied Science\AAQ Applied Science\Unit F183 Analytical techniques in chemistry\Scheme of work (F183) Analytical techniques in chemistry.docx
https://uk.pcpartpicker.com/,Blog/Forum,"C:\Users\meggletona\UTC Sheffield\Computing Staff - General\Archives\Archive July 2026\Teaching Resources\T-Levels\Content bank\2024 - 2025 lessons and content (Production, Design and Development)\Unit 5 - Business context\5.2 Digital value to business\5.2.1 PART 1 - The importance of digital within organisations (provision of products and services to customers).pptx"
https://unthinking.photography/imgexhaust/we-knew-we-needed-to-collect-a-data-set-that-has-far-more-images-than-we-have-ever-had-before-perhaps-thousands-of-times-more,Blog/Forum,C:\Users\meggletona\UTC Sheffield\Computing Staff - General\Archives\Archive July 2026\Teaching Resources\AAQ Data Analytics\F201 mandatory unit - Big data and machine learning\Scheme of work Big data and machine learning (F201).docx
https://uxdesign.cc/guide-for-designing-better-mobile-apps-typography-5796495ef86f,Blog/Forum,C:\Users\meggletona\UTC Sheffield\Computing Staff - General\Archives\Archive July 2026\Teaching Resources\AAQ Application Development\Application development - Docs and specs\F160 mandatory unit - Fundamentals of applications development\Scheme of work Fundamentals of application development (F160).docx|C:\Users\meggletona\UTC Sheffield\Computing Staff - General\Archives\Archive July 2026\Teaching Resources\AAQ Application Development\F160 Fundamentals of application development\Scheme of work Fundamentals of application development (F160).docx
https://uxdesign.cc/ui-hierarchies-and-where-to-put-infrequent-but-vital-tasks-71c1ba5aa1fe?gi=17dedfac233a,Blog/Forum,C:\Users\meggletona\UTC Sheffield\Computing Staff - General\Archives\Archive July 2026\Teaching Resources\AAQ Application Development\Application development - Docs and specs\F160 mandatory unit - Fundamentals of applications development\Scheme of work Fundamentals of application development (F160).docx|C:\Users\meggletona\UTC Sheffield\Computing Staff - General\Archives\Archive July 2026\Teaching Resources\AAQ Application Development\F160 Fundamentals of application development\Scheme of work Fundamentals of application development (F160).docx
https://uxplanet.org/5-design-approaches-to-start-a-new-creative-project-,Blog/Forum,"C:\Users\meggletona\UTC Sheffield\Computing Staff - General\Archives\Archive July 2026\Teaching Resources\T-Levels\2025 - 2026 Year 2 (Production, Design and Development)\OSC - Past Papers\OSC\digital-production-design-and-development-project-delivery-guide-new-blue-1.pdf"
https://visme.co/blog/how-to-make-a-flowchart/,AI &amp; ML,C:\Users\meggletona\UTC Sheffield\Computing Staff - General\Archives\Archive July 2026\Teaching Resources\AAQ Application Development\Application development - Docs and specs\F160 mandatory unit - Fundamentals of applications development\Scheme of work Fundamentals of application development (F160).docx|C:\Users\meggletona\UTC Sheffield\Computing Staff - General\Archives\Archive July 2026\Teaching Resources\AAQ Application Development\F160 Fundamentals of application development\Scheme of work Fundamentals of application development (F160).docx
https://voicesofvr.com/,Streaming &amp; Downloadable Video,C:\Users\meggletona\UTC Sheffield\Computing Staff - General\Archives\Archive July 2026\Teaching Resources\AAQ Application Development\Application development - Docs and specs\F161 mandatory unit - Developing application software\Scheme of work Developing application software (F161).docx
https://vondy.com/theme-park-map-illustration-generator--VUxjzXRX,AI &amp; ML,C:\Users\meggletona\UTC Sheffield\Computing Staff - General\Archives\Archive July 2026\Teaching Resources\Y9 IT\2025 - 2026\Theme park project\HCH & DPA - Theme park design\L4 Using AI in design.pptx
https://www.101computing.net/LMC/,Blog/Forum,C:\Users\meggletona\UTC Sheffield\Computing Staff - General\Archives\Archive July 2026\Teaching Resources\ALevel Computing\Comp2\2024\WK12 - LittleManComputer.pptx|C:\Users\meggletona\UTC Sheffield\Computing Staff - General\Archives\Archive July 2026\Teaching Resources\ALevel Computing\Comp2\2024\WK12 - LittleManComputerStudent.pptx|C:\Users\meggletona\UTC Sheffield\Computing Staff - General\Archives\Archive July 2026\Teaching Resources\ALevel Computing\Comp2\Year12\WK12 - LittleManComputer.pptx|C:\Users\meggletona\UTC Sheffield\Computing Staff - General\Archives\Archive July 2026\Teaching Resources\ALevel Computing\Comp2\Year12\WK12 - LittleManComputerStudent.pptx
https://www.101computing.net/data-types-quiz/,Blog/Forum,"C:\Users\meggletona\UTC Sheffield\Computing Staff - General\Archives\Archive July 2026\Teaching Resources\T-Levels\2025 - 2026 Year 1 (Software Development)\HCH - units 3, 5 and 6\Unit 6 - Data\6.4 Data types\6.4 Data types.pptx"
https://www.101computing.net/quiz/?q=Programming,Blog/Forum,C:\Users\meggletona\UTC Sheffield\Computing Staff - General\Archives\Archive July 2026\Teaching Resources\Y11 GCSE Computer Science\Paper 2\2.2.1 Programming fundamentals\L1 Programming basics (tasks in Class NoteBook).pptx
https://www.101computing.net/recursive-tree-challenge/,Blog/Forum,C:\Users\meggletona\UTC Sheffield\Computing Staff - General\Archives\Archive July 2026\Teaching Resources\ALevel Computing\Comp2\Year13\WK03_RecursiveTrees.pptx
https://www.101computing.net/searching-sorting-algorithms-practice/,Blog/Forum,"C:\Users\meggletona\UTC Sheffield\Computing Staff - General\Archives\Archive July 2026\Teaching Resources\T-Levels\Content bank\2024 - 2025 lessons and content (Production, Design and Development)\Resources\t-level-digital-core-sow.docx"
https://www.101computing.net/wp/wp-content/uploads/programming-terminology-drag-and-drop.html,Blog/Forum,C:\Users\meggletona\UTC Sheffield\Computing Staff - General\Archives\Archive July 2026\Teaching Resources\Y11 GCSE Computer Science\Paper 2\2.2.1 Programming fundamentals\L1 Programming basics (tasks in Class NoteBook).pptx
https://www.4college.co.uk/a/dp/purify.php,Games,C:\Users\meggletona\UTC Sheffield\Science Team - Documents\General\2026-27\Lessons\Applied Science\AAQ Applied Science\Unit F183 Analytical techniques in chemistry\Scheme of work (F183) Analytical techniques in chemistry.docx
https://www.awaysomearticle.com/the-role-of-movie-streaming-apps-websites-in-redefining-the-entertainment-industry/,Blog/Forum,C:\Users\meggletona\UTC Sheffield\Computing Staff - General\Archives\Archive July 2026\Teaching Resources\AAQ Application Development\F160 Fundamentals of application development\Topic area 1 - Types of software used in application design\1.3.1 - Application types.pptx
https://www.behance.net/gallery/122305603/Restaurant-Menu-Card-Design,Social Networking,"C:\Users\meggletona\UTC Sheffield\Computing Staff - General\Archives\Archive July 2026\Teaching Resources\T-Levels\2025 - 2026 Year 1 (Software Development)\HCH - units 3, 5 and 6\Unit 6 - Data\6.5 Data formats\6.5 Data formats.pptx"
https://www.benlcollins.com/spreadsheets/10-,Blog/Forum,"C:\Users\meggletona\UTC Sheffield\Computing Staff - General\Archives\Archive July 2026\Teaching Resources\T-Levels\Content bank\2024 - 2025 lessons and content (Production, Design and Development)\Resources\digital-enviro-topic-lesson-plans.pdf"
https://www.biggerbolderbaking.com/all-natural-homemade-food-coloring/,Blog/Forum,C:\Users\meggletona\UTC Sheffield\Science Team - Documents\General\2026-27\Lessons\Biology\Post 16\Assessments\Practical Endorsement\Practical_Endorsement_Resources\597719-practical-activities-support-guide.pdf
https://www.brainscape.com/packs/biology-as-a-level-ocr-8414247,AI &amp; ML,C:\Users\meggletona\UTC Sheffield\Science Team - Documents\General\2026-27\Lessons\Biology\Post 16\A Level Biology Handbook.docx|C:\Users\meggletona\UTC Sheffield\Science Team - Documents\General\2026-27\Lessons\Biology\Post 16\Lessons\Archived\A Level Biology Resources JTO\A Level Biology Handbook.docx
https://www.brianlinkletter.com/open-source-network-simulators/,Blog/Forum,"C:\Users\meggletona\UTC Sheffield\Computing Staff - General\Archives\Archive July 2026\Teaching Resources\T-Levels\Content bank\2024 - 2025 lessons and content (Production, Design and Development)\Resources\t-level-digital-core-sow.docx"
https://www.cbsnews.com/sanfrancisco/news/apple-watch-sales-ban-to-be-revivied-federal-appeals-court-patent-dispute/,Streaming &amp; Downloadable Video,"C:\Users\meggletona\UTC Sheffield\Computing Staff - General\Archives\Archive July 2026\Teaching Resources\T-Levels\Content bank\2024 - 2025 lessons and content (Production, Design and Development)\Resources\t-level-digital-core-sow.docx"
https://www.cbtnuggets.com/blog/certifications/cloud/4-cloud-deployment-models-with-examples-public-private-community-hybrid,Streaming &amp; Downloadable Video,C:\Users\meggletona\UTC Sheffield\Computing Staff - General\Archives\Archive July 2026\Teaching Resources\AAQ Application Development\Application development - Docs and specs\F161 mandatory unit - Developing application software\Scheme of work Developing application software (F161).docx
https://www.cheatsheet.com/entertainment/these-,Blog/Forum,C:\Users\meggletona\UTC Sheffield\Computing Staff - General\Archives\Archive July 2026\Teaching Resources\Y9 IT\2024 - 2025\Excel skills\Inspiration\KS4\L4 - RSC data visualisation\L4 Homework solutions - Spreadsheets - KS4.docx
https://www.cheatsheet.com/entertainment/these-celebrities-are-instagram-top-10-biggest-earners-for-2019.html/,Blog/Forum,C:\Users\meggletona\UTC Sheffield\Computing Staff - General\Archives\Archive July 2026\Teaching Resources\Y9 IT\2024 - 2025\Excel skills\Inspiration\KS4\L4 - RSC data visualisation\L4 Homework - Spreadsheets - KS4.docx|C:\Users\meggletona\UTC Sheffield\Computing Staff - General\Archives\Archive July 2026\Teaching Resources\Y9 IT\2024 - 2025\Excel skills\Inspiration\KS4\L4 - RSC data visualisation\L4 Homework solutions - Spreadsheets - KS4.docx
https://www.cheatsheet.com/terms-of-use/,Blog/Forum,C:\Users\meggletona\UTC Sheffield\Computing Staff - General\Archives\Archive July 2026\Teaching Resources\Y9 IT\2024 - 2025\Excel skills\Inspiration\KS4\L4 - RSC data visualisation\L4 Homework - Spreadsheets - KS4.docx|C:\Users\meggletona\UTC Sheffield\Computing Staff - General\Archives\Archive July 2026\Teaching Resources\Y9 IT\2024 - 2025\Excel skills\Inspiration\KS4\L4 - RSC data visualisation\L4 Homework solutions - Spreadsheets - KS4.docx
https://www.chemistryworld.com/news/epigenetic-mri-offers-a-way-to-understand-how-the-brain-learns/4015318.article,Blog/Forum,C:\Users\meggletona\UTC Sheffield\Science Team - Documents\General\2026-27\Lessons\Applied Science\AAQ Applied Science\Unit F183 Analytical techniques in chemistry\Scheme of work (F183) Analytical techniques in chemistry.docx
https://www.csnewbs.com/ctech-4-1-communicationskills,Blog/Forum,C:\Users\meggletona\UTC Sheffield\Computing Staff - General\Archives\Archive July 2026\Teaching Resources\AAQ Data Analytics\F200 mandatory unit - Fundamentals of data analytics\Scheme of work Fundamentals of data analytics (F200).docx
https://www.csnewbs.com/ctech-4-1-uklegislation,Blog/Forum,C:\Users\meggletona\UTC Sheffield\Computing Staff - General\Archives\Archive July 2026\Teaching Resources\AAQ Application Development\Application development - Docs and specs\F160 mandatory unit - Fundamentals of applications development\Scheme of work Fundamentals of application development (F160).docx|C:\Users\meggletona\UTC Sheffield\Computing Staff - General\Archives\Archive July 2026\Teaching Resources\AAQ Application Development\F160 Fundamentals of application development\Scheme of work Fundamentals of application development (F160).docx
https://www.csnewbs.com/ctech-4-3-personalattributes,Blog/Forum,C:\Users\meggletona\UTC Sheffield\Computing Staff - General\Archives\Archive July 2026\Teaching Resources\AAQ Data Analytics\F200 mandatory unit - Fundamentals of data analytics\Scheme of work Fundamentals of data analytics (F200).docx
https://www.csnewbs.com/ctech-5-4-physicalsecurity,Blog/Forum,C:\Users\meggletona\UTC Sheffield\Computing Staff - General\Archives\Archive July 2026\Teaching Resources\AAQ Application Development\Application development - Docs and specs\F161 mandatory unit - Developing application software\Scheme of work Developing application software (F161).docx
https://www.dailymail.co.uk/sciencetech/article-14236239/nasa-anomaly-growing-miles-earth-surface.html,Streaming &amp; Downloadable Video,C:\Users\meggletona\UTC Sheffield\Science Team - Documents\General\2026-27\Lessons\Applied Science\AAQ Applied Science\Unit F181 Science in society\Scheme of work Science in society (F181) (1).docx
https://www.delish.com/cooking/,Streaming &amp; Downloadable Video,"C:\Users\meggletona\UTC Sheffield\Computing Staff - General\Archives\Archive July 2026\Teaching Resources\T-Levels\2025 - 2026 Year 2 (Production, Design and Development)\OSC - Past Papers\OSC2022\2022_exemplification-os-digital-distinction.pdf"
https://www.e3expo.com/,Games,C:\Users\meggletona\UTC Sheffield\Computing Staff - General\Archives\Archive July 2026\Teaching Resources\Camb Tech Level 3\Unit 15 - Games Design and Prototyping\Sample Tasks from OCR.pdf
https://www.electronicshub.org/different-types-sensors/,Blog/Forum,"C:\Users\meggletona\UTC Sheffield\Computing Staff - General\Archives\Archive July 2026\Teaching Resources\T-Levels\Content bank\2024 - 2025 lessons and content (Production, Design and Development)\Resources\digital-environments-intro-powerpoint (1).pptx"
https://www.electronicshub.org/wp-content/uploads/2017/11/Types-of-Sensors-Image-1.jpg,Blog/Forum,"C:\Users\meggletona\UTC Sheffield\Computing Staff - General\Archives\Archive July 2026\Teaching Resources\T-Levels\Content bank\2024 - 2025 lessons and content (Production, Design and Development)\Resources\digital-environments-intro-powerpoint (1).pptx"
https://www.entrepreneur.com/business-news/are-in-office-employees-more-productive-than-hybrid-study/482328,Streaming &amp; Downloadable Video,"C:\Users\meggletona\UTC Sheffield\Computing Staff - General\Archives\Archive July 2026\Teaching Resources\T-Levels\2025 - 2026 Year 1 (Software Development)\HCH - units 3, 5 and 6\Unit 3 - Emerging issues\3.1 Impact of digital technologies\3.1.1 Digital impact on culture.pptx"
https://www.everydayhealth.com/,Blog/Forum,"C:\Users\meggletona\UTC Sheffield\Computing Staff - General\Archives\Archive July 2026\Teaching Resources\T-Levels\2025 - 2026 Year 2 (Production, Design and Development)\OSC - Past Papers\OSC2022\2022_exemplification-os-digital-distinction.pdf"
https://www.facebook.com/about/privacy/update/printable,Social Networking,C:\Users\meggletona\UTC Sheffield\Computing Staff - General\Archives\Archive July 2026\Teaching Resources\AAQ Data Analytics\F201 mandatory unit - Big data and machine learning\Scheme of work Big data and machine learning (F201).docx
https://www.facebook.com/business/ads,Social Networking,"C:\Users\meggletona\UTC Sheffield\Computing Staff - General\Archives\Archive July 2026\Teaching Resources\T-Levels\2025 - 2026 Year 1 (Software Development)\HCH - units 3, 5 and 6\Unit 6 - Data\6.1 Data, information and knowledge\6.1.4 How organisations use data and information.pptx"
https://www.facebook.com/mhragovuk,Social Networking,C:\Users\meggletona\UTC Sheffield\Science Team - Documents\General\2026-27\Lessons\Applied Science\Old Applied Science Qualification\21 - Product Testing Delivery Guide.pdf|C:\Users\meggletona\UTC Sheffield\Science Team - Documents\General\2026-27\Lessons\Applied Science\Old Applied Science Qualification\Module 21 Lessons\21-product-testing-techniques- suggested activities.pdf
https://www.freepik.com/free-,AI &amp; ML,"C:\Users\meggletona\UTC Sheffield\Computing Staff - General\Archives\Archive July 2026\Teaching Resources\T-Levels\2025 - 2026 Year 2 (Production, Design and Development)\OSC - Past Papers\OSC2022\2022_exemplification-os-digital-distinction.pdf"
https://www.freepik.com/photos/background,AI &amp; ML,C:\Users\meggletona\UTC Sheffield\Computing Staff - General\Archives\Archive July 2026\Teaching Resources\AAQ Application Development\F160 Fundamentals of application development\Topic area 3 - Planning application development projects\3.2 Project planning tools.pptx
https://www.freepik.com/premium-vector/different-types-utility-system-software-operating-system_133871439.htm,AI &amp; ML,C:\Users\meggletona\UTC Sheffield\Computing Staff - General\Archives\Archive July 2026\Teaching Resources\AAQ Application Development\F160 Fundamentals of application development\Topic area 1 - Types of software used in application design\1.3.1 - Application types.pptx
https://www.freepik.com/premium-vector/interior-designer-clients-communication-consultation-work-person-discussing-floor-plan-design-layout-drawing-with-people-flat-graphic-vector-illustration-isolated-white-background_44876212.htm,AI &amp; ML,C:\Users\meggletona\UTC Sheffield\Computing Staff - General\Archives\Archive July 2026\Teaching Resources\AAQ Application Development\F160 Fundamentals of application development\Topic area 1 - Types of software used in application design\1.3.2 - Client requirements.pptx
https://www.ft.com/content/5a364eb0-780c-11ea-bd25-7fd923850377,Streaming &amp; Downloadable Video,"C:\Users\meggletona\UTC Sheffield\Computing Staff - General\Archives\Archive July 2026\Teaching Resources\T-Levels\Content bank\2024 - 2025 lessons and content (Production, Design and Development)\Resources\leg-and-reg-requirements-intro-powerpoint.pptx"
https://www.fullstackpython.com/integration-,Blog/Forum,"C:\Users\meggletona\UTC Sheffield\Computing Staff - General\Archives\Archive July 2026\Teaching Resources\T-Levels\Content bank\2024 - 2025 lessons and content (Production, Design and Development)\Resources\testing-topic-lesson-plans.pdf"
https://www.independent.co.uk/life-style/gadgets-and-tech/news/man-accidentally-deletes-his-entire-company-one-line-bad-code-a6984256.html,Streaming &amp; Downloadable Video,C:\Users\meggletona\UTC Sheffield\Computing Staff - General\Archives\Archive July 2026\Teaching Resources\Camb Tech Level 3\Unit 1\2023\Week06 - IT Errors.pptx
https://www.infosecnews.org/emory-university-windows-network-wiped-out-blame-emps-cyberwar-squirrels-try-accidental-reformat/,Blog/Forum,C:\Users\meggletona\UTC Sheffield\Computing Staff - General\Archives\Archive July 2026\Teaching Resources\Camb Tech Level 3\Unit 1\2023\Week06 - IT Errors.pptx
https://www.intellspot.com/qualitative-vs-quantitative-data/,Blog/Forum,"C:\Users\meggletona\UTC Sheffield\Computing Staff - General\Archives\Archive July 2026\Teaching Resources\T-Levels\2025 - 2026 Year 1 (Software Development)\HCH - units 3, 5 and 6\Unit 6 - Data\6.3 Data taxonomy\6.3 Data taxonomy.pptx|C:\Users\meggletona\UTC Sheffield\Computing Staff - General\Archives\Archive July 2026\Teaching Resources\T-Levels\2025 - 2026 Year 2 (Production, Design and Development)\HCH\Task 3a - Gathering feedback\L3 Data taxonomy.pptx"
https://www.jasper.ai/,AI &amp; ML,"C:\Users\meggletona\UTC Sheffield\Computing Staff - General\Archives\Archive July 2026\Teaching Resources\T-Levels\2025 - 2026 Year 2 (Production, Design and Development)\AI-Use-in-Assessments_READ_ME.pdf"
https://www.labcompare.com/10-Featured-Articles/594760-Titration-Methods-Manual-vs-Potentiometric-vs-Thermometric/,Streaming &amp; Downloadable Video,C:\Users\meggletona\UTC Sheffield\Science Team - Documents\General\2026-27\Lessons\Applied Science\AAQ Applied Science\Unit F183 Analytical techniques in chemistry\Scheme of work (F183) Analytical techniques in chemistry.docx
https://www.lemonade-ed.com/year-9/material-world/gas-tests,Blog/Forum,C:\Users\meggletona\UTC Sheffield\Science Team - Documents\General\2026-27\Lessons\Applied Science\AAQ Applied Science\Unit F183 Analytical techniques in chemistry\Scheme of work (F183) Analytical techniques in chemistry.docx
https://www.liacoseducationalmedia.com/chemistry-practical-activities,Blog/Forum,C:\Users\meggletona\UTC Sheffield\Science Team - Documents\General\2026-27\Lessons\Applied Science\AAQ Applied Science\Unit F183 Analytical techniques in chemistry\Scheme of work (F183) Analytical techniques in chemistry.docx
https://www.lightsondata.com/data-management-framework/,Blog/Forum,C:\Users\meggletona\UTC Sheffield\Computing Staff - General\Archives\Archive July 2026\Teaching Resources\AAQ Data Analytics\F201 mandatory unit - Big data and machine learning\Scheme of work Big data and machine learning (F201).docx
https://www.lucidchart.com,AI &amp; ML,"C:\Users\meggletona\UTC Sheffield\Computing Staff - General\Archives\Archive July 2026\Teaching Resources\T-Levels\2025 - 2026 Year 2 (Production, Design and Development)\OSC - Past Papers\OSC\digital-production-design-and-development-project-delivery-guide-new-blue-1.pdf"
https://www.lucidchart.com/,AI &amp; ML,C:\Users\meggletona\UTC Sheffield\Computing Staff - General\Archives\Archive July 2026\Teaching Resources\AAQ Application Development\Application development - Docs and specs\F160 mandatory unit - Fundamentals of applications development\Scheme of work Fundamentals of application development (F160).docx|C:\Users\meggletona\UTC Sheffield\Computing Staff - General\Archives\Archive July 2026\Teaching Resources\AAQ Application Development\F160 Fundamentals of application development\Scheme of work Fundamentals of application development (F160).docx
https://www.lucidchart.com/blog/reliability-availability-in-cloud-computing,AI &amp; ML,"C:\Users\meggletona\UTC Sheffield\Computing Staff - General\Archives\Archive July 2026\Teaching Resources\T-Levels\Content bank\2024 - 2025 lessons and content (Production, Design and Development)\Resources\t-level-digital-core-sow.docx"
https://www.lucidchart.com/blog/types-of-,AI &amp; ML,"C:\Users\meggletona\UTC Sheffield\Computing Staff - General\Archives\Archive July 2026\Teaching Resources\T-Levels\Content bank\2024 - 2025 lessons and content (Production, Design and Development)\Resources\bus-contexts-topic-lesson-plans.pdf"
https://www.networkworld.com/article/663785/cloud-computing-gartner-5-things-a-private-cloud-is-not.html,Streaming &amp; Downloadable Video,C:\Users\meggletona\UTC Sheffield\Computing Staff - General\Archives\Archive July 2026\Teaching Resources\AAQ Application Development\Application development - Docs and specs\F161 mandatory unit - Developing application software\Scheme of work Developing application software (F161).docx
https://www.networkworld.com/article/965220/what-is-nas-network-attached-storage-and-how-does-it-work.html,Streaming &amp; Downloadable Video,C:\Users\meggletona\UTC Sheffield\Computing Staff - General\Archives\Archive July 2026\Teaching Resources\AAQ Application Development\Application development - Docs and specs\F161 mandatory unit - Developing application software\Scheme of work Developing application software (F161).docx
https://www.patreon.com/sebvandenbrink&#xA;▶,Social Networking,C:\Users\meggletona\UTC Sheffield\Computing Staff - General\Archives\Archive July 2026\Teaching Resources\Y10 GCSE Computer Science\Paper 1\1.2 - Storage and Data Rep - to update\3) 1.2.2 - Secondary Storage\1.2.2 - Secondary Storage.pptx|C:\Users\meggletona\UTC Sheffield\Computing Staff - General\Archives\Archive July 2026\Teaching Resources\Y11 GCSE Computer Science\Paper 1\1.2 - Storage and Data Rep\3) 1.2.2 - Secondary Storage\1.2.2 - Secondary Storage.pptx
https://www.physicslens.com/interactive-heating-and-cooling-curves/,Blog/Forum,C:\Users\meggletona\UTC Sheffield\Science Team - Documents\General\2026-27\Lessons\Applied Science\AAQ Applied Science\Unit F183 Analytical techniques in chemistry\Scheme of work (F183) Analytical techniques in chemistry.docx
https://www.pinterest.co.uk/pin/507851295450318754/,Social Networking,"C:\Users\meggletona\UTC Sheffield\Computing Staff - General\Archives\Archive July 2026\Teaching Resources\T-Levels\Content bank\2024 - 2025 lessons and content (Production, Design and Development)\Resources\digital-environments-intro-powerpoint (1).pptx"
https://www.pinterest.co.uk/pin/542191242631934461/,Social Networking,"C:\Users\meggletona\UTC Sheffield\Computing Staff - General\Archives\Archive July 2026\Teaching Resources\T-Levels\Content bank\2024 - 2025 lessons and content (Production, Design and Development)\Resources\digital-environments-intro-powerpoint (1).pptx"
https://www.pinterest.com/reachyourpeak/health-fitness-,Social Networking,"C:\Users\meggletona\UTC Sheffield\Computing Staff - General\Archives\Archive July 2026\Teaching Resources\T-Levels\2025 - 2026 Year 2 (Production, Design and Development)\OSC - Past Papers\OSC2022\2022_exemplification-os-digital-distinction.pdf"
https://www.questionpro.com/blog/data-manipulation/,AI &amp; ML,"C:\Users\meggletona\UTC Sheffield\Computing Staff - General\Archives\Archive July 2026\Teaching Resources\T-Levels\2025 - 2026 Year 1 (Software Development)\HCH - units 3, 5 and 6\Unit 6 - Data\6.2 Methods of transforming data\6.2.1 Methods of transforming data.pptx|C:\Users\meggletona\UTC Sheffield\Computing Staff - General\Archives\Archive July 2026\Teaching Resources\T-Levels\2025 - 2026 Year 1 (Software Development)\HCH - units 3, 5 and 6\Unit 6 - Data\6.3 Data taxonomy\6.3 Data taxonomy.pptx|C:\Users\meggletona\UTC Sheffield\Computing Staff - General\Archives\Archive July 2026\Teaching Resources\T-Levels\2025 - 2026 Year 2 (Production, Design and Development)\HCH\Task 3a - Gathering feedback\L3 Data taxonomy.pptx|C:\Users\meggletona\UTC Sheffield\Computing Staff - General\Archives\Archive July 2026\Teaching Resources\T-Levels\2025 - 2026 Year 2 (Production, Design and Development)\HCH\Task 3a - Gathering feedback\L4 Non-technical feedback.pptx|C:\Users\meggletona\UTC Sheffield\Computing Staff - General\Archives\Archive July 2026\Teaching Resources\T-Levels\2025 - 2026 Year 2 (Production, Design and Development)\HCH\Task 3a - Gathering feedback\L5 Technical feedback.pptx|C:\Users\meggletona\UTC Sheffield\Computing Staff - General\Archives\Archive July 2026\Teaching Resources\T-Levels\2025 - 2026 Year 2 (Production, Design and Development)\HCH\Task 3a - Gathering feedback\L6 User observations (usability testing).pptx|C:\Users\meggletona\UTC Sheffield\Computing Staff - General\Archives\Archive July 2026\Teaching Resources\T-Levels\2025 - 2026 Year 2 (Production, Design and Development)\HCH\Task 3a - Gathering feedback\L7 Paired coding reviews.pptx|C:\Users\meggletona\UTC Sheffield\Computing Staff - General\Archives\Archive July 2026\Teaching Resources\T-Levels\2025 - 2026 Year 2 (Production, Design and Development)\HCH\Task 3a - Gathering feedback\L8 Prototype demos (optional).pptx|C:\Users\meggletona\UTC Sheffield\Computing Staff - General\Archives\Archive July 2026\Teaching Resources\T-Levels\2025 - 2026 Year 2 (Production, Design and Development)\HCH\Task 3b - Evaluation\L1 - Evaluation.pptx"
https://www.quora.com,Blog/Forum,C:\Users\meggletona\UTC Sheffield\Science Team - Documents\General\2026-27\Lessons\Chemistry\C6 Global Challenges\C6.1 improving processes and products\C6.1 Revision.pptx|C:\Users\meggletona\UTC Sheffield\Science Team - Documents\General\2026-27\Lessons\Chemistry\C6 Global Challenges\C6.1 improving processes and products\C6.1.13 different materials T.pptx
https://www.quora.com/What-are-your-top-5-,Blog/Forum,"C:\Users\meggletona\UTC Sheffield\Computing Staff - General\Archives\Archive July 2026\Teaching Resources\T-Levels\2025 - 2026 Year 2 (Production, Design and Development)\OSC - Past Papers\OSC2022\2022_exemplification-os-digital-distinction.pdf"
https://www.reddit.com,Blog/Forum,C:\Users\meggletona\UTC Sheffield\Computing Staff - General\Archives\Archive July 2026\Teaching Resources\AAQ Application Development\Application development - Docs and specs\F161 mandatory unit - Developing application software\Scheme of work Developing application software (F161).docx
https://www.requiment.com/how-to-gather-requirements-as-a-business-analyst/,Software Download,C:\Users\meggletona\UTC Sheffield\Computing Staff - General\Archives\Archive July 2026\Teaching Resources\AAQ Application Development\Application development - Docs and specs\F160 mandatory unit - Fundamentals of applications development\Scheme of work Fundamentals of application development (F160).docx|C:\Users\meggletona\UTC Sheffield\Computing Staff - General\Archives\Archive July 2026\Teaching Resources\AAQ Application Development\F160 Fundamentals of application development\Scheme of work Fundamentals of application development (F160).docx
https://www.sciencegeek.net/APchemistry/organic/functional.htm,Blog/Forum,C:\Users\meggletona\UTC Sheffield\Science Team - Documents\General\2026-27\Lessons\Applied Science\AAQ Applied Science\Unit F183 Analytical techniques in chemistry\Scheme of work (F183) Analytical techniques in chemistry.docx
https://www.scienceinschool.org/article/2022/fake-news-how-to-deal-with-it/,Blog/Forum,C:\Users\meggletona\UTC Sheffield\Science Team - Documents\General\2026-27\Lessons\Applied Science\AAQ Applied Science\Unit F181 Science in society\Scheme of work Science in society (F181) (1).docx
https://www.sciencelessonsthatrock.com/blog/setting-up-a-hay-infusion-for-your-microscope-unit,Blog/Forum,C:\Users\meggletona\UTC Sheffield\Science Team - Documents\General\2026-27\Lessons\Biology\Post 16\Assessments\Practical Endorsement\Practical_Endorsement_Resources\597719-practical-activities-support-guide.pdf
https://www.scribbr.co.uk/research-methods/data-collection-guide/,AI &amp; ML,C:\Users\meggletona\UTC Sheffield\Computing Staff - General\Archives\Archive July 2026\Teaching Resources\AAQ Data Analytics\F200 mandatory unit - Fundamentals of data analytics\Scheme of work Fundamentals of data analytics (F200).docx
https://www.softwaretestinghelp.com/how-to-write-test-plan-document-software-testing-training-day3/,Blog/Forum,"C:\Users\meggletona\UTC Sheffield\Computing Staff - General\Archives\Archive July 2026\Teaching Resources\T-Levels\Content bank\2024 - 2025 lessons and content (Production, Design and Development)\Resources\testing-intro-powerpoint.pptx|C:\Users\meggletona\UTC Sheffield\Computing Staff - General\Archives\Archive July 2026\Teaching Resources\T-Levels\Content bank\2024 - 2025 lessons and content (Production, Design and Development)\Unit 1, 2 Problem Solving and Programming\2024\wk12_Developing Software - Testing with Tasks.pptx"
https://www.softwaretestinghelp.com/top-20-automation-testing-tools/,Blog/Forum,"C:\Users\meggletona\UTC Sheffield\Computing Staff - General\Archives\Archive July 2026\Teaching Resources\T-Levels\Content bank\2024 - 2025 lessons and content (Production, Design and Development)\Resources\testing-intro-powerpoint.pptx"
"https://www.softwaretestinghelp.com/what-is-software-testing-life-cycle-stlc/#:~:text=Software%20Testing%20Life%20Cycle%20refers,has%20different%20goals%20and%20deliverables",Blog/Forum,"C:\Users\meggletona\UTC Sheffield\Computing Staff - General\Archives\Archive July 2026\Teaching Resources\T-Levels\Content bank\2024 - 2025 lessons and content (Production, Design and Development)\Resources\testing-intro-powerpoint.pptx"
https://www.softwaretestingmaterial.com/software-,Blog/Forum,"C:\Users\meggletona\UTC Sheffield\Computing Staff - General\Archives\Archive July 2026\Teaching Resources\T-Levels\Content bank\2024 - 2025 lessons and content (Production, Design and Development)\Resources\testing-topic-lesson-plans.pdf"
https://www.softwaretestingmaterial.com/software-testing/,Blog/Forum,"C:\Users\meggletona\UTC Sheffield\Computing Staff - General\Archives\Archive July 2026\Teaching Resources\T-Levels\Content bank\2024 - 2025 lessons and content (Production, Design and Development)\Resources\testing-intro-powerpoint.pptx"
https://www.standard.co.uk/news/uk/gchq-privacy-breach-echr-rules-b937125.html,Streaming &amp; Downloadable Video,C:\Users\meggletona\UTC Sheffield\Computing Staff - General\Archives\Archive July 2026\Teaching Resources\AAQ Application Development\Application development - Docs and specs\F161 mandatory unit - Developing application software\Scheme of work Developing application software (F161).docx
https://www.stratascratch.com/blog/a-comprehensive-overview-of-3-popular-machine-learning-models/,Blog/Forum,C:\Users\meggletona\UTC Sheffield\Computing Staff - General\Archives\Archive July 2026\Teaching Resources\AAQ Data Analytics\F201 mandatory unit - Big data and machine learning\Scheme of work Big data and machine learning (F201).docx
https://www.studysmarter.co.uk/explanations/chemistry/chemical-analysis/testing-for-gases/,Software Download,C:\Users\meggletona\UTC Sheffield\Science Team - Documents\General\2026-27\Lessons\Applied Science\AAQ Applied Science\Unit F183 Analytical techniques in chemistry\Scheme of work (F183) Analytical techniques in chemistry.docx
https://www.studysmarter.co.uk/explanations/chemistry/organic-chemistry/carbon-13-nmr/,Software Download,C:\Users\meggletona\UTC Sheffield\Science Team - Documents\General\2026-27\Lessons\Applied Science\AAQ Applied Science\Unit F183 Analytical techniques in chemistry\Scheme of work (F183) Analytical techniques in chemistry.docx
https://www.studysmarter.co.uk/explanations/chemistry/organic-chemistry/ion-exchange-chromatography/,Software Download,C:\Users\meggletona\UTC Sheffield\Science Team - Documents\General\2026-27\Lessons\Applied Science\AAQ Applied Science\Unit F183 Analytical techniques in chemistry\Scheme of work (F183) Analytical techniques in chemistry.docx
https://www.studysmarter.co.uk/explanations/chemistry/physical-chemistry/giant-covalent-structures/,Software Download,C:\Users\meggletona\UTC Sheffield\Science Team - Documents\General\2026-27\Lessons\Applied Science\AAQ Applied Science\Unit F183 Analytical techniques in chemistry\Scheme of work (F183) Analytical techniques in chemistry.docx
https://www.studysmarter.co.uk/explanations/chemistry/physical-chemistry/metals-non-metals-and-metalloids/,Software Download,C:\Users\meggletona\UTC Sheffield\Science Team - Documents\General\2026-27\Lessons\Applied Science\AAQ Applied Science\Unit F183 Analytical techniques in chemistry\Scheme of work (F183) Analytical techniques in chemistry.docx
https://www.studysmarter.co.uk/explanations/environmental-science/living-environment/ecological-terms/,Software Download,C:\Users\meggletona\UTC Sheffield\Science Team - Documents\General\2026-27\Lessons\Applied Science\AAQ Applied Science\Unit F180 Fundamentals of science\Scheme of work Fundamentals of science (F180).docx
https://www.studysmarter.co.uk/explanations/psychology/cognition/primary-and-secondary-data/,Software Download,C:\Users\meggletona\UTC Sheffield\Science Team - Documents\General\2026-27\Lessons\Applied Science\AAQ Applied Science\Unit F181 Science in society\Scheme of work Science in society (F181) (1).docx
https://www.systems-thinking.org/dikw/dikw.htm,Software Download,"C:\Users\meggletona\UTC Sheffield\Computing Staff - General\Archives\Archive July 2026\Teaching Resources\T-Levels\Content bank\2024 - 2025 lessons and content (Production, Design and Development)\Resources\data-topic-lesson-plans.pdf"
https://www.testnbug.com/2015/04/what-is-test-plan-in-software-testing-what-does-it-have-in-its-bag/,Blog/Forum,"C:\Users\meggletona\UTC Sheffield\Computing Staff - General\Archives\Archive July 2026\Teaching Resources\T-Levels\Content bank\2024 - 2025 lessons and content (Production, Design and Development)\Resources\testing-intro-powerpoint.pptx"
https://www.thebiologyjotterbook.com/post/tips-for-drawing-graphs-in-biology,Blog/Forum,C:\Users\meggletona\UTC Sheffield\Science Team - Documents\General\2026-27\Lessons\Applied Science\AAQ Applied Science\Unit F181 Science in society\Scheme of work Science in society (F181) (1).docx
https://www.tiktok.com/legal/page/us/privacy-policy/en,Streaming &amp; Downloadable Video,C:\Users\meggletona\UTC Sheffield\Computing Staff - General\Archives\Archive July 2026\Teaching Resources\AAQ Data Analytics\F201 mandatory unit - Big data and machine learning\Scheme of work Big data and machine learning (F201).docx
https://www.tpsearchtool.com/images/what-is-metadata-with-examples-data-terminology,Software Download,"C:\Users\meggletona\UTC Sheffield\Computing Staff - General\Archives\Archive July 2026\Teaching Resources\T-Levels\2025 - 2026 Year 1 (Software Development)\HCH - units 3, 5 and 6\Unit 6 - Data\6.6 Structures for storing data\6.6 Structures for storing data.pptx|C:\Users\meggletona\UTC Sheffield\Computing Staff - General\Archives\Archive July 2026\Teaching Resources\T-Levels\2025 - 2026 Year 1 (Software Development)\HCH - units 3, 5 and 6\Unit 6 - Data\6.7 Data dimensions and maintainance\6.7 Data dimensions and maintenance.pptx"
https://www.upworthy.com/under-french-law-businesses-cant-email-employees-after-work-hours-rp2,Streaming &amp; Downloadable Video,"C:\Users\meggletona\UTC Sheffield\Computing Staff - General\Archives\Archive July 2026\Teaching Resources\T-Levels\2025 - 2026 Year 1 (Software Development)\HCH - units 3, 5 and 6\Unit 3 - Emerging issues\3.1 Impact of digital technologies\3.1.1 Digital impact on culture.pptx"
https://www.welovetypography.com,Blog/Forum,C:\Users\meggletona\UTC Sheffield\Computing Staff - General\Archives\Archive July 2026\Teaching Resources\NCFE\Unit 4\Spec.pdf
https://www.wired.co.uk/article/creepy-rise-bossware,Streaming &amp; Downloadable Video,"C:\Users\meggletona\UTC Sheffield\Computing Staff - General\Archives\Archive July 2026\Teaching Resources\T-Levels\Content bank\2024 - 2025 lessons and content (Production, Design and Development)\Resources\t-level-digital-core-sow.docx"
https://www.wired.com/2016/08/hackers-trick-facial-recognition-logins-photos-facebook-thanks-zuck/,Streaming &amp; Downloadable Video,C:\Users\meggletona\UTC Sheffield\Computing Staff - General\Archives\Archive July 2026\Teaching Resources\ALevel Computing\Comp1\Unit 9 Legal-moral-ethical-and-cultural-issues\Unit 9 Legal and cultural issues\T3 Privacy and censorship\Unit 9 Worksheet 3 Answers.docx
https://www.wired.com/insights/2014/09/artificial-,Streaming &amp; Downloadable Video,"C:\Users\meggletona\UTC Sheffield\Computing Staff - General\Archives\Archive July 2026\Teaching Resources\T-Levels\Content bank\2024 - 2025 lessons and content (Production, Design and Development)\Resources\problem-solving-topic-lesson-plans.pdf"
https://www.yodiz.com/blog/8-types-of-marketing-,Webmail,"C:\Users\meggletona\UTC Sheffield\Computing Staff - General\Archives\Archive July 2026\Teaching Resources\T-Levels\Content bank\2024 - 2025 lessons and content (Production, Design and Development)\Resources\bus-contexts-topic-lesson-plans.pdf"
